Time,Open,High,Low,Close,Volume
2023.01.03 00:00	1826.63	1832.28	1823.58	1828.38	9405
2023.01.03 04:00	1828.38	1842.96	1828.19	1840.28	14100
2023.01.03 08:00	1840.26	1849.88	1834.44	1838.73	27492
2023.01.03 12:00	1838.64	1841.02	1830.73	1838.8	22982
2023.01.03 16:00	1838.83	1849.73	1827.41	1839.18	37248
2023.01.03 20:00	1839.17	1840.14	1836.41	1839.32	17390
2023.01.04 00:00	1838.42	1844.4	1836.02	1844.27	9354
2023.01.04 04:00	1844.19	1846.99	1843.31	1846.3	11765
2023.01.04 08:00	1846.31	1865.01	1845.59	1860.42	25371
2023.01.04 12:00	1860.44	1862.72	1852.68	1859.98	26229
2023.01.04 16:00	1859.9	1860.77	1848.83	1850.38	43527
2023.01.04 20:00	1850.37	1857.05	1846.96	1854.5	24321
2023.01.05 00:00	1854.22	1858.84	1853.68	1858.68	9138
2023.01.05 04:00	1858.67	1858.67	1850.11	1852.46	13536
2023.01.05 08:00	1852.5	1855.5	1843.66	1848.42	22730
2023.01.05 12:00	1848.56	1851.17	1832.83	1834.63	27848
2023.01.05 16:00	1834.62	1837.72	1824.95	1833.8	40308
2023.01.05 20:00	1833.76	1837.32	1831.81	1832.85	16199
2023.01.06 00:00	1830.04	1835.96	1830.03	1835.4	7012
2023.01.06 04:00	1835.35	1840.71	1835.34	1836.91	12154
2023.01.06 08:00	1836.92	1840.48	1833.14	1835.36	14925
2023.01.06 12:00	1835.4	1852.43	1833.95	1851.69	27150
2023.01.06 16:00	1851.64	1864.91	1840.54	1862.25	47824
2023.01.06 20:00	1862.28	1869.75	1861.6	1865.75	15097
2023.01.09 00:00	1867.25	1875.11	1866.18	1874.25	10590
2023.01.09 04:00	1874.26	1879.35	1874.07	1877.8	12673
2023.01.09 08:00	1877.81	1880.84	1871.16	1873.47	20836
2023.01.09 12:00	1873.48	1878.28	1870.4	1878.07	19722
2023.01.09 16:00	1878.04	1881.36	1868.92	1871.71	35073
2023.01.09 20:00	1871.72	1875.69	1869.08	1871.56	16850
2023.01.10 00:00	1871.25	1875.74	1867.63	1874.26	9417
2023.01.10 04:00	1874.3	1875.5	1870.52	1873.89	11645
2023.01.10 08:00	1873.92	1877.21	1870.44	1876.71	20157
2023.01.10 12:00	1876.71	1876.99	1870.24	1873.21	23610
2023.01.10 16:00	1873.24	1880.59	1871.02	1874.09	41824
2023.01.10 20:00	1874.1	1878.6	1871.83	1876.78	12803
2023.01.11 00:00	1876.52	1878.32	1871.88	1872.86	7803
2023.01.11 04:00	1872.84	1884.49	1872.15	1882.24	12762
2023.01.11 08:00	1882.27	1886.47	1880.2	1884.54	21851
2023.01.11 12:00	1884.48	1885.97	1875.67	1877.45	24479
2023.01.11 16:00	1877.48	1879.04	1866.96	1873.68	36036
2023.01.11 20:00	1873.68	1878.39	1872.84	1875.58	13537
2023.01.12 00:00	1875.0	1880.97	1874.3	1880.4	9396
2023.01.12 04:00	1880.38	1884.87	1879.99	1883.53	11640
2023.01.12 08:00	1883.52	1885.31	1879.74	1884.22	18004
2023.01.12 12:00	1884.23	1901.48	1870.41	1899.41	30676
2023.01.12 16:00	1899.44	1901.25	1879.66	1897.54	54306
2023.01.12 20:00	1897.54	1899.39	1893.92	1896.66	19353
2023.01.13 00:00	1895.88	1900.79	1895.16	1898.62	11946
2023.01.13 04:00	1898.66	1899.71	1892.15	1893.53	13859
2023.01.13 08:00	1893.54	1909.57	1893.37	1904.25	27342
2023.01.13 12:00	1904.24	1906.82	1893.51	1899.91	28317
2023.01.13 16:00	1899.93	1917.75	1899.02	1916.78	38563
2023.01.13 20:00	1916.75	1921.84	1916.61	1920.12	15003
2023.01.16 00:00	1919.03	1924.4	1916.64	1924.02	12311
2023.01.16 04:00	1924.01	1928.78	1916.8	1919.34	13949
2023.01.16 08:00	1919.36	1920.68	1910.75	1917.45	20787
2023.01.16 12:00	1917.46	1919.2	1911.29	1913.29	19038
2023.01.16 16:00	1913.26	1917.0	1912.42	1913.78	14111
2023.01.16 20:00	1913.79	1915.55	1913.69	1915.41	1225
2023.01.17 00:00	1914.84	1918.93	1912.72	1912.92	9743
2023.01.17 04:00	1912.92	1916.14	1907.99	1910.89	14584
2023.01.17 08:00	1910.89	1911.79	1905.81	1906.5	20584
2023.01.17 12:00	1906.5	1914.34	1904.11	1912.9	25748
2023.01.17 16:00	1912.88	1916.54	1905.09	1907.05	37997
2023.01.17 20:00	1907.1	1910.8	1903.66	1908.4	14253
2023.01.18 00:00	1908.4	1909.04	1906.24	1908.66	7555
2023.01.18 04:00	1908.66	1910.26	1896.43	1897.78	23539
2023.01.18 08:00	1897.81	1915.86	1897.64	1914.74	28962
2023.01.18 12:00	1914.72	1924.17	1911.1	1921.2	27966
2023.01.18 16:00	1921.21	1925.79	1901.47	1905.16	48050
2023.01.18 20:00	1905.32	1906.42	1902.2	1904.12	13847
2023.01.19 00:00	1904.39	1909.44	1901.26	1901.83	11868
2023.01.19 04:00	1901.83	1910.81	1900.84	1909.95	15433
2023.01.19 08:00	1909.95	1916.63	1906.27	1910.28	22149
2023.01.19 12:00	1910.31	1913.33	1906.54	1913.07	27796
2023.01.19 16:00	1913.12	1923.2	1912.71	1919.97	38748
2023.01.19 20:00	1920.0	1935.08	1919.68	1932.03	22946
2023.01.20 00:00	1931.84	1934.74	1929.29	1931.6	9236
2023.01.20 04:00	1931.57	1932.42	1923.05	1927.81	12614
2023.01.20 08:00	1927.82	1937.37	1926.08	1929.3	23036
2023.01.20 12:00	1929.29	1931.25	1923.78	1924.05	26117
2023.01.20 16:00	1924.05	1930.85	1920.56	1925.1	36284
2023.01.20 20:00	1925.12	1930.92	1924.61	1925.75	14893
2023.01.23 00:00	1925.74	1933.59	1923.59	1932.34	7509
2023.01.23 04:00	1932.31	1935.36	1925.91	1926.02	8333
2023.01.23 08:00	1926.02	1927.29	1918.77	1925.81	16156
2023.01.23 12:00	1925.84	1929.23	1918.73	1921.81	19099
2023.01.23 16:00	1921.76	1926.2	1911.33	1923.84	28024
2023.01.23 20:00	1924.05	1931.67	1923.63	1930.78	14752
2023.01.24 00:00	1930.91	1935.67	1930.52	1935.62	5801
2023.01.24 04:00	1935.62	1936.95	1931.72	1933.95	8128
2023.01.24 08:00	1933.93	1942.34	1933.77	1936.0	20002
2023.01.24 12:00	1936.0	1939.29	1930.28	1932.36	21865
2023.01.24 16:00	1932.36	1936.54	1917.03	1933.79	44717
2023.01.24 20:00	1933.76	1938.17	1932.96	1937.13	14224
2023.01.25 00:00	1936.99	1938.74	1934.84	1937.27	6198
2023.01.25 04:00	1937.41	1939.51	1925.69	1927.41	10301
2023.01.25 08:00	1927.41	1933.72	1926.16	1927.86	18540
2023.01.25 12:00	1927.86	1928.42	1919.75	1922.2	23323
2023.01.25 16:00	1922.19	1940.39	1921.63	1937.2	42238
2023.01.25 20:00	1937.35	1947.93	1937.35	1945.98	17819
2023.01.26 00:00	1946.43	1949.03	1942.37	1945.4	7030
2023.01.26 04:00	1945.41	1948.64	1943.52	1947.43	8950
2023.01.26 08:00	1947.43	1948.87	1933.76	1936.7	21677
2023.01.26 12:00	1936.67	1939.49	1930.98	1937.53	23420
2023.01.26 16:00	1937.62	1942.24	1918.46	1926.55	45222
2023.01.26 20:00	1926.49	1933.01	1926.35	1928.95	14558
2023.01.27 00:00	1927.9	1934.77	1927.04	1930.02	7523
2023.01.27 04:00	1930.03	1931.04	1919.63	1925.01	10894
2023.01.27 08:00	1925.0	1928.08	1922.0	1925.46	16298
2023.01.27 12:00	1925.51	1934.9	1925.04	1928.7	21097
2023.01.27 16:00	1928.64	1932.05	1916.59	1928.45	38402
2023.01.27 20:00	1928.45	1931.9	1925.97	1928.0	12360
2023.01.30 00:00	1927.74	1930.85	1924.61	1927.58	9484
2023.01.30 04:00	1927.63	1934.32	1924.24	1931.23	15533
2023.01.30 08:00	1931.22	1932.01	1920.55	1924.57	20519
2023.01.30 12:00	1924.57	1930.63	1921.92	1929.0	21166
2023.01.30 16:00	1929.04	1929.45	1921.84	1924.22	29549
2023.01.30 20:00	1924.23	1924.56	1920.67	1923.03	12091
2023.01.31 00:00	1922.42	1927.33	1921.03	1925.07	7596
2023.01.31 04:00	1925.12	1926.35	1916.88	1917.21	11708
2023.01.31 08:00	1917.2	1917.23	1902.55	1903.69	22031
2023.01.31 12:00	1903.71	1920.19	1900.73	1919.55	26937
2023.01.31 16:00	1919.56	1930.43	1918.37	1929.47	40701
2023.01.31 20:00	1929.52	1931.03	1927.12	1928.01	14798
2023.02.01 00:00	1928.15	1928.68	1925.5	1926.95	6492
2023.02.01 04:00	1926.92	1928.38	1924.46	1925.99	8693
2023.02.01 08:00	1925.96	1929.17	1923.21	1925.0	16873
2023.02.01 12:00	1925.0	1933.09	1923.63	1929.21	20742
2023.02.01 16:00	1929.25	1932.79	1920.37	1925.53	37284
2023.02.01 20:00	1925.56	1954.4	1921.06	1949.87	40790
2023.02.02 00:00	1951.03	1957.17	1950.7	1952.67	13215
2023.02.02 04:00	1952.62	1954.4	1951.41	1952.44	10411
2023.02.02 08:00	1952.46	1959.67	1951.12	1956.33	20868
2023.02.02 12:00	1956.35	1957.15	1943.19	1944.17	29999
2023.02.02 16:00	1944.09	1947.13	1911.77	1912.12	55513
2023.02.02 20:00	1912.15	1918.51	1911.17	1912.51	24131
2023.02.03 00:00	1911.79	1918.07	1911.47	1917.66	9834
2023.02.03 04:00	1917.62	1918.52	1913.68	1914.85	12394
2023.02.03 08:00	1914.86	1918.11	1909.97	1913.26	20821
2023.02.03 12:00	1913.28	1917.0	1882.65	1886.66	29496
2023.02.03 16:00	1886.64	1886.64	1862.62	1863.42	58005
2023.02.03 20:00	1863.42	1866.86	1861.27	1865.52	20830
2023.02.06 00:00	1861.25	1873.43	1859.54	1872.7	14458
2023.02.06 04:00	1872.62	1878.56	1871.53	1877.99	15204
2023.02.06 08:00	1877.99	1881.24	1870.03	1873.15	22848
2023.02.06 12:00	1873.15	1873.99	1868.1	1871.53	25590
2023.02.06 16:00	1871.55	1875.66	1862.9	1865.89	42412
2023.02.06 20:00	1865.87	1871.17	1864.16	1867.49	16745
2023.02.07 00:00	1867.17	1873.42	1866.93	1873.41	7499
2023.02.07 04:00	1873.44	1875.49	1871.54	1874.83	11993
2023.02.07 08:00	1874.86	1877.83	1870.98	1873.25	22283
2023.02.07 12:00	1873.25	1875.35	1865.48	1869.78	23482
2023.02.07 16:00	1869.75	1884.32	1866.58	1880.51	39931
2023.02.07 20:00	1880.51	1882.64	1864.88	1873.58	33885
2023.02.08 00:00	1872.99	1878.33	1871.21	1875.92	7756
2023.02.08 04:00	1875.94	1878.18	1874.15	1876.83	9800
2023.02.08 08:00	1876.82	1886.29	1873.1	1885.87	22300
2023.02.08 12:00	1885.87	1885.87	1872.49	1877.63	21458
2023.02.08 16:00	1877.61	1883.01	1868.89	1875.63	37717
2023.02.08 20:00	1875.66	1879.77	1873.73	1875.33	14779
2023.02.09 00:00	1875.41	1876.84	1871.9	1876.84	7302
2023.02.09 04:00	1876.8	1881.23	1876.57	1878.94	10054
2023.02.09 08:00	1878.98	1885.36	1876.75	1882.99	18857
2023.02.09 12:00	1882.99	1889.63	1879.59	1889.45	22565
2023.02.09 16:00	1889.4	1890.11	1862.88	1868.32	41017
2023.02.09 20:00	1868.33	1869.6	1858.79	1861.51	22022
2023.02.10 00:00	1861.77	1865.34	1858.89	1862.02	8662
2023.02.10 04:00	1861.98	1863.34	1852.62	1860.01	12758
2023.02.10 08:00	1859.99	1872.18	1857.47	1864.03	31702
2023.02.10 12:00	1864.03	1868.49	1860.36	1866.87	26669
2023.02.10 16:00	1866.89	1868.41	1856.34	1861.62	36640
2023.02.10 20:00	1861.61	1865.59	1861.06	1865.17	11944
2023.02.13 00:00	1864.6	1865.23	1858.0	1861.32	9360
2023.02.13 04:00	1861.26	1862.35	1856.88	1859.51	11420
2023.02.13 08:00	1859.54	1866.53	1854.49	1856.99	20673
2023.02.13 12:00	1856.98	1862.97	1853.73	1856.79	20113
2023.02.13 16:00	1856.8	1859.25	1850.54	1851.43	29952
2023.02.13 20:00	1851.46	1855.64	1850.38	1853.37	11506
2023.02.14 00:00	1853.25	1856.57	1853.09	1856.55	6774
2023.02.14 04:00	1856.54	1859.35	1855.49	1859.17	9198
2023.02.14 08:00	1859.18	1864.76	1857.7	1862.47	17719
2023.02.14 12:00	1862.47	1870.52	1848.25	1862.38	28914
2023.02.14 16:00	1862.41	1866.2	1843.13	1849.68	56865
2023.02.14 20:00	1849.67	1858.77	1849.43	1854.28	17304
2023.02.15 00:00	1854.08	1859.19	1853.32	1858.82	7657
2023.02.15 04:00	1858.8	1859.96	1845.05	1846.25	13155
2023.02.15 08:00	1846.19	1846.43	1831.7	1835.61	24254
2023.02.15 12:00	1835.57	1838.82	1831.66	1834.63	23811
2023.02.15 16:00	1834.61	1838.59	1830.27	1834.82	35144
2023.02.15 20:00	1834.83	1838.54	1833.6	1835.74	13332
2023.02.16 00:00	1835.94	1842.13	1834.37	1841.21	9644
2023.02.16 04:00	1841.2	1842.53	1835.19	1836.87	11602
2023.02.16 08:00	1836.89	1844.69	1834.09	1835.41	18492
2023.02.16 12:00	1835.37	1840.23	1827.56	1830.76	22681
2023.02.16 16:00	1830.77	1843.8	1827.48	1842.29	38225
2023.02.16 20:00	1842.29	1845.15	1835.79	1836.28	17492
2023.02.17 00:00	1836.54	1836.69	1828.71	1828.82	7959
2023.02.17 04:00	1828.82	1830.48	1823.93	1827.4	11298
2023.02.17 08:00	1827.28	1828.09	1818.82	1825.72	20441
2023.02.17 12:00	1825.67	1830.21	1821.74	1827.47	20625
2023.02.17 16:00	1827.47	1842.73	1822.55	1840.73	38620
2023.02.17 20:00	1840.77	1843.51	1840.16	1842.28	13337
2023.02.20 00:00	1840.62	1841.87	1837.21	1840.29	8283
2023.02.20 04:00	1840.2	1844.75	1839.34	1844.38	10817
2023.02.20 08:00	1844.36	1847.38	1840.93	1843.79	15775
2023.02.20 12:00	1843.8	1846.74	1842.49	1846.25	14013
2023.02.20 16:00	1846.25	1846.95	1840.64	1840.71	12543
2023.02.20 20:00	1840.71	1841.51	1840.39	1841.07	1190
2023.02.21 00:00	1841.41	1843.62	1839.88	1842.21	6861
2023.02.21 04:00	1842.22	1843.31	1836.93	1839.59	9895
2023.02.21 08:00	1839.62	1839.62	1830.97	1835.4	19596
2023.02.21 12:00	1835.4	1836.99	1830.11	1836.67	20123
2023.02.21 16:00	1836.77	1843.7	1832.04	1836.72	38013
2023.02.21 20:00	1836.64	1837.36	1831.67	1834.8	12175
2023.02.22 00:00	1834.47	1838.3	1834.12	1836.17	8218
2023.02.22 04:00	1836.13	1837.36	1834.46	1836.8	9557
2023.02.22 08:00	1836.85	1841.06	1832.81	1833.86	16280
2023.02.22 12:00	1833.85	1845.88	1831.96	1838.49	23903
2023.02.22 16:00	1838.44	1838.99	1830.56	1833.09	34047
2023.02.22 20:00	1833.11	1834.1	1823.43	1825.08	24002
2023.02.23 00:00	1824.92	1828.69	1823.06	1827.57	6851
2023.02.23 04:00	1827.55	1830.35	1826.24	1828.79	9445
2023.02.23 08:00	1828.79	1833.71	1825.48	1826.14	15697
2023.02.23 12:00	1826.19	1828.31	1817.28	1825.4	21809
2023.02.23 16:00	1825.4	1829.98	1818.32	1821.13	37449
2023.02.23 20:00	1821.1	1824.04	1819.09	1822.14	13274
2023.02.24 00:00	1822.26	1826.98	1821.93	1825.9	10579
2023.02.24 04:00	1825.86	1827.68	1823.95	1824.49	10088
2023.02.24 08:00	1824.47	1826.19	1819.59	1821.45	16468
2023.02.24 12:00	1821.43	1824.11	1811.4	1815.49	25473
2023.02.24 16:00	1815.72	1815.8	1808.84	1809.82	38966
2023.02.24 20:00	1809.82	1813.33	1808.84	1810.59	14398
2023.02.27 00:00	1810.53	1814.08	1810.29	1813.69	9214
2023.02.27 04:00	1813.68	1813.86	1806.45	1808.59	12731
2023.02.27 08:00	1808.57	1813.66	1807.04	1808.36	17640
2023.02.27 12:00	1808.4	1816.25	1808.2	1815.14	20528
2023.02.27 16:00	1815.09	1819.95	1812.48	1818.51	30698
2023.02.27 20:00	1818.52	1820.07	1815.88	1817.09	13060
2023.02.28 00:00	1816.8	1818.02	1815.26	1817.16	5777
2023.02.28 04:00	1817.23	1819.32	1812.09	1813.3	9878
2023.02.28 08:00	1813.27	1816.81	1804.6	1810.28	18460
2023.02.28 12:00	1810.31	1814.06	1807.16	1813.93	17986
2023.02.28 16:00	1813.95	1831.06	1812.88	1829.16	37588
2023.02.28 20:00	1829.1	1830.72	1826.2	1826.61	15024
2023.03.01 00:00	1826.69	1829.31	1822.94	1829.01	8032
2023.03.01 04:00	1828.98	1832.6	1827.17	1830.98	11148
2023.03.01 08:00	1830.98	1837.88	1830.27	1831.61	19114
2023.03.01 12:00	1831.64	1841.58	1830.68	1837.09	22119
2023.03.01 16:00	1837.02	1844.41	1833.33	1837.06	38922
2023.03.01 20:00	1837.14	1838.99	1836.39	1836.47	12656
2023.03.02 00:00	1836.59	1838.38	1831.0	1832.93	8108
2023.03.02 04:00	1832.99	1835.88	1832.1	1833.41	9328
2023.03.02 08:00	1833.4	1835.11	1829.81	1831.85	16694
2023.03.02 12:00	1831.83	1837.51	1829.97	1832.1	22774
2023.03.02 16:00	1832.08	1838.83	1831.87	1833.65	30914
2023.03.02 20:00	1833.73	1837.92	1832.73	1835.49	13862
2023.03.03 00:00	1835.54	1841.36	1835.41	1838.66	7216
2023.03.03 04:00	1838.63	1841.02	1837.71	1838.92	8923
2023.03.03 08:00	1838.95	1847.25	1838.84	1845.69	15710
2023.03.03 12:00	1845.84	1849.08	1844.41	1846.82	17514
2023.03.03 16:00	1846.82	1848.17	1838.9	1847.23	31070
2023.03.03 20:00	1847.23	1856.25	1846.47	1855.13	13759
2023.03.06 00:00	1854.56	1855.29	1850.56	1852.48	8048
2023.03.06 04:00	1852.46	1856.31	1850.89	1854.13	9490
2023.03.06 08:00	1854.15	1858.15	1850.4	1851.28	16327
2023.03.06 12:00	1851.3	1853.1	1847.14	1851.41	18504
2023.03.06 16:00	1851.41	1853.89	1848.29	1850.26	28034
2023.03.06 20:00	1850.26	1850.27	1845.01	1846.51	11798
2023.03.07 00:00	1846.55	1848.32	1843.93	1847.76	6027
2023.03.07 04:00	1847.79	1850.29	1846.41	1847.28	9061
2023.03.07 08:00	1847.28	1851.51	1843.28	1843.7	14560
2023.03.07 12:00	1843.71	1844.2	1833.28	1835.36	18375
2023.03.07 16:00	1835.33	1835.41	1815.45	1816.92	46645
2023.03.07 20:00	1816.99	1818.0	1812.55	1812.87	16942
2023.03.08 00:00	1813.35	1814.26	1811.21	1812.19	7556
2023.03.08 04:00	1812.16	1812.82	1809.26	1811.9	10045
2023.03.08 08:00	1811.92	1815.09	1811.28	1813.62	13714
2023.03.08 12:00	1813.6	1816.48	1812.1	1813.51	18302
2023.03.08 16:00	1813.51	1824.13	1812.86	1815.49	38807
2023.03.08 20:00	1815.48	1816.26	1812.73	1813.6	13347
2023.03.09 00:00	1813.32	1816.34	1812.07	1812.17	6611
2023.03.09 04:00	1812.16	1815.89	1811.76	1814.96	7836
2023.03.09 08:00	1814.96	1818.99	1812.65	1816.91	13803
2023.03.09 12:00	1817.02	1825.18	1815.31	1825.01	18326
2023.03.09 16:00	1825.03	1835.57	1823.8	1829.21	33826
2023.03.09 20:00	1829.21	1834.89	1828.1	1830.66	21512
2023.03.10 00:00	1831.08	1834.74	1829.95	1830.9	9267
2023.03.10 04:00	1830.91	1833.11	1827.59	1830.91	13331
2023.03.10 08:00	1830.89	1837.18	1830.04	1831.52	19962
2023.03.10 12:00	1831.57	1844.88	1830.73	1842.37	27383
2023.03.10 16:00	1842.34	1867.26	1839.85	1864.06	56478
2023.03.10 20:00	1864.08	1870.01	1860.7	1866.85	23451
2023.03.13 00:00	1881.12	1894.15	1872.03	1872.91	27881
2023.03.13 04:00	1872.88	1888.76	1872.33	1877.75	18237
2023.03.13 08:00	1877.75	1893.66	1871.41	1885.75	35041
2023.03.13 12:00	1885.73	1909.65	1880.82	1896.6	59944
2023.03.13 16:00	1896.52	1912.94	1896.22	1909.63	54494
2023.03.13 20:00	1909.68	1914.46	1907.83	1913.29	19963
2023.03.14 00:00	1913.45	1913.99	1905.19	1906.05	13326
2023.03.14 04:00	1905.98	1907.82	1901.38	1903.89	13154
2023.03.14 08:00	1903.89	1913.36	1900.64	1901.04	33324
2023.03.14 12:00	1901.1	1911.86	1895.28	1902.17	43351
2023.03.14 16:00	1902.18	1910.16	1900.05	1906.67	37653
2023.03.14 20:00	1906.68	1909.66	1902.14	1903.76	17654
2023.03.15 00:00	1903.69	1905.05	1899.81	1903.58	9873
2023.03.15 04:00	1903.58	1905.56	1899.03	1900.09	10892
2023.03.15 08:00	1900.11	1902.27	1885.59	1896.19	26937
2023.03.15 12:00	1896.23	1930.22	1896.04	1925.98	59507
2023.03.15 16:00	1925.99	1937.22	1917.39	1924.27	49913
2023.03.15 20:00	1924.3	1926.17	1908.86	1918.02	20652
2023.03.16 00:00	1918.02	1924.32	1907.39	1910.99	17793
2023.03.16 04:00	1910.98	1920.15	1909.26	1919.79	15598
2023.03.16 08:00	1919.75	1922.41	1912.32	1921.7	27668
2023.03.16 12:00	1921.71	1933.34	1918.54	1923.65	39067
2023.03.16 16:00	1923.76	1932.26	1913.25	1916.1	52377
2023.03.16 20:00	1916.11	1921.05	1916.09	1919.25	14033
2023.03.17 00:00	1920.49	1922.69	1918.12	1922.67	10032
2023.03.17 04:00	1922.63	1932.76	1922.05	1929.32	13836
2023.03.17 08:00	1929.32	1934.25	1927.23	1932.15	21177
2023.03.17 12:00	1932.17	1952.05	1929.15	1950.51	36448
2023.03.17 16:00	1950.62	1975.11	1949.67	1972.72	46164
2023.03.17 20:00	1972.7	1987.63	1970.22	1984.84	23897
2023.03.20 00:00	1984.49	1990.67	1967.99	1969.55	19968
2023.03.20 04:00	1969.49	1988.59	1969.06	1988.04	15118
2023.03.20 08:00	1988.06	2009.65	1981.72	1984.66	42911
2023.03.20 12:00	1984.63	1988.49	1972.37	1977.84	43893
2023.03.20 16:00	1977.88	1980.84	1965.64	1977.46	39684
2023.03.20 20:00	1977.47	1984.23	1976.03	1978.54	11747
2023.03.21 00:00	1978.29	1982.76	1975.26	1979.97	9590
2023.03.21 04:00	1979.96	1985.07	1979.04	1982.33	10355
2023.03.21 08:00	1982.34	1983.11	1962.73	1968.86	24460
2023.03.21 12:00	1968.92	1969.3	1951.94	1952.73	31266
2023.03.21 16:00	1952.71	1954.85	1936.53	1941.45	39766
2023.03.21 20:00	1941.45	1942.06	1935.26	1940.45	10029
2023.03.22 00:00	1939.43	1946.13	1939.14	1943.74	9730
2023.03.22 04:00	1943.71	1943.71	1937.77	1939.68	12170
2023.03.22 08:00	1939.65	1945.57	1934.06	1943.96	21997
2023.03.22 12:00	1943.92	1945.26	1936.94	1942.75	27185
2023.03.22 16:00	1942.76	1951.81	1942.49	1945.93	28339
2023.03.22 20:00	1946.04	1978.63	1945.96	1969.57	36510
2023.03.23 00:00	1969.96	1973.56	1964.35	1968.9	14903
2023.03.23 04:00	1968.88	1980.82	1968.7	1977.0	17540
2023.03.23 08:00	1976.99	1983.45	1974.14	1977.94	24275
2023.03.23 12:00	1978.01	1984.97	1966.54	1983.9	31116
2023.03.23 16:00	1984.08	1999.62	1977.54	1999.49	38742
2023.03.23 20:00	1999.49	2003.17	1987.92	1993.68	23433
2023.03.24 00:00	1992.69	1994.66	1989.59	1990.61	11976
2023.03.24 04:00	1990.64	1993.35	1989.27	1990.28	12561
2023.03.24 08:00	1990.28	1994.75	1981.12	1994.24	24873
2023.03.24 12:00	1994.29	2002.8	1988.49	1989.44	43221
2023.03.24 16:00	1989.46	1998.25	1975.49	1979.62	41520
2023.03.24 20:00	1979.65	1979.79	1975.08	1978.6	12272
2023.03.27 00:00	1975.93	1979.23	1969.18	1973.57	8962
2023.03.27 04:00	1973.62	1978.62	1971.99	1973.6	15633
2023.03.27 08:00	1973.61	1973.81	1965.81	1968.27	21882
2023.03.27 12:00	1968.24	1968.59	1944.23	1945.58	25682
2023.03.27 16:00	1945.73	1959.33	1943.86	1955.75	32123
2023.03.27 20:00	1955.65	1958.13	1950.62	1956.27	14194
2023.03.28 00:00	1956.35	1960.64	1956.08	1959.23	5596
2023.03.28 04:00	1959.26	1963.87	1957.19	1957.61	12737
2023.03.28 08:00	1957.58	1960.76	1949.65	1950.1	20808
2023.03.28 12:00	1950.11	1967.28	1948.99	1965.19	22821
2023.03.28 16:00	1965.2	1969.96	1958.84	1968.93	30542
2023.03.28 20:00	1968.94	1975.16	1968.73	1973.46	15103
2023.03.29 00:00	1973.3	1974.25	1969.84	1970.35	5025
2023.03.29 04:00	1970.38	1971.73	1965.69	1966.04	11980
2023.03.29 08:00	1966.05	1967.55	1958.53	1964.19	17176
2023.03.29 12:00	1964.2	1969.01	1962.31	1964.76	20732
2023.03.29 16:00	1964.79	1971.7	1960.54	1964.95	28920
2023.03.29 20:00	1964.95	1969.1	1960.99	1964.31	10956
2023.03.30 00:00	1963.79	1964.74	1960.63	1961.27	5321
2023.03.30 04:00	1961.46	1961.83	1955.17	1960.7	11298
2023.03.30 08:00	1960.7	1971.42	1960.09	1967.81	20384
2023.03.30 12:00	1967.82	1975.19	1966.81	1970.2	19017
2023.03.30 16:00	1970.17	1984.2	1963.8	1983.05	32839
2023.03.30 20:00	1983.25	1983.36	1978.04	1980.1	13532
2023.03.31 00:00	1980.05	1980.42	1977.52	1979.51	5869
2023.03.31 04:00	1979.51	1983.49	1978.95	1980.74	12543
2023.03.31 08:00	1980.73	1984.93	1973.03	1975.02	18370
2023.03.31 12:00	1975.32	1987.47	1975.32	1979.5	22252
2023.03.31 16:00	1979.5	1983.95	1974.73	1977.03	33643
2023.03.31 20:00	1977.08	1977.16	1966.73	1969.13	17597
2023.04.03 00:00	1969.99	1970.54	1956.54	1962.24	10036
2023.04.03 04:00	1962.25	1964.37	1949.61	1952.42	15903
2023.04.03 08:00	1952.44	1966.33	1950.69	1965.69	17144
2023.04.03 12:00	1965.8	1979.87	1962.95	1979.03	21485
2023.04.03 16:00	1979.11	1990.4	1972.25	1986.9	36689
2023.04.03 20:00	1986.89	1986.91	1981.76	1984.31	14428
2023.04.04 00:00	1984.23	1985.36	1982.12	1982.85	4293
2023.04.04 04:00	1982.89	1983.51	1977.66	1979.68	11051
2023.04.04 08:00	1979.65	1984.14	1976.77	1980.55	16516
2023.04.04 12:00	1980.52	1985.52	1978.39	1983.48	17338
2023.04.04 16:00	1983.49	2024.87	1983.29	2020.6	46145
2023.04.04 20:00	2020.6	2022.35	2017.7	2020.45	14445
2023.04.05 00:00	2019.99	2023.56	2019.32	2019.49	6183
2023.04.05 04:00	2019.48	2025.21	2019.48	2023.2	10883
2023.04.05 08:00	2023.2	2028.2	2022.59	2023.91	15739
2023.04.05 12:00	2023.89	2031.93	2021.43	2031.41	20855
2023.04.05 16:00	2031.43	2032.03	2009.84	2021.22	43100
2023.04.05 20:00	2021.22	2023.18	2018.93	2020.62	11579
2023.04.06 00:00	2020.55	2021.23	2016.92	2016.92	4024
2023.04.06 04:00	2016.95	2017.05	2007.84	2013.55	12779
2023.04.06 08:00	2013.57	2019.49	2011.72	2017.23	14876
2023.04.06 12:00	2017.25	2020.81	2011.1	2012.85	17657
2023.04.06 16:00	2012.75	2014.79	2000.72	2011.61	30468
2023.04.06 20:00	2011.57	2012.42	2005.63	2006.99	10931
2023.04.10 00:00	1989.63	2006.35	1989.61	1998.16	6600
2023.04.10 04:00	1998.25	2000.63	1988.73	1992.01	11535
2023.04.10 08:00	1991.98	1999.23	1991.19	1997.18	9698
2023.04.10 12:00	1997.17	2002.84	1988.99	1989.36	16466
2023.04.10 16:00	1989.36	1994.29	1981.52	1989.62	29739
2023.04.10 20:00	1989.63	1992.68	1987.51	1991.1	11638
2023.04.11 00:00	1990.94	1995.25	1990.31	1993.06	4407
2023.04.11 04:00	1993.11	1999.91	1988.66	1999.63	11889
2023.04.11 08:00	1999.63	2007.36	1997.63	2004.48	15251
2023.04.11 12:00	2004.48	2005.3	1998.1	1998.51	16705
2023.04.11 16:00	1998.47	2006.44	1995.47	2006.09	25878
2023.04.11 20:00	2006.08	2006.67	2000.89	2003.47	11013
2023.04.12 00:00	2003.15	2005.37	2002.91	2005.31	3679
2023.04.12 04:00	2005.25	2021.06	2003.78	2020.26	15060
2023.04.12 08:00	2020.22	2020.66	2008.87	2008.96	15678
2023.04.12 12:00	2008.96	2028.13	2006.14	2022.09	22511
2023.04.12 16:00	2022.11	2023.74	2001.16	2007.74	39817
2023.04.12 20:00	2007.77	2017.99	2006.26	2014.77	17548
2023.04.13 00:00	2014.4	2019.68	2013.62	2017.73	5701
2023.04.13 04:00	2017.73	2019.38	2015.55	2018.35	11104
2023.04.13 08:00	2018.35	2029.1	2015.12	2026.46	14802
2023.04.13 12:00	2026.45	2045.74	2024.96	2044.91	20740
2023.04.13 16:00	2044.9	2048.63	2033.49	2040.09	34423
2023.04.13 20:00	2040.13	2044.01	2036.49	2039.89	14505
2023.04.14 00:00	2040.09	2043.49	2038.55	2041.75	4356
2023.04.14 04:00	2041.75	2047.26	2040.95	2043.08	12252
2023.04.14 08:00	2043.12	2044.22	2031.68	2035.62	14169
2023.04.14 12:00	2035.6	2042.1	2017.17	2024.63	25330
2023.04.14 16:00	2024.61	2027.9	1992.25	1999.43	44075
2023.04.14 20:00	1999.49	2007.85	1998.48	2004.08	14872
2023.04.17 00:00	1998.14	2004.87	1997.92	2002.04	6368
2023.04.17 04:00	2002.04	2006.15	1995.24	2004.25	13749
2023.04.17 08:00	2004.26	2014.89	2003.66	2009.79	18906
2023.04.17 12:00	2009.77	2012.06	1999.0	2000.53	20534
2023.04.17 16:00	2000.51	2002.08	1981.03	1991.38	35900
2023.04.17 20:00	1991.36	1996.99	1991.22	1994.98	11573
2023.04.18 00:00	1994.7	1995.98	1993.16	1995.06	4390
2023.04.18 04:00	1995.02	2001.71	1994.38	1998.17	13292
2023.04.18 08:00	1998.2	2004.97	1996.32	2003.04	15292
2023.04.18 12:00	2003.06	2005.73	1999.0	2001.19	17270
2023.04.18 16:00	2001.21	2011.71	1991.13	2007.0	33734
2023.04.18 20:00	2007.05	2008.15	2003.31	2005.15	10548
2023.04.19 00:00	2005.05	2007.36	2004.38	2007.22	4767
2023.04.19 04:00	2007.2	2008.03	2001.87	2003.77	12672
2023.04.19 08:00	2003.77	2004.15	1976.49	1979.97	23685
2023.04.19 12:00	1979.81	1980.41	1969.09	1980.16	25939
2023.04.19 16:00	1980.16	1996.43	1979.18	1995.87	32931
2023.04.19 20:00	1995.87	1996.71	1993.5	1994.55	12912
2023.04.20 00:00	1993.93	1996.53	1993.0	1995.46	5841
2023.04.20 04:00	1995.5	1998.58	1990.33	1992.58	14314
2023.04.20 08:00	1992.6	2001.07	1991.24	1996.56	19671
2023.04.20 12:00	1996.56	2011.18	1992.24	2006.66	24065
2023.04.20 16:00	2006.66	2012.19	1998.91	2005.68	30281
2023.04.20 20:00	2005.69	2008.2	2002.11	2004.62	12264
2023.04.21 00:00	2003.81	2005.43	2001.67	2004.4	5369
2023.04.21 04:00	2004.45	2005.08	2000.21	2000.46	11349
2023.04.21 08:00	2000.47	2000.93	1981.83	1988.19	22048
2023.04.21 12:00	1988.19	1992.31	1982.06	1988.87	20042
2023.04.21 16:00	1988.86	1997.79	1971.49	1977.3	38544
2023.04.21 20:00	1977.3	1983.46	1977.25	1982.67	11586
2023.04.24 00:00	1981.04	1985.22	1980.97	1983.68	5485
2023.04.24 04:00	1983.74	1984.44	1978.13	1979.4	15141
2023.04.24 08:00	1979.42	1985.08	1976.34	1984.95	18330
2023.04.24 12:00	1984.97	1986.83	1980.93	1983.77	17998
2023.04.24 16:00	1983.81	1987.57	1973.99	1986.52	29738
2023.04.24 20:00	1986.52	1990.71	1986.46	1988.9	11776
2023.04.25 00:00	1988.85	2000.78	1988.53	1996.72	5999
2023.04.25 04:00	1996.85	2000.42	1990.84	1990.94	13657
2023.04.25 08:00	1990.9	1997.21	1986.79	1988.44	17754
2023.04.25 12:00	1988.46	1994.4	1975.96	1992.84	24937
2023.04.25 16:00	1992.78	1993.58	1983.23	1990.44	31133
2023.04.25 20:00	1990.5	2003.7	1989.84	1996.95	18819
2023.04.26 00:00	1996.79	2002.33	1995.87	1997.73	7847
2023.04.26 04:00	1997.75	2000.67	1993.04	1995.43	14067
2023.04.26 08:00	1995.45	1999.17	1994.22	1997.55	17613
2023.04.26 12:00	1997.61	2001.66	1991.34	1997.88	24373
2023.04.26 16:00	1997.94	2009.19	1985.28	1986.5	41156
2023.04.26 20:00	1986.51	1991.45	1983.19	1989.2	19102
2023.04.27 00:00	1989.51	1992.08	1988.72	1991.35	5942
2023.04.27 04:00	1991.45	2000.76	1989.42	1999.49	15854
2023.04.27 08:00	1999.46	2003.21	1997.19	1998.07	18578
2023.04.27 12:00	1998.16	2003.06	1981.71	1985.76	24189
2023.04.27 16:00	1985.75	1988.73	1974.05	1984.17	35970
2023.04.27 20:00	1984.27	1991.02	1983.52	1987.67	14264
2023.04.28 00:00	1987.52	1987.91	1985.46	1985.74	5005
2023.04.28 04:00	1985.77	1991.39	1984.75	1987.24	17099
2023.04.28 08:00	1987.26	1989.49	1979.57	1983.31	21907
2023.04.28 12:00	1983.31	1987.37	1976.17	1984.05	21940
2023.04.28 16:00	1984.07	1994.88	1981.98	1991.36	35574
2023.04.28 20:00	1991.4	1992.72	1987.39	1989.22	12684
2023.05.01 00:00	1991.19	1991.7	1983.53	1983.84	6583
2023.05.01 04:00	1983.77	1986.25	1980.52	1984.13	10116
2023.05.01 08:00	1984.05	1984.08	1977.03	1977.21	11126
2023.05.01 12:00	1977.19	2005.17	1976.96	2003.8	20591
2023.05.01 16:00	2003.87	2005.9	1979.85	1981.5	37280
2023.05.01 20:00	1981.52	1983.91	1979.28	1982.39	13627
2023.05.02 00:00	1981.72	1983.58	1980.63	1982.01	4708
2023.05.02 04:00	1982.04	1985.09	1981.16	1982.06	9602
2023.05.02 08:00	1982.07	1985.6	1978.36	1981.23	15738
2023.05.02 12:00	1981.18	1990.0	1980.41	1985.54	18321
2023.05.02 16:00	1985.54	2019.25	1984.31	2015.0	48671
2023.05.02 20:00	2014.99	2018.26	2011.08	2016.5	17116
2023.05.03 00:00	2016.54	2016.92	2014.08	2016.24	4100
2023.05.03 04:00	2016.19	2019.38	2015.68	2015.85	6814
2023.05.03 08:00	2015.84	2018.61	2012.47	2015.51	12778
2023.05.03 12:00	2015.5	2017.35	2006.85	2013.6	18716
2023.05.03 16:00	2013.6	2026.7	2011.74	2023.94	31890
2023.05.03 20:00	2023.9	2040.27	2016.9	2038.3	35821
2023.05.04 00:00	2045.0	2079.08	2043.8	2054.26	13196
2023.05.04 04:00	2054.24	2054.76	2038.16	2044.16	15534
2023.05.04 08:00	2044.11	2045.28	2030.18	2034.32	22166
2023.05.04 12:00	2034.34	2044.81	2033.58	2036.81	27933
2023.05.04 16:00	2036.81	2059.44	2031.93	2050.69	62376
2023.05.04 20:00	2050.67	2050.93	2044.36	2050.02	28215
2023.05.05 00:00	2050.03	2050.03	2047.27	2048.79	3912
2023.05.05 04:00	2048.78	2052.82	2045.34	2048.41	12052
2023.05.05 08:00	2048.42	2049.49	2038.69	2039.8	18046
2023.05.05 12:00	2039.9	2040.16	2007.69	2010.24	25805
2023.05.05 16:00	2010.35	2018.65	1999.37	2016.99	46250
2023.05.05 20:00	2017.01	2018.82	2013.38	2016.5	16991
2023.05.08 00:00	2015.52	2018.47	2014.12	2017.87	5489
2023.05.08 04:00	2017.85	2024.48	2014.99	2023.55	11941
2023.05.08 08:00	2023.61	2024.56	2019.83	2022.39	12682
2023.05.08 12:00	2022.38	2026.82	2021.4	2025.95	17155
2023.05.08 16:00	2026.0	2029.25	2017.75	2026.98	31182
2023.05.08 20:00	2026.94	2027.82	2020.06	2021.28	13097
2023.05.09 00:00	2020.84	2022.29	2019.42	2019.99	4586
2023.05.09 04:00	2019.98	2026.68	2019.7	2025.51	10036
2023.05.09 08:00	2025.48	2028.62	2021.3	2025.17	15641
2023.05.09 12:00	2025.38	2032.69	2024.68	2026.79	19210
2023.05.09 16:00	2026.99	2032.5	2022.81	2030.88	29650
2023.05.09 20:00	2030.89	2037.48	2030.56	2034.3	13816
2023.05.10 00:00	2034.09	2038.08	2033.67	2036.36	4769
2023.05.10 04:00	2036.4	2036.97	2029.64	2030.61	9422
2023.05.10 08:00	2030.63	2032.87	2026.14	2028.34	14867
2023.05.10 12:00	2028.31	2048.1	2024.86	2045.52	21439
2023.05.10 16:00	2045.52	2046.62	2021.4	2027.65	47540
2023.05.10 20:00	2027.84	2034.08	2027.22	2030.07	18450
2023.05.11 00:00	2029.92	2035.31	2029.28	2035.14	4161
2023.05.11 04:00	2035.19	2036.22	2030.01	2030.94	10495
2023.05.11 08:00	2031.0	2032.99	2021.65	2022.44	19215
2023.05.11 12:00	2022.47	2040.98	2021.53	2037.35	29943
2023.05.11 16:00	2037.34	2037.96	2011.04	2015.58	44807
2023.05.11 20:00	2015.57	2017.58	2013.34	2014.89	16460
2023.05.12 00:00	2014.78	2017.4	2014.57	2015.68	5013
2023.05.12 04:00	2015.68	2016.23	2008.49	2011.75	14506
2023.05.12 08:00	2011.74	2012.5	2005.43	2006.53	20468
2023.05.12 12:00	2006.47	2015.71	2000.76	2014.01	21368
2023.05.12 16:00	2014.07	2022.44	2008.25	2013.49	38366
2023.05.12 20:00	2013.58	2016.34	2010.26	2010.74	12637
2023.05.15 00:00	2007.35	2011.94	2007.1	2011.84	4926
2023.05.15 04:00	2011.93	2018.7	2011.93	2014.08	12898
2023.05.15 08:00	2014.07	2020.77	2013.11	2017.25	17452
2023.05.15 12:00	2017.24	2019.1	2011.38	2016.97	20524
2023.05.15 16:00	2016.99	2022.06	2013.22	2020.14	29678
2023.05.15 20:00	2020.12	2021.35	2014.29	2016.24	11145
2023.05.16 00:00	2015.79	2016.56	2013.64	2015.6	4051
2023.05.16 04:00	2015.56	2018.2	2014.67	2016.1	10211
2023.05.16 08:00	2016.13	2017.59	2002.49	2010.0	21898
2023.05.16 12:00	2010.02	2014.8	2001.0	2011.91	22954
2023.05.16 16:00	2011.88	2012.35	1987.37	1987.49	45238
2023.05.16 20:00	1987.47	1991.14	1985.34	1988.72	18853
2023.05.17 00:00	1988.94	1992.89	1987.89	1991.94	4175
2023.05.17 04:00	1991.94	1992.89	1989.75	1991.34	12011
2023.05.17 08:00	1991.34	1991.68	1985.79	1986.02	19953
2023.05.17 12:00	1986.03	1988.86	1981.71	1984.76	21619
2023.05.17 16:00	1984.78	1987.9	1974.9	1983.71	39697
2023.05.17 20:00	1983.72	1984.41	1980.27	1981.42	15760
2023.05.18 00:00	1980.83	1983.64	1979.79	1983.42	3077
2023.05.18 04:00	1983.41	1985.9	1979.34	1979.72	13330
2023.05.18 08:00	1979.72	1981.36	1972.1	1975.23	21651
2023.05.18 12:00	1975.27	1978.79	1966.15	1966.89	22424
2023.05.18 16:00	1966.92	1968.11	1951.82	1955.54	42778
2023.05.18 20:00	1955.57	1958.83	1953.83	1957.28	13586
2023.05.19 00:00	1957.09	1959.61	1957.0	1957.52	4783
2023.05.19 04:00	1957.51	1964.05	1953.87	1962.42	15090
2023.05.19 08:00	1962.43	1968.6	1960.49	1964.58	20358
2023.05.19 12:00	1964.6	1968.18	1960.18	1960.79	22830
2023.05.19 16:00	1960.81	1984.07	1957.0	1978.25	52273
2023.05.19 20:00	1978.26	1983.15	1974.14	1977.53	17222
2023.05.22 00:00	1977.25	1981.4	1977.0	1980.88	6735
2023.05.22 04:00	1980.96	1982.21	1975.82	1976.19	15285
2023.05.22 08:00	1976.19	1980.63	1971.11	1980.56	20039
2023.05.22 12:00	1980.56	1982.52	1969.67	1975.39	21362
2023.05.22 16:00	1975.41	1978.62	1968.76	1974.41	33205
2023.05.22 20:00	1974.4	1978.83	1971.43	1971.58	12864
2023.05.23 00:00	1971.61	1972.46	1966.66	1967.14	5345
2023.05.23 04:00	1967.09	1968.49	1960.09	1963.24	16956
2023.05.23 08:00	1963.21	1964.48	1954.11	1959.74	21945
2023.05.23 12:00	1959.71	1962.53	1954.32	1958.72	20995
2023.05.23 16:00	1958.76	1974.58	1958.76	1973.01	40687
2023.05.23 20:00	1973.13	1977.58	1971.36	1974.8	17025
2023.05.24 00:00	1974.95	1977.15	1974.32	1974.88	4260
2023.05.24 04:00	1974.91	1978.54	1972.63	1977.49	15279
2023.05.24 08:00	1977.57	1980.45	1970.56	1976.23	20497
2023.05.24 12:00	1976.23	1985.19	1973.8	1979.75	21752
2023.05.24 16:00	1979.77	1980.73	1956.62	1958.95	36363
2023.05.24 20:00	1958.95	1965.11	1956.92	1957.08	16608
2023.05.25 00:00	1957.24	1961.72	1956.98	1959.29	5777
2023.05.25 04:00	1959.27	1960.06	1954.85	1957.75	15493
2023.05.25 08:00	1957.7	1964.66	1954.8	1961.92	20032
2023.05.25 12:00	1961.92	1963.91	1939.12	1943.51	24147
2023.05.25 16:00	1943.48	1953.93	1942.82	1943.49	39853
2023.05.25 20:00	1943.51	1944.87	1938.77	1940.6	13563
2023.05.26 00:00	1940.15	1942.94	1936.64	1940.76	5459
2023.05.26 04:00	1940.81	1948.82	1940.21	1947.77	13759
2023.05.26 08:00	1947.8	1957.15	1946.86	1952.5	19320
2023.05.26 12:00	1952.47	1954.03	1944.12	1947.24	19989
2023.05.26 16:00	1947.25	1951.71	1938.67	1943.99	37641
2023.05.26 20:00	1943.95	1947.47	1942.9	1946.58	11129
2023.05.29 00:00	1941.47	1946.12	1940.9	1941.47	5354
2023.05.29 04:00	1941.43	1946.04	1940.12	1945.65	10764
2023.05.29 08:00	1945.71	1948.77	1940.7	1945.18	13534
2023.05.29 12:00	1945.14	1949.6	1944.1	1948.72	11324
2023.05.29 16:00	1948.74	1949.52	1943.01	1943.38	13370
2023.05.29 20:00	1943.33	1943.95	1942.58	1943.07	894
2023.05.30 00:00	1942.89	1944.13	1940.9	1942.56	6139
2023.05.30 04:00	1942.57	1946.55	1937.83	1938.81	17005
2023.05.30 08:00	1938.79	1946.9	1931.86	1944.89	25820
2023.05.30 12:00	1944.85	1962.18	1942.26	1956.36	28216
2023.05.30 16:00	1956.38	1963.4	1950.45	1959.67	35710
2023.05.30 20:00	1959.67	1960.7	1957.61	1959.17	12616
2023.05.31 00:00	1959.04	1959.96	1957.3	1959.51	4067
2023.05.31 04:00	1959.51	1960.35	1953.53	1959.94	12958
2023.05.31 08:00	1959.94	1965.19	1955.11	1955.21	23698
2023.05.31 12:00	1955.05	1963.42	1954.8	1962.59	18632
2023.05.31 16:00	1962.62	1974.71	1960.46	1965.06	43648
2023.05.31 20:00	1965.01	1968.6	1962.27	1962.42	19893
2023.06.01 00:00	1962.13	1967.32	1962.13	1965.85	5194
2023.06.01 04:00	1965.82	1967.38	1961.9	1963.89	16218
2023.06.01 08:00	1963.89	1965.72	1953.25	1955.84	20218
2023.06.01 12:00	1955.89	1968.3	1955.2	1968.27	26893
2023.06.01 16:00	1968.26	1982.99	1965.91	1978.32	43405
2023.06.01 20:00	1978.3	1978.71	1975.52	1977.34	11150
2023.06.02 00:00	1977.22	1977.4	1975.41	1975.7	4282
2023.06.02 04:00	1975.81	1983.31	1973.91	1979.61	14526
2023.06.02 08:00	1979.63	1981.85	1974.91	1979.0	17790
2023.06.02 12:00	1978.98	1981.06	1968.53	1970.86	23974
2023.06.02 16:00	1970.89	1976.56	1952.12	1952.16	45787
2023.06.02 20:00	1952.14	1953.7	1947.44	1947.9	15459
2023.06.05 00:00	1946.76	1950.01	1945.57	1946.38	6673
2023.06.05 04:00	1946.38	1948.2	1943.82	1945.97	17346
2023.06.05 08:00	1945.94	1946.52	1938.41	1942.23	19793
2023.06.05 12:00	1942.23	1945.86	1938.0	1942.84	18827
2023.06.05 16:00	1942.81	1961.8	1942.58	1958.15	37934
2023.06.05 20:00	1958.18	1963.91	1957.19	1961.67	14421
2023.06.06 00:00	1961.49	1963.06	1960.27	1961.0	5083
2023.06.06 04:00	1961.0	1964.44	1958.92	1961.11	15559
2023.06.06 08:00	1961.11	1962.63	1956.7	1960.09	22083
2023.06.06 12:00	1960.09	1966.24	1959.74	1961.75	19300
2023.06.06 16:00	1961.74	1966.29	1954.22	1963.49	31975
2023.06.06 20:00	1963.48	1965.97	1962.22	1963.15	11409
2023.06.07 00:00	1962.99	1965.0	1962.53	1964.75	4253
2023.06.07 04:00	1964.81	1966.63	1962.79	1964.39	12227
2023.06.07 08:00	1964.38	1964.92	1954.85	1961.52	17035
2023.06.07 12:00	1961.51	1966.27	1957.07	1958.47	19189
2023.06.07 16:00	1958.4	1970.08	1940.76	1942.08	44655
2023.06.07 20:00	1942.09	1946.48	1939.62	1939.79	15161
2023.06.08 00:00	1940.16	1946.16	1939.4	1946.09	5878
2023.06.08 04:00	1946.11	1947.24	1944.35	1946.47	13732
2023.06.08 08:00	1946.47	1949.04	1942.67	1948.17	18586
2023.06.08 12:00	1948.18	1959.86	1944.84	1959.17	23274
2023.06.08 16:00	1959.21	1970.39	1957.0	1966.22	39758
2023.06.08 20:00	1966.14	1966.57	1961.66	1965.45	12817
2023.06.09 00:00	1965.51	1966.35	1963.24	1963.24	4093
2023.06.09 04:00	1963.31	1965.58	1962.27	1962.99	11517
2023.06.09 08:00	1963.01	1966.0	1960.51	1962.03	17628
2023.06.09 12:00	1962.05	1972.93	1961.54	1962.8	20981
2023.06.09 16:00	1962.78	1967.97	1956.48	1961.11	35227
2023.06.09 20:00	1961.1	1962.74	1959.53	1960.43	11081
2023.06.12 00:00	1959.73	1960.53	1957.85	1958.18	5360
2023.06.12 04:00	1958.21	1959.45	1954.12	1956.9	14444
2023.06.12 08:00	1956.87	1965.32	1956.5	1964.73	20602
2023.06.12 12:00	1964.75	1966.88	1960.95	1962.69	21296
2023.06.12 16:00	1962.72	1963.92	1949.07	1954.05	36804
2023.06.12 20:00	1954.05	1958.64	1953.09	1957.31	14017
2023.06.13 00:00	1956.97	1960.84	1956.65	1957.87	4367
2023.06.13 04:00	1957.85	1962.08	1955.8	1960.81	13517
2023.06.13 08:00	1960.83	1965.29	1958.16	1964.09	19078
2023.06.13 12:00	1964.13	1970.7	1947.43	1961.18	24863
2023.06.13 16:00	1961.26	1965.8	1941.92	1944.86	44509
2023.06.13 20:00	1944.81	1946.54	1939.91	1943.36	17325
2023.06.14 00:00	1942.97	1945.53	1942.02	1944.4	5106
2023.06.14 04:00	1944.4	1949.4	1943.95	1948.68	12164
2023.06.14 08:00	1948.67	1951.41	1945.12	1949.71	16794
2023.06.14 12:00	1949.72	1960.12	1945.67	1957.07	21296
2023.06.14 16:00	1957.07	1959.14	1954.81	1955.0	30033
2023.06.14 20:00	1954.98	1955.73	1939.53	1941.66	36254
2023.06.15 00:00	1941.35	1945.2	1935.75	1939.12	6235
2023.06.15 04:00	1939.16	1939.22	1932.27	1934.36	19477
2023.06.15 08:00	1934.33	1939.72	1928.83	1931.58	25631
2023.06.15 12:00	1931.57	1936.68	1924.53	1933.36	28761
2023.06.15 16:00	1933.31	1960.08	1933.29	1959.41	43469
2023.06.15 20:00	1959.41	1960.15	1956.79	1957.85	13725
2023.06.16 00:00	1957.55	1959.32	1956.47	1956.79	4739
2023.06.16 04:00	1956.81	1961.96	1954.83	1955.32	15544
2023.06.16 08:00	1955.32	1963.88	1954.53	1963.03	23432
2023.06.16 12:00	1963.06	1967.79	1962.29	1962.49	22449
2023.06.16 16:00	1962.53	1965.96	1953.14	1955.12	44558
2023.06.16 20:00	1955.1	1959.71	1955.03	1957.27	13634
2023.06.19 00:00	1957.41	1958.57	1956.06	1956.57	4240
2023.06.19 04:00	1956.61	1958.24	1953.85	1956.91	11973
2023.06.19 08:00	1956.97	1958.6	1952.58	1956.3	14855
2023.06.19 12:00	1956.32	1956.46	1947.62	1952.03	16267
2023.06.19 16:00	1952.04	1953.37	1949.86	1950.09	17780
2023.06.19 20:00	1950.09	1950.53	1949.33	1950.11	1084
2023.06.20 00:00	1950.23	1954.02	1950.23	1950.91	5114
2023.06.20 04:00	1950.91	1951.66	1944.99	1949.76	15522
2023.06.20 08:00	1949.75	1956.64	1946.81	1953.18	20284
2023.06.20 12:00	1953.27	1954.43	1944.05	1944.61	23152
2023.06.20 16:00	1944.59	1945.09	1929.66	1937.46	44191
2023.06.20 20:00	1937.44	1938.51	1935.26	1936.05	14873
2023.06.21 00:00	1935.3	1938.73	1935.3	1936.71	5728
2023.06.21 04:00	1936.68	1939.39	1935.3	1935.73	13139
2023.06.21 08:00	1935.73	1937.28	1931.11	1934.48	20384
2023.06.21 12:00	1934.5	1935.71	1925.87	1929.77	24922
2023.06.21 16:00	1929.77	1934.55	1919.0	1933.21	41974
2023.06.21 20:00	1933.08	1937.48	1931.78	1932.53	15254
2023.06.22 00:00	1932.14	1934.83	1932.03	1932.09	4524
2023.06.22 04:00	1932.06	1934.15	1929.6	1929.63	8370
2023.06.22 08:00	1929.66	1931.36	1924.77	1927.24	19120
2023.06.22 12:00	1927.24	1930.83	1923.34	1923.35	24927
2023.06.22 16:00	1923.32	1927.27	1912.66	1915.4	37299
2023.06.22 20:00	1915.39	1916.65	1912.24	1913.58	15028
2023.06.23 00:00	1913.48	1915.95	1913.15	1915.5	4687
2023.06.23 04:00	1915.48	1917.11	1909.93	1916.41	13156
2023.06.23 08:00	1916.41	1919.97	1912.8	1917.51	23326
2023.06.23 12:00	1917.53	1929.61	1916.46	1928.75	21394
2023.06.23 16:00	1928.83	1937.19	1917.81	1918.57	41195
2023.06.23 20:00	1918.57	1921.53	1918.34	1921.02	12504
2023.06.26 00:00	1924.87	1926.88	1922.55	1926.26	6218
2023.06.26 04:00	1926.24	1928.43	1924.02	1924.95	14508
2023.06.26 08:00	1924.93	1933.21	1922.02	1931.58	19098
2023.06.26 12:00	1931.58	1933.23	1929.19	1931.4	17596
2023.06.26 16:00	1931.36	1931.52	1921.4	1923.62	32490
2023.06.26 20:00	1923.62	1925.17	1922.26	1922.93	12308
2023.06.27 00:00	1922.67	1924.7	1920.94	1922.57	4348
2023.06.27 04:00	1922.62	1930.3	1922.5	1928.36	13989
2023.06.27 08:00	1928.36	1929.62	1924.08	1925.47	18099
2023.06.27 12:00	1925.44	1930.36	1919.47	1926.12	18438
2023.06.27 16:00	1926.15	1930.56	1911.36	1914.5	36797
2023.06.27 20:00	1914.47	1915.76	1910.74	1913.48	14333
2023.06.28 00:00	1913.43	1917.09	1913.33	1916.07	4582
2023.06.28 04:00	1916.08	1916.69	1913.29	1915.1	12496
2023.06.28 08:00	1915.1	1916.69	1908.09	1909.9	19253
2023.06.28 12:00	1909.86	1911.82	1905.47	1906.82	18481
2023.06.28 16:00	1906.81	1913.16	1902.69	1912.12	38144
2023.06.28 20:00	1912.13	1913.29	1906.66	1907.27	12426
2023.06.29 00:00	1907.36	1910.58	1907.06	1909.88	4809
2023.06.29 04:00	1909.87	1912.69	1902.67	1905.22	15054
2023.06.29 08:00	1905.24	1907.95	1902.37	1906.0	19881
2023.06.29 12:00	1906.06	1912.03	1895.37	1896.02	22624
2023.06.29 16:00	1896.05	1912.98	1892.83	1910.15	43810
2023.06.29 20:00	1910.1	1910.66	1906.08	1908.06	12884
2023.06.30 00:00	1907.73	1909.09	1906.96	1908.58	5511
2023.06.30 04:00	1908.58	1909.62	1906.73	1908.12	13246
2023.06.30 08:00	1908.14	1909.82	1900.42	1901.76	20272
2023.06.30 12:00	1902.02	1913.74	1901.35	1910.9	23021
2023.06.30 16:00	1910.83	1920.42	1909.59	1919.96	41954
2023.06.30 20:00	1919.96	1922.66	1917.72	1919.19	15714
2023.07.03 00:00	1918.76	1919.52	1916.66	1916.99	5205
2023.07.03 04:00	1917.01	1920.07	1914.51	1919.96	14185
2023.07.03 08:00	1919.96	1920.56	1909.89	1911.93	19923
2023.07.03 12:00	1911.88	1921.93	1911.48	1921.81	18396
2023.07.03 16:00	1921.81	1930.85	1919.34	1921.89	35332
2023.07.03 20:00	1922.02	1922.02	1920.46	1921.32	4977
2023.07.04 00:00	1920.78	1921.99	1919.71	1921.1	3597
2023.07.04 04:00	1921.13	1924.37	1919.96	1924.14	11854
2023.07.04 08:00	1924.12	1928.67	1923.16	1928.42	14460
2023.07.04 12:00	1928.42	1930.6	1926.09	1926.66	13656
2023.07.04 16:00	1926.65	1929.45	1923.95	1924.04	12225
2023.07.04 20:00	1924.02	1925.86	1923.84	1925.57	1409
2023.07.05 00:00	1925.43	1927.04	1924.71	1926.62	4869
2023.07.05 04:00	1926.67	1926.71	1923.07	1925.45	11398
2023.07.05 08:00	1925.45	1927.96	1920.73	1926.83	18633
2023.07.05 12:00	1926.79	1930.02	1925.0	1929.22	17926
2023.07.05 16:00	1929.21	1934.96	1918.96	1921.44	39217
2023.07.05 20:00	1921.46	1921.46	1914.65	1915.03	16627
2023.07.06 00:00	1914.57	1917.81	1914.57	1917.21	4999
2023.07.06 04:00	1917.21	1919.63	1916.28	1917.81	13416
2023.07.06 08:00	1917.83	1921.41	1916.14	1917.94	17620
2023.07.06 12:00	1917.94	1927.51	1902.5	1906.19	29045
2023.07.06 16:00	1906.18	1914.91	1902.66	1909.76	45357
2023.07.06 20:00	1909.75	1911.84	1908.81	1910.72	9641
2023.07.07 00:00	1910.45	1912.3	1909.43	1910.49	4481
2023.07.07 04:00	1910.48	1912.19	1909.74	1912.02	10281
2023.07.07 08:00	1912.01	1916.37	1911.79	1915.47	17946
2023.07.07 12:00	1915.46	1928.87	1914.14	1918.71	25834
2023.07.07 16:00	1918.71	1934.73	1915.39	1926.85	44814
2023.07.07 20:00	1926.83	1927.95	1924.18	1925.24	12411
2023.07.10 00:00	1924.51	1928.01	1922.71	1924.12	6767
2023.07.10 04:00	1924.13	1926.8	1920.85	1921.11	13680
2023.07.10 08:00	1921.11	1925.6	1919.23	1925.07	16449
2023.07.10 12:00	1925.07	1926.13	1912.55	1913.91	19062
2023.07.10 16:00	1913.91	1925.86	1913.87	1925.45	32380
2023.07.10 20:00	1925.53	1926.72	1924.74	1925.13	11027
2023.07.11 00:00	1924.83	1927.04	1924.26	1926.22	4338
2023.07.11 04:00	1926.25	1929.34	1924.72	1929.27	15721
2023.07.11 08:00	1929.32	1938.22	1928.01	1936.56	22410
2023.07.11 12:00	1936.64	1938.41	1929.38	1931.94	20716
2023.07.11 16:00	1931.91	1935.3	1929.23	1932.27	28848
2023.07.11 20:00	1932.29	1932.49	1930.43	1932.08	8642
2023.07.12 00:00	1932.07	1936.12	1932.04	1935.59	5777
2023.07.12 04:00	1935.59	1940.93	1935.52	1938.81	14626
2023.07.12 08:00	1938.82	1940.19	1933.63	1934.66	16922
2023.07.12 12:00	1934.71	1949.92	1932.85	1943.05	23895
2023.07.12 16:00	1943.06	1959.35	1940.82	1959.08	43874
2023.07.12 20:00	1959.1	1959.57	1955.6	1957.25	12536
2023.07.13 00:00	1956.38	1958.8	1955.95	1956.88	5730
2023.07.13 04:00	1956.91	1962.16	1956.23	1957.12	16616
2023.07.13 08:00	1957.12	1963.23	1955.16	1960.79	21613
2023.07.13 12:00	1960.81	1963.44	1952.26	1957.43	24165
2023.07.13 16:00	1957.46	1961.83	1954.59	1958.7	38341
2023.07.13 20:00	1958.72	1960.72	1957.49	1960.24	10975
2023.07.14 00:00	1959.69	1961.74	1958.26	1959.22	5846
2023.07.14 04:00	1959.24	1963.7	1958.28	1960.24	15897
2023.07.14 08:00	1960.29	1961.16	1954.19	1956.03	19414
2023.07.14 12:00	1956.01	1962.58	1955.06	1957.36	18543
2023.07.14 16:00	1957.34	1961.84	1950.77	1958.85	40293
2023.07.14 20:00	1958.87	1960.97	1954.25	1955.14	11563
2023.07.17 00:00	1954.57	1955.62	1951.23	1954.49	5333
2023.07.17 04:00	1954.48	1955.8	1950.8	1953.48	10598
2023.07.17 08:00	1953.48	1957.48	1950.51	1955.78	16915
2023.07.17 12:00	1955.78	1959.74	1948.0	1948.47	19945
2023.07.17 16:00	1948.52	1955.54	1945.64	1954.46	28040
2023.07.17 20:00	1954.51	1956.29	1952.34	1954.68	8616
2023.07.18 00:00	1954.05	1956.69	1954.05	1955.28	4016
2023.07.18 04:00	1955.29	1960.99	1954.99	1959.9	13849
2023.07.18 08:00	1959.9	1964.0	1957.66	1961.56	18871
2023.07.18 12:00	1961.56	1972.08	1960.59	1968.58	24819
2023.07.18 16:00	1968.65	1984.25	1963.59	1977.81	42881
2023.07.18 20:00	1977.84	1978.82	1974.92	1978.67	11857
2023.07.19 00:00	1978.34	1979.03	1976.45	1978.31	5064
2023.07.19 04:00	1978.33	1978.39	1974.01	1974.7	14704
2023.07.19 08:00	1974.69	1980.88	1972.84	1977.39	20569
2023.07.19 12:00	1977.38	1979.43	1971.46	1977.42	19285
2023.07.19 16:00	1977.44	1979.76	1969.62	1977.4	31181
2023.07.19 20:00	1977.39	1978.79	1976.09	1976.74	8627
2023.07.20 00:00	1976.08	1979.21	1975.3	1978.95	4905
2023.07.20 04:00	1978.83	1987.32	1978.83	1984.47	15618
2023.07.20 08:00	1984.47	1984.62	1977.7	1981.45	19700
2023.07.20 12:00	1981.45	1983.1	1972.25	1973.86	19873
2023.07.20 16:00	1973.87	1979.99	1965.23	1967.85	35704
2023.07.20 20:00	1967.88	1971.44	1967.84	1969.32	9197
2023.07.21 00:00	1969.33	1973.26	1969.33	1972.8	4041
2023.07.21 04:00	1972.82	1973.63	1968.93	1969.79	12145
2023.07.21 08:00	1969.8	1972.05	1961.07	1961.37	19953
2023.07.21 12:00	1961.39	1967.98	1960.96	1962.98	20448
2023.07.21 16:00	1963.02	1965.25	1956.68	1963.42	31018
2023.07.21 20:00	1963.44	1964.73	1961.36	1961.65	7661
2023.07.24 00:00	1961.32	1962.74	1959.78	1961.63	4518
2023.07.24 04:00	1961.63	1962.55	1958.88	1960.46	11647
2023.07.24 08:00	1960.46	1965.54	1957.73	1959.51	17138
2023.07.24 12:00	1959.53	1967.78	1959.34	1967.29	17057
2023.07.24 16:00	1967.32	1967.42	1956.99	1959.75	32396
2023.07.24 20:00	1959.72	1960.59	1953.36	1954.66	10573
2023.07.25 00:00	1954.33	1955.56	1953.05	1955.18	4124
2023.07.25 04:00	1955.23	1963.44	1955.23	1960.47	14634
2023.07.25 08:00	1960.47	1963.97	1959.26	1962.76	17371
2023.07.25 12:00	1962.86	1963.53	1953.0	1959.27	18112
2023.07.25 16:00	1959.28	1965.58	1951.16	1962.27	25163
2023.07.25 20:00	1962.28	1965.13	1961.16	1964.74	8402
2023.07.26 00:00	1964.77	1966.1	1963.93	1964.85	3983
2023.07.26 04:00	1964.83	1965.51	1961.91	1963.02	9889
2023.07.26 08:00	1963.04	1972.38	1962.3	1971.96	15537
2023.07.26 12:00	1972.12	1974.05	1969.47	1972.16	14320
2023.07.26 16:00	1972.09	1974.94	1963.79	1970.2	27444
2023.07.26 20:00	1970.19	1978.22	1964.94	1971.98	27301
2023.07.27 00:00	1971.83	1974.63	1970.74	1972.26	4391
2023.07.27 04:00	1972.08	1982.01	1972.08	1976.61	13522
2023.07.27 08:00	1976.61	1982.03	1973.93	1975.75	19209
2023.07.27 12:00	1975.75	1979.01	1957.81	1960.05	22613
2023.07.27 16:00	1960.04	1960.24	1942.45	1944.12	38513
2023.07.27 20:00	1944.18	1949.63	1943.26	1945.38	19362
2023.07.28 00:00	1945.9	1947.94	1945.25	1946.84	6395
2023.07.28 04:00	1946.84	1956.66	1946.53	1951.69	23860
2023.07.28 08:00	1951.7	1953.42	1947.7	1949.41	22802
2023.07.28 12:00	1949.4	1961.02	1948.26	1955.46	21752
2023.07.28 16:00	1955.44	1963.38	1952.12	1960.96	28575
2023.07.28 20:00	1960.93	1962.32	1957.38	1959.06	10202
2023.07.31 00:00	1958.53	1960.46	1956.24	1958.12	5631
2023.07.31 04:00	1958.15	1958.5	1953.31	1954.34	13847
2023.07.31 08:00	1954.32	1957.05	1950.83	1953.43	14239
2023.07.31 12:00	1953.39	1966.91	1953.19	1965.38	17155
2023.07.31 16:00	1965.38	1972.26	1962.72	1970.84	27398
2023.07.31 20:00	1970.85	1971.94	1964.12	1965.33	10877
2023.08.01 00:00	1965.35	1965.83	1962.87	1963.27	4271
2023.08.01 04:00	1963.23	1963.84	1958.71	1959.56	13916
2023.08.01 08:00	1959.54	1960.07	1954.25	1955.72	16773
2023.08.01 12:00	1955.72	1957.59	1945.83	1946.68	19437
2023.08.01 16:00	1946.71	1953.69	1941.29	1943.05	31431
2023.08.01 20:00	1943.02	1945.47	1941.15	1943.96	8006
2023.08.02 00:00	1949.2	1952.79	1948.19	1949.17	8221
2023.08.02 04:00	1949.12	1949.75	1945.17	1946.25	10493
2023.08.02 08:00	1946.25	1951.75	1946.24	1949.74	14882
2023.08.02 12:00	1949.73	1954.65	1943.71	1945.51	19477
2023.08.02 16:00	1945.46	1947.52	1932.89	1935.53	31852
2023.08.02 20:00	1935.57	1938.98	1934.28	1934.63	7324
2023.08.03 00:00	1933.92	1936.89	1933.91	1935.41	3817
2023.08.03 04:00	1935.39	1938.78	1933.8	1934.03	10597
2023.08.03 08:00	1934.02	1938.3	1930.78	1937.69	17691
2023.08.03 12:00	1937.68	1938.3	1929.38	1932.77	22753
2023.08.03 16:00	1932.83	1938.62	1930.25	1935.58	30945
2023.08.03 20:00	1935.55	1935.8	1932.39	1933.95	7960
2023.08.04 00:00	1933.85	1936.93	1933.85	1936.55	3774
2023.08.04 04:00	1936.59	1937.87	1933.06	1934.4	10912
2023.08.04 08:00	1934.42	1937.38	1931.95	1932.36	12116
2023.08.04 12:00	1932.37	1942.65	1924.99	1938.89	19949
2023.08.04 16:00	1938.78	1946.66	1937.45	1941.66	32671
2023.08.04 20:00	1941.66	1943.16	1939.72	1942.34	8492
2023.08.07 00:00	1941.7	1946.63	1941.67	1944.17	4718
2023.08.07 04:00	1944.13	1944.13	1937.3	1938.72	9346
2023.08.07 08:00	1938.7	1938.87	1934.38	1936.08	12179
2023.08.07 12:00	1936.09	1938.12	1933.23	1937.94	13540
2023.08.07 16:00	1937.95	1941.57	1931.35	1934.31	23125
2023.08.07 20:00	1934.31	1937.53	1934.0	1936.39	7211
2023.08.08 00:00	1935.88	1937.97	1935.04	1935.6	4713
2023.08.08 04:00	1935.58	1935.62	1931.02	1934.26	11957
2023.08.08 08:00	1934.27	1935.0	1930.09	1934.96	14866
2023.08.08 12:00	1934.96	1935.55	1923.68	1925.25	19507
2023.08.08 16:00	1925.2	1931.89	1922.66	1925.27	24710
2023.08.08 20:00	1925.31	1926.51	1923.49	1924.93	9526
2023.08.09 00:00	1924.7	1926.44	1924.45	1924.94	2217
2023.08.09 04:00	1924.85	1930.92	1924.09	1930.2	9195
2023.08.09 08:00	1930.24	1932.21	1927.34	1927.93	9896
2023.08.09 12:00	1927.92	1928.22	1922.02	1924.79	13980
2023.08.09 16:00	1924.77	1927.43	1915.43	1916.18	28511
2023.08.09 20:00	1916.21	1917.88	1913.89	1914.53	9354
2023.08.10 00:00	1914.27	1917.3	1914.27	1916.86	3669
2023.08.10 04:00	1916.89	1919.04	1915.2	1916.6	8899
2023.08.10 08:00	1916.6	1921.11	1915.42	1919.29	12322
2023.08.10 12:00	1919.31	1929.93	1919.04	1926.12	19923
2023.08.10 16:00	1926.12	1927.07	1912.76	1920.51	35901
2023.08.10 20:00	1920.46	1920.91	1911.98	1912.2	15708
2023.08.11 00:00	1911.96	1915.05	1910.63	1914.59	3665
2023.08.11 04:00	1914.54	1915.88	1912.49	1913.31	8266
2023.08.11 08:00	1913.29	1919.29	1912.6	1918.88	12935
2023.08.11 12:00	1918.87	1920.8	1912.98	1915.94	15979
2023.08.11 16:00	1915.94	1920.43	1912.8	1914.24	31754
2023.08.11 20:00	1914.25	1915.44	1912.1	1913.63	8792
2023.08.14 00:00	1912.63	1915.05	1910.58	1910.9	4691
2023.08.14 04:00	1910.89	1913.51	1909.93	1912.28	10221
2023.08.14 08:00	1912.3	1916.12	1910.52	1914.15	13408
2023.08.14 12:00	1914.19	1914.86	1905.85	1910.24	16290
2023.08.14 16:00	1910.27	1913.09	1902.57	1911.76	27574
2023.08.14 20:00	1911.74	1913.04	1906.88	1907.26	9177
2023.08.15 00:00	1906.95	1908.01	1904.78	1907.03	3699
2023.08.15 04:00	1907.01	1908.13	1903.53	1906.48	11686
2023.08.15 08:00	1906.45	1907.37	1903.04	1904.18	16601
2023.08.15 12:00	1904.13	1905.73	1896.22	1903.31	21150
2023.08.15 16:00	1903.36	1911.56	1899.96	1903.55	35551
2023.08.15 20:00	1903.53	1905.39	1901.2	1901.73	12868
2023.08.16 00:00	1900.76	1902.4	1900.13	1902.13	3867
2023.08.16 04:00	1902.14	1905.19	1900.39	1903.84	9920
2023.08.16 08:00	1903.87	1906.43	1902.7	1905.3	12814
2023.08.16 12:00	1905.3	1907.09	1899.91	1900.63	15234
2023.08.16 16:00	1900.68	1906.34	1898.74	1899.34	26817
2023.08.16 20:00	1899.37	1899.55	1891.65	1891.72	17474
2023.08.17 00:00	1891.26	1894.88	1890.92	1892.69	5702
2023.08.17 04:00	1892.79	1893.84	1889.49	1893.6	11853
2023.08.17 08:00	1893.61	1897.48	1891.97	1893.88	13599
2023.08.17 12:00	1893.86	1902.36	1893.53	1899.41	21680
2023.08.17 16:00	1899.39	1903.34	1887.7	1888.27	31207
2023.08.17 20:00	1888.28	1890.04	1884.84	1889.17	12802
2023.08.18 00:00	1888.99	1893.76	1888.92	1893.18	4161
2023.08.18 04:00	1893.23	1895.02	1891.05	1892.05	10895
2023.08.18 08:00	1892.07	1893.97	1891.28	1891.92	14432
2023.08.18 12:00	1891.89	1895.44	1888.56	1890.12	14478
2023.08.18 16:00	1890.16	1896.74	1888.56	1889.44	26053
2023.08.18 20:00	1889.44	1890.31	1886.68	1889.4	10129
2023.08.21 00:00	1889.29	1891.02	1888.63	1889.83	5169
2023.08.21 04:00	1889.82	1893.69	1884.64	1892.36	13541
2023.08.21 08:00	1892.38	1893.99	1887.27	1888.58	13923
2023.08.21 12:00	1888.6	1897.51	1886.69	1897.04	19150
2023.08.21 16:00	1897.05	1898.67	1885.15	1892.47	27507
2023.08.21 20:00	1892.55	1895.25	1892.44	1894.56	9130
2023.08.22 00:00	1893.99	1895.89	1893.55	1895.42	3164
2023.08.22 04:00	1895.39	1897.15	1893.75	1893.85	10072
2023.08.22 08:00	1893.87	1902.28	1893.82	1899.86	15203
2023.08.22 12:00	1899.91	1904.34	1896.17	1897.31	18210
2023.08.22 16:00	1897.34	1899.04	1888.99	1897.24	28155
2023.08.22 20:00	1897.23	1898.3	1896.29	1897.22	7901
2023.08.23 00:00	1897.23	1900.21	1897.11	1898.87	2533
2023.08.23 04:00	1898.9	1903.26	1898.66	1903.18	9786
2023.08.23 08:00	1903.22	1905.36	1901.6	1903.66	15485
2023.08.23 12:00	1903.65	1908.51	1901.15	1903.61	17107
2023.08.23 16:00	1903.63	1920.27	1902.91	1919.66	34157
2023.08.23 20:00	1919.69	1919.75	1914.34	1915.32	10885
2023.08.24 00:00	1915.35	1919.19	1915.03	1918.49	4037
2023.08.24 04:00	1918.46	1922.22	1917.41	1920.94	10697
2023.08.24 08:00	1920.97	1922.79	1919.4	1920.2	15587
2023.08.24 12:00	1920.16	1920.91	1911.64	1915.01	17318
2023.08.24 16:00	1915.02	1923.25	1911.84	1918.23	31268
2023.08.24 20:00	1918.25	1919.55	1916.17	1916.65	10245
2023.08.25 00:00	1916.69	1917.12	1915.07	1915.37	3245
2023.08.25 04:00	1915.33	1917.43	1913.04	1913.63	8811
2023.08.25 08:00	1913.64	1916.0	1912.7	1915.27	11915
2023.08.25 12:00	1915.25	1920.18	1915.08	1917.17	12961
2023.08.25 16:00	1917.2	1922.29	1903.65	1909.91	41166
2023.08.25 20:00	1909.93	1914.82	1909.8	1914.16	11408
2023.08.28 00:00	1914.58	1916.51	1914.2	1915.63	4032
2023.08.28 04:00	1915.61	1917.28	1914.62	1915.51	9354
2023.08.28 08:00	1915.51	1917.67	1913.36	1914.53	10673
2023.08.28 12:00	1914.54	1917.23	1913.3	1916.99	11129
2023.08.28 16:00	1917.01	1925.94	1912.65	1920.61	25068
2023.08.28 20:00	1920.59	1920.79	1916.75	1920.06	8921
2023.08.29 00:00	1919.39	1921.94	1919.39	1921.53	2459
2023.08.29 04:00	1921.53	1925.71	1921.21	1923.79	8224
2023.08.29 08:00	1923.79	1925.48	1921.47	1922.74	11322
2023.08.29 12:00	1922.74	1924.38	1914.31	1916.94	16943
2023.08.29 16:00	1916.94	1937.58	1916.62	1936.16	35506
2023.08.29 20:00	1936.16	1938.04	1935.03	1937.26	10096
2023.08.30 00:00	1936.69	1937.64	1935.77	1936.66	3754
2023.08.30 04:00	1936.68	1937.39	1935.27	1936.03	9509
2023.08.30 08:00	1936.05	1936.83	1934.85	1936.5	13791
2023.08.30 12:00	1936.51	1945.71	1935.85	1945.04	21267
2023.08.30 16:00	1945.0	1948.94	1942.75	1944.8	33801
2023.08.30 20:00	1944.82	1945.57	1941.97	1942.14	8847
2023.08.31 00:00	1941.75	1945.41	1941.56	1945.29	4210
2023.08.31 04:00	1945.27	1947.66	1944.62	1945.65	8926
2023.08.31 08:00	1945.67	1946.23	1943.14	1944.3	12468
2023.08.31 12:00	1944.3	1947.75	1943.01	1945.71	17147
2023.08.31 16:00	1945.74	1946.27	1938.94	1941.62	30060
2023.08.31 20:00	1941.63	1941.97	1938.98	1939.97	8895
2023.09.01 00:00	1939.22	1940.26	1938.54	1939.22	3083
2023.09.01 04:00	1939.22	1943.94	1938.11	1939.88	10278
2023.09.01 08:00	1939.86	1943.65	1938.33	1942.87	11965
2023.09.01 12:00	1942.88	1952.79	1942.8	1949.88	18036
2023.09.01 16:00	1949.88	1951.34	1934.29	1938.05	41658
2023.09.01 20:00	1938.07	1941.44	1937.22	1939.59	7218
2023.09.04 00:00	1940.07	1941.62	1939.25	1940.77	3157
2023.09.04 04:00	1940.76	1945.98	1940.35	1944.98	9716
2023.09.04 08:00	1944.97	1946.18	1942.54	1943.78	11209
2023.09.04 12:00	1943.82	1944.16	1939.75	1939.85	9466
2023.09.04 16:00	1939.86	1940.13	1936.69	1938.2	10843
2023.09.04 20:00	1938.2	1938.71	1937.82	1938.4	613
2023.09.05 00:00	1938.13	1938.64	1936.85	1937.7	2446
2023.09.05 04:00	1937.7	1938.81	1934.82	1938.44	8998
2023.09.05 08:00	1938.43	1938.84	1932.15	1933.32	15011
2023.09.05 12:00	1933.32	1934.65	1927.82	1933.67	19684
2023.09.05 16:00	1933.67	1934.12	1925.22	1927.18	32420
2023.09.05 20:00	1927.21	1927.42	1925.29	1925.88	8240
2023.09.06 00:00	1925.79	1926.85	1924.42	1924.66	3102
2023.09.06 04:00	1924.66	1927.28	1924.12	1927.14	9272
2023.09.06 08:00	1927.19	1928.39	1922.43	1924.62	14689
2023.09.06 12:00	1924.61	1927.6	1922.72	1923.09	14586
2023.09.06 16:00	1923.09	1929.05	1915.17	1919.89	34848
2023.09.06 20:00	1919.92	1920.56	1915.86	1916.34	7983
2023.09.07 00:00	1916.24	1918.66	1916.2	1916.75	3050
2023.09.07 04:00	1916.72	1920.59	1916.49	1918.86	8442
2023.09.07 08:00	1918.87	1919.69	1917.0	1918.74	11749
2023.09.07 12:00	1918.75	1923.48	1916.1	1923.14	16329
2023.09.07 16:00	1923.19	1923.39	1917.11	1917.93	24773
2023.09.07 20:00	1917.93	1920.62	1917.34	1919.51	6732
2023.09.08 00:00	1919.14	1924.61	1919.14	1923.59	4632
2023.09.08 04:00	1923.55	1927.1	1922.76	1924.43	10890
2023.09.08 08:00	1924.42	1927.16	1923.29	1924.6	10917
2023.09.08 12:00	1924.56	1925.95	1920.25	1920.31	12402
2023.09.08 16:00	1920.34	1929.61	1917.23	1919.58	26978
2023.09.08 20:00	1919.58	1920.58	1918.03	1918.85	6234
2023.09.11 00:00	1919.41	1920.49	1916.54	1919.89	5432
2023.09.11 04:00	1919.87	1926.66	1918.95	1926.39	13084
2023.09.11 08:00	1926.37	1930.59	1925.27	1927.59	15786
2023.09.11 12:00	1927.58	1927.93	1924.09	1927.17	12019
2023.09.11 16:00	1927.12	1929.99	1921.25	1923.29	23641
2023.09.11 20:00	1923.31	1924.24	1921.33	1922.2	7133
2023.09.12 00:00	1922.67	1923.31	1921.05	1921.41	3342
2023.09.12 04:00	1921.4	1924.4	1920.19	1922.14	10829
2023.09.12 08:00	1922.2	1922.23	1918.49	1919.62	12180
2023.09.12 12:00	1919.62	1919.95	1908.5	1909.61	17521
2023.09.12 16:00	1909.57	1914.94	1907.44	1912.2	22529
2023.09.12 20:00	1912.25	1913.51	1911.65	1913.22	7121
2023.09.13 00:00	1912.67	1913.63	1912.29	1912.44	3084
2023.09.13 04:00	1912.44	1913.73	1908.05	1911.48	11257
2023.09.13 08:00	1911.48	1912.51	1908.05	1912.07	13821
2023.09.13 12:00	1912.06	1914.39	1905.02	1912.18	20049
2023.09.13 16:00	1912.2	1915.61	1908.75	1909.29	31215
2023.09.13 20:00	1909.28	1911.07	1907.99	1908.0	8664
2023.09.14 00:00	1908.14	1912.7	1907.4	1912.53	4091
2023.09.14 04:00	1912.51	1912.77	1908.69	1909.31	15937
2023.09.14 08:00	1909.33	1910.91	1905.05	1907.17	17155
2023.09.14 12:00	1907.17	1910.2	1901.03	1904.32	25046
2023.09.14 16:00	1904.29	1911.95	1900.84	1910.13	43501
2023.09.14 20:00	1910.12	1911.31	1908.03	1910.41	10803
2023.09.15 00:00	1910.12	1911.4	1909.63	1911.09	4386
2023.09.15 04:00	1911.1	1916.69	1910.33	1916.08	16480
2023.09.15 08:00	1916.07	1919.47	1914.78	1917.89	22228
2023.09.15 12:00	1917.89	1920.46	1915.94	1917.03	17537
2023.09.15 16:00	1917.03	1930.29	1916.8	1925.23	36466
2023.09.15 20:00	1925.24	1925.88	1922.23	1923.58	10618
2023.09.18 00:00	1923.84	1924.5	1922.34	1924.44	3699
2023.09.18 04:00	1924.48	1929.32	1923.21	1928.07	15004
2023.09.18 08:00	1928.11	1930.45	1924.99	1926.01	17868
2023.09.18 12:00	1926.0	1928.06	1923.41	1923.87	15306
2023.09.18 16:00	1923.9	1931.03	1922.66	1930.91	25758
2023.09.18 20:00	1930.91	1934.1	1930.87	1933.48	11053
2023.09.19 00:00	1932.94	1934.5	1932.54	1932.62	3312
2023.09.19 04:00	1932.64	1933.29	1931.15	1931.15	10632
2023.09.19 08:00	1931.16	1934.89	1929.69	1933.63	13502
2023.09.19 12:00	1933.66	1937.23	1933.5	1935.71	13451
2023.09.19 16:00	1935.67	1936.26	1930.71	1930.78	24437
2023.09.19 20:00	1930.78	1932.9	1929.66	1931.18	6943
2023.09.20 00:00	1931.62	1932.44	1930.16	1930.59	3494
2023.09.20 04:00	1930.59	1931.29	1928.4	1929.66	8461
2023.09.20 08:00	1929.65	1932.2	1927.81	1929.05	15097
2023.09.20 12:00	1929.03	1933.98	1929.0	1932.07	13586
2023.09.20 16:00	1932.06	1946.59	1931.79	1946.57	29951
2023.09.20 20:00	1946.62	1947.31	1929.02	1930.22	33487
2023.09.21 00:00	1930.24	1931.4	1924.43	1924.82	6467
2023.09.21 04:00	1924.88	1928.52	1924.05	1927.83	13658
2023.09.21 08:00	1927.84	1930.38	1922.76	1922.98	18127
2023.09.21 12:00	1922.99	1925.98	1914.04	1916.3	24606
2023.09.21 16:00	1916.36	1923.68	1913.77	1919.39	34851
2023.09.21 20:00	1919.38	1921.16	1918.57	1919.89	9537
2023.09.22 00:00	1919.63	1923.51	1919.0	1923.3	3726
2023.09.22 04:00	1923.26	1925.38	1921.89	1924.18	11368
2023.09.22 08:00	1924.18	1928.57	1923.55	1926.58	18101
2023.09.22 12:00	1926.58	1927.53	1924.04	1925.97	15626
2023.09.22 16:00	1925.98	1928.99	1924.76	1925.19	24888
2023.09.22 20:00	1925.19	1926.25	1924.18	1925.17	6543
2023.09.25 00:00	1924.52	1926.37	1923.15	1924.72	4155
2023.09.25 04:00	1924.74	1925.2	1922.53	1923.02	6464
2023.09.25 08:00	1923.0	1927.05	1920.77	1921.61	15094
2023.09.25 12:00	1921.58	1926.71	1921.47	1925.77	15209
2023.09.25 16:00	1925.69	1926.2	1915.02	1916.61	29186
2023.09.25 20:00	1916.61	1917.5	1915.08	1915.65	7818
2023.09.26 00:00	1915.9	1916.69	1914.48	1914.72	3304
2023.09.26 04:00	1914.72	1915.68	1912.93	1914.5	9293
2023.09.26 08:00	1914.5	1915.54	1909.6	1913.69	16040
2023.09.26 12:00	1913.69	1913.76	1905.17	1910.13	15982
2023.09.26 16:00	1910.16	1910.18	1900.64	1901.09	31825
2023.09.26 20:00	1901.09	1902.18	1899.0	1900.44	10611
2023.09.27 00:00	1900.04	1902.34	1899.63	1900.54	3572
2023.09.27 04:00	1900.52	1903.79	1896.43	1897.59	10865
2023.09.27 08:00	1897.58	1898.94	1894.95	1896.51	15409
2023.09.27 12:00	1896.57	1896.58	1889.3	1891.66	17252
2023.09.27 16:00	1891.64	1892.04	1875.33	1875.75	32471
2023.09.27 20:00	1875.75	1878.12	1872.4	1874.85	16662
2023.09.28 00:00	1875.0	1877.79	1875.0	1876.94	5212
2023.09.28 04:00	1876.93	1877.32	1873.4	1874.75	9699
2023.09.28 08:00	1874.74	1878.12	1873.55	1874.03	17091
2023.09.28 12:00	1874.02	1879.52	1871.68	1872.31	21049
2023.09.28 16:00	1872.26	1877.01	1857.53	1863.42	40785
2023.09.28 20:00	1863.42	1867.19	1860.86	1864.68	12126
2023.09.29 00:00	1864.59	1867.11	1863.68	1865.24	4674
2023.09.29 04:00	1865.22	1866.86	1862.78	1864.88	8298
2023.09.29 08:00	1864.88	1873.87	1864.34	1871.5	15991
2023.09.29 12:00	1871.73	1873.92	1867.47	1873.73	21290
2023.09.29 16:00	1873.73	1879.72	1852.09	1853.54	43236
2023.09.29 20:00	1853.56	1853.57	1846.18	1848.59	15195
2023.10.02 00:00	1847.65	1850.72	1843.8	1845.32	5883
2023.10.02 04:00	1845.33	1847.26	1842.25	1842.43	6959
2023.10.02 08:00	1842.43	1846.13	1839.11	1839.45	16538
2023.10.02 12:00	1839.44	1840.47	1830.89	1836.16	24850
2023.10.02 16:00	1836.36	1838.32	1827.06	1831.46	42855
2023.10.02 20:00	1831.49	1833.47	1827.43	1827.67	11840
2023.10.03 00:00	1829.05	1829.38	1820.23	1824.57	8247
2023.10.03 04:00	1824.57	1824.99	1815.06	1820.52	12776
2023.10.03 08:00	1820.51	1829.0	1818.04	1826.11	20013
2023.10.03 12:00	1826.12	1829.65	1823.53	1824.69	25016
2023.10.03 16:00	1824.74	1833.24	1819.16	1823.83	54125
2023.10.03 20:00	1823.82	1825.87	1821.75	1822.81	15741
2023.10.04 00:00	1822.72	1824.9	1821.74	1823.09	6247
2023.10.04 04:00	1823.04	1824.25	1819.51	1823.44	11462
2023.10.04 08:00	1823.43	1823.58	1816.58	1822.86	22362
2023.10.04 12:00	1822.96	1830.44	1820.94	1827.18	30227
2023.10.04 16:00	1827.23	1827.33	1816.95	1820.85	45319
2023.10.04 20:00	1820.81	1823.54	1816.46	1820.94	13984
2023.10.05 00:00	1821.5	1825.54	1821.01	1825.5	5346
2023.10.05 04:00	1825.5	1829.04	1825.48	1827.52	10282
2023.10.05 08:00	1827.46	1828.04	1819.59	1819.73	19379
2023.10.05 12:00	1819.72	1823.87	1812.93	1815.56	24682
2023.10.05 16:00	1815.57	1821.78	1814.04	1818.01	40449
2023.10.05 20:00	1818.01	1820.73	1815.74	1820.01	11793
2023.10.06 00:00	1820.23	1823.07	1819.96	1820.54	4085
2023.10.06 04:00	1820.54	1824.45	1819.55	1822.63	8237
2023.10.06 08:00	1822.62	1822.76	1818.47	1821.78	15821
2023.10.06 12:00	1821.79	1824.98	1810.31	1814.96	27391
2023.10.06 16:00	1814.96	1834.73	1813.77	1829.08	54411
2023.10.06 20:00	1829.07	1833.85	1828.67	1831.76	12765
2023.10.09 00:00	1847.02	1855.2	1845.33	1852.24	13069
2023.10.09 04:00	1852.23	1853.16	1847.17	1850.36	14369
2023.10.09 08:00	1850.37	1854.26	1847.92	1850.31	20428
2023.10.09 12:00	1850.33	1852.18	1844.83	1847.86	18492
2023.10.09 16:00	1847.82	1853.07	1844.08	1849.9	30008
2023.10.09 20:00	1849.91	1863.37	1849.81	1861.2	13183
2023.10.10 00:00	1861.07	1865.29	1860.2	1863.95	6913
2023.10.10 04:00	1863.96	1865.11	1860.65	1860.77	14361
2023.10.10 08:00	1860.76	1862.07	1855.07	1858.42	25974
2023.10.10 12:00	1858.4	1859.45	1852.87	1854.42	24113
2023.10.10 16:00	1854.4	1862.33	1852.96	1861.79	38051
2023.10.10 20:00	1861.84	1862.68	1857.99	1860.28	16412
2023.10.11 00:00	1859.73	1861.97	1859.22	1860.84	3813
2023.10.11 04:00	1860.82	1861.89	1859.31	1859.57	9431
2023.10.11 08:00	1859.58	1869.71	1858.49	1869.45	22274
2023.10.11 12:00	1869.48	1874.65	1866.33	1872.76	25657
2023.10.11 16:00	1872.74	1877.09	1867.99	1874.19	38962
2023.10.11 20:00	1874.2	1874.59	1870.68	1874.13	15235
2023.10.12 00:00	1873.86	1876.52	1872.99	1875.26	4514
2023.10.12 04:00	1875.26	1878.98	1874.35	1878.77	11545
2023.10.12 08:00	1878.76	1882.5	1878.24	1880.21	18800
2023.10.12 12:00	1880.26	1884.85	1875.16	1878.91	25792
2023.10.12 16:00	1878.86	1879.9	1870.53	1871.34	40255
2023.10.12 20:00	1871.29	1871.96	1867.78	1868.6	16924
2023.10.13 00:00	1868.95	1872.51	1868.86	1872.42	4945
2023.10.13 04:00	1872.37	1876.67	1871.18	1876.16	9171
2023.10.13 08:00	1876.16	1884.83	1875.56	1883.67	19682
2023.10.13 12:00	1883.63	1919.01	1882.31	1913.26	34929
2023.10.13 16:00	1913.27	1927.33	1905.41	1927.02	48095
2023.10.13 20:00	1927.02	1932.53	1926.72	1932.12	15322
2023.10.16 00:00	1928.02	1928.08	1921.01	1921.54	10412
2023.10.16 04:00	1921.54	1923.37	1917.91	1920.01	10983
2023.10.16 08:00	1920.04	1920.04	1908.03	1911.49	24074
2023.10.16 12:00	1911.42	1924.43	1911.09	1918.54	26461
2023.10.16 16:00	1918.6	1922.17	1914.27	1921.77	36704
2023.10.16 20:00	1921.79	1922.64	1917.73	1920.02	11086
2023.10.17 00:00	1919.64	1921.62	1914.26	1916.43	6064
2023.10.17 04:00	1916.45	1917.48	1912.25	1914.54	11466
2023.10.17 08:00	1914.59	1921.24	1914.09	1919.13	20113
2023.10.17 12:00	1919.12	1928.92	1918.74	1925.9	26742
2023.10.17 16:00	1925.85	1931.45	1920.66	1924.0	42787
2023.10.17 20:00	1924.0	1924.99	1919.04	1922.93	13939
2023.10.18 00:00	1922.78	1928.09	1922.78	1927.26	4770
2023.10.18 04:00	1927.27	1942.65	1926.79	1937.85	18135
2023.10.18 08:00	1937.85	1939.96	1934.98	1938.28	22095
2023.10.18 12:00	1938.27	1949.93	1938.18	1948.77	27845
2023.10.18 16:00	1948.75	1962.49	1938.07	1949.74	47580
2023.10.18 20:00	1949.74	1956.53	1947.14	1947.43	19277
2023.10.19 00:00	1946.95	1953.17	1946.95	1950.08	6274
2023.10.19 04:00	1950.07	1951.58	1945.07	1948.05	12693
2023.10.19 08:00	1948.01	1954.34	1945.41	1949.6	22366
2023.10.19 12:00	1949.58	1956.96	1947.72	1954.73	23670
2023.10.19 16:00	1954.68	1961.96	1949.62	1961.84	51230
2023.10.19 20:00	1961.88	1977.58	1960.75	1974.2	31165
2023.10.20 00:00	1974.2	1982.12	1972.3	1974.77	12022
2023.10.20 04:00	1974.87	1981.87	1971.85	1977.12	17736
2023.10.20 08:00	1977.15	1985.1	1973.95	1983.62	24123
2023.10.20 12:00	1983.61	1985.8	1973.13	1978.17	24260
2023.10.20 16:00	1978.22	1997.01	1976.45	1982.55	47587
2023.10.20 20:00	1982.52	1986.57	1974.18	1980.63	21994
2023.10.23 00:00	1962.22	1978.43	1962.22	1966.09	9950
2023.10.23 04:00	1966.11	1974.62	1964.27	1973.61	15561
2023.10.23 08:00	1973.5	1981.86	1972.59	1981.32	21824
2023.10.23 12:00	1981.33	1982.68	1975.18	1977.41	24384
2023.10.23 16:00	1977.43	1979.93	1969.95	1974.35	43065
2023.10.23 20:00	1974.35	1978.0	1971.01	1972.62	17203
2023.10.24 00:00	1972.28	1975.75	1971.28	1973.68	4265
2023.10.24 04:00	1973.69	1980.73	1973.69	1976.03	14645
2023.10.24 08:00	1976.06	1979.06	1969.86	1972.12	22396
2023.10.24 12:00	1972.12	1972.38	1953.46	1964.76	28220
2023.10.24 16:00	1964.76	1975.86	1958.89	1974.18	42951
2023.10.24 20:00	1974.14	1977.46	1970.66	1970.87	13390
2023.10.25 00:00	1971.18	1975.14	1969.81	1974.29	4814
2023.10.25 04:00	1974.31	1976.84	1970.69	1972.33	11949
2023.10.25 08:00	1972.3	1975.82	1968.13	1971.27	17541
2023.10.25 12:00	1971.28	1976.78	1969.32	1975.06	20451
2023.10.25 16:00	1975.06	1987.07	1962.07	1978.03	41012
2023.10.25 20:00	1978.11	1985.49	1976.4	1979.37	15350
2023.10.26 00:00	1979.32	1984.6	1979.25	1983.25	8821
2023.10.26 04:00	1983.25	1989.25	1983.09	1988.3	13045
2023.10.26 08:00	1988.29	1993.31	1983.79	1992.02	25716
2023.10.26 12:00	1992.04	1992.06	1974.49	1979.36	28243
2023.10.26 16:00	1979.43	1985.73	1971.65	1984.09	44829
2023.10.26 20:00	1984.12	1989.26	1982.19	1984.77	18177
2023.10.27 00:00	1984.4	1986.73	1982.74	1983.32	6602
2023.10.27 04:00	1983.27	1989.79	1983.05	1989.35	12397
2023.10.27 08:00	1989.41	1989.54	1985.38	1986.77	19212
2023.10.27 12:00	1986.79	1987.82	1976.89	1980.26	22066
2023.10.27 16:00	1980.26	1985.58	1976.69	1983.56	38786
2023.10.27 20:00	1983.56	2009.32	1982.94	2005.86	29133
2023.10.30 00:00	2003.2	2006.62	1996.72	2004.52	15926
2023.10.30 04:00	2004.47	2004.62	1999.37	1999.49	10377
2023.10.30 08:00	1999.5	2000.62	1990.81	1996.47	21615
2023.10.30 12:00	1996.49	2002.46	1992.47	1998.4	30223
2023.10.30 16:00	1998.37	2002.36	1991.83	1997.8	33668
2023.10.30 20:00	1997.79	1999.75	1994.57	1996.0	8777
2023.10.31 00:00	1994.7	1997.21	1993.81	1996.21	8741
2023.10.31 04:00	1996.23	1996.97	1990.46	1992.85	14350
2023.10.31 08:00	1992.89	1999.06	1992.22	1997.36	18745
2023.10.31 12:00	1997.43	2003.95	1994.45	2002.38	29842
2023.10.31 16:00	2002.32	2007.84	1983.24	1984.03	41217
2023.10.31 20:00	1984.04	1986.62	1978.65	1983.83	12875
2023.11.01 00:00	1983.65	1986.03	1977.84	1979.34	11491
2023.11.01 04:00	1979.34	1980.85	1975.05	1978.89	11121
2023.11.01 08:00	1978.89	1983.61	1976.32	1982.6	17123
2023.11.01 12:00	1982.67	1988.37	1980.96	1985.61	27304
2023.11.01 16:00	1988.48	1991.94	1974.41	1977.59	32541
2023.11.01 20:00	1977.63	1982.77	1969.71	1982.56	26173
2023.11.02 00:00	1982.67	1988.06	1981.16	1986.1	10834
2023.11.02 04:00	1986.09	1986.5	1983.17	1985.23	11288
2023.11.02 08:00	1985.22	1989.48	1983.54	1988.08	17693
2023.11.02 12:00	1988.07	1990.9	1981.87	1984.26	30240
2023.11.02 16:00	1983.8	1986.56	1978.68	1984.89	34253
2023.11.02 20:00	1984.9	1986.23	1983.58	1985.7	7654
2023.11.03 00:00	1985.9	1986.35	1983.08	1983.75	6262
2023.11.03 04:00	1983.73	1987.73	1983.63	1986.95	7070
2023.11.03 08:00	1986.99	1990.21	1984.39	1988.94	15115
2023.11.03 12:00	1988.96	2003.96	1985.49	1995.28	38360
2023.11.03 16:00	1995.03	1998.95	1988.46	1992.97	38329
2023.11.03 20:00	1993.07	1995.01	1991.41	1992.4	8993
2023.11.06 00:00	1991.96	1992.97	1986.84	1991.96	10243
2023.11.06 04:00	1991.98	1992.82	1981.85	1983.74	13792
2023.11.06 08:00	1983.72	1987.8	1982.18	1986.66	18653
2023.11.06 12:00	1986.68	1988.96	1983.28	1986.25	20828
2023.11.06 16:00	1986.28	1988.06	1979.78	1983.6	30843
2023.11.06 20:00	1983.6	1983.65	1977.27	1977.67	11905
2023.11.07 00:00	1977.65	1978.15	1974.66	1975.64	7615
2023.11.07 04:00	1975.63	1976.0	1970.85	1973.6	9660
2023.11.07 08:00	1973.56	1973.8	1964.07	1966.21	18874
2023.11.07 12:00	1966.21	1967.91	1956.55	1966.42	27482
2023.11.07 16:00	1966.45	1967.13	1960.03	1963.86	30683
2023.11.07 20:00	1963.9	1969.71	1963.52	1968.98	11494
2023.11.08 00:00	1968.33	1969.86	1967.35	1968.49	8338
2023.11.08 04:00	1968.57	1970.84	1964.85	1965.46	9999
2023.11.08 08:00	1965.46	1969.01	1965.01	1965.35	16572
2023.11.08 12:00	1965.35	1966.53	1959.41	1964.68	24322
2023.11.08 16:00	1964.68	1966.22	1950.83	1953.6	37724
2023.11.08 20:00	1953.6	1954.62	1947.29	1950.06	15364
2023.11.09 00:00	1949.56	1954.48	1948.77	1953.17	8033
2023.11.09 04:00	1953.21	1953.21	1947.6	1950.06	11192
2023.11.09 08:00	1950.06	1950.38	1944.3	1946.74	16432
2023.11.09 12:00	1946.73	1951.23	1944.65	1950.46	20263
2023.11.09 16:00	1950.43	1964.76	1948.47	1961.76	33243
2023.11.09 20:00	1961.73	1965.46	1956.05	1958.35	23594
2023.11.10 00:00	1958.11	1960.7	1957.84	1958.96	9435
2023.11.10 04:00	1958.95	1960.35	1956.25	1957.13	11486
2023.11.10 08:00	1957.09	1958.09	1953.39	1953.8	17556
2023.11.10 12:00	1953.8	1954.3	1942.97	1945.99	23383
2023.11.10 16:00	1946.06	1947.51	1936.44	1936.67	33737
2023.11.10 20:00	1936.66	1938.75	1932.86	1938.15	12575
2023.11.13 00:00	1938.19	1941.75	1936.08	1940.2	8174
2023.11.13 04:00	1940.17	1941.13	1933.92	1939.02	11559
2023.11.13 08:00	1939.04	1941.1	1935.87	1938.06	16250
2023.11.13 12:00	1938.06	1939.57	1933.93	1935.86	17541
2023.11.13 16:00	1935.86	1949.07	1931.48	1945.6	31434
2023.11.13 20:00	1945.63	1947.94	1944.66	1946.03	10262
2023.11.14 00:00	1945.87	1948.27	1945.3	1945.54	5412
2023.11.14 04:00	1945.53	1946.54	1943.59	1944.29	7669
2023.11.14 08:00	1944.29	1947.86	1944.05	1947.06	15222
2023.11.14 12:00	1947.06	1959.11	1944.17	1954.2	26252
2023.11.14 16:00	1954.19	1970.67	1953.53	1962.1	41636
2023.11.14 20:00	1962.09	1964.36	1961.56	1962.93	12279
2023.11.15 00:00	1962.43	1963.88	1961.43	1962.54	8269
2023.11.15 04:00	1962.55	1967.84	1962.47	1966.83	11003
2023.11.15 08:00	1966.81	1972.49	1966.7	1971.39	20178
2023.11.15 12:00	1971.33	1975.09	1963.32	1965.49	25150
2023.11.15 16:00	1965.48	1966.55	1955.28	1961.32	37102
2023.11.15 20:00	1961.28	1962.08	1958.89	1959.12	12257
2023.11.16 00:00	1959.49	1961.24	1957.56	1958.27	6848
2023.11.16 04:00	1958.23	1963.72	1956.32	1962.78	9984
2023.11.16 08:00	1962.77	1968.45	1962.66	1966.12	16064
2023.11.16 12:00	1966.11	1972.8	1962.0	1972.01	20919
2023.11.16 16:00	1972.01	1987.85	1971.41	1983.23	39329
2023.11.16 20:00	1983.3	1985.1	1980.49	1981.11	11790
2023.11.17 00:00	1980.41	1986.81	1980.33	1983.31	6732
2023.11.17 04:00	1983.32	1986.93	1983.07	1984.32	9949
2023.11.17 08:00	1984.34	1992.25	1982.57	1991.16	19172
2023.11.17 12:00	1991.17	1993.24	1983.42	1984.68	24284
2023.11.17 16:00	1984.68	1986.59	1978.49	1980.96	32223
2023.11.17 20:00	1980.97	1982.68	1978.89	1980.46	10842
2023.11.20 00:00	1977.99	1982.9	1973.19	1980.98	9892
2023.11.20 04:00	1980.98	1985.01	1979.46	1980.54	14090
2023.11.20 08:00	1980.54	1981.83	1975.75	1979.23	21614
2023.11.20 12:00	1979.22	1979.38	1965.5	1968.18	24971
2023.11.20 16:00	1968.15	1976.11	1965.28	1973.68	30637
2023.11.20 20:00	1973.63	1978.81	1973.33	1977.53	15796
2023.11.21 00:00	1977.17	1990.22	1977.17	1989.89	12519
2023.11.21 04:00	1989.85	1994.13	1988.67	1991.57	15833
2023.11.21 08:00	1991.58	1994.17	1984.22	1985.26	24471
2023.11.21 12:00	1985.26	2000.21	1985.18	1997.52	27715
2023.11.21 16:00	1997.62	2007.41	1997.24	2001.37	39070
2023.11.21 20:00	2001.38	2001.75	1996.08	1998.2	17880
2023.11.22 00:00	1998.38	1999.73	1995.7	1996.06	10087
2023.11.22 04:00	1996.05	2000.15	1995.35	1998.75	11142
2023.11.22 08:00	1998.75	2006.3	1998.11	2002.07	24348
2023.11.22 12:00	2002.06	2003.26	1996.67	1998.98	24406
2023.11.22 16:00	1999.06	2002.34	1988.54	1991.47	38220
2023.11.22 20:00	1991.39	1992.54	1986.79	1989.72	12241
2023.11.23 00:00	1988.56	1993.97	1988.56	1993.38	7087
2023.11.23 04:00	1993.37	1998.26	1992.99	1996.11	10150
2023.11.23 08:00	1996.13	1998.42	1992.04	1994.24	16895
2023.11.23 12:00	1994.23	1994.7	1991.84	1992.63	12318
2023.11.23 16:00	1992.64	1994.77	1989.68	1992.65	12763
2023.11.23 20:00	1992.73	1992.86	1991.59	1992.3	1634
2023.11.24 00:00	1992.45	1994.84	1991.33	1992.72	6917
2023.11.24 04:00	1992.7	1994.64	1991.31	1994.08	11031
2023.11.24 08:00	1994.0	1994.79	1991.92	1994.42	12925
2023.11.24 12:00	1994.45	2001.9	1994.23	1999.47	17880
2023.11.24 16:00	1999.49	2003.44	1997.03	2000.83	25962
2023.11.24 20:00	2000.81	2002.25	1999.71	2001.65	1732
2023.11.27 00:00	2006.5	2017.91	2000.36	2011.86	16930
2023.11.27 04:00	2011.86	2013.58	2007.28	2010.51	16306
2023.11.27 08:00	2010.56	2015.35	2008.6	2013.24	21102
2023.11.27 12:00	2013.28	2016.17	2009.63	2011.2	21655
2023.11.27 16:00	2011.21	2014.78	2005.58	2009.81	32917
2023.11.27 20:00	2009.83	2014.54	2009.35	2014.05	12284
2023.11.28 00:00	2013.67	2017.97	2012.84	2015.26	8927
2023.11.28 04:00	2015.28	2017.55	2013.95	2015.03	9282
2023.11.28 08:00	2015.04	2016.74	2011.93	2015.84	16816
2023.11.28 12:00	2015.88	2021.39	2011.51	2021.35	20210
2023.11.28 16:00	2021.37	2042.86	2020.48	2040.55	43314
2023.11.28 20:00	2040.56	2042.41	2038.07	2041.07	14266
2023.11.29 00:00	2040.76	2051.83	2039.71	2048.6	14180
2023.11.29 04:00	2048.65	2048.93	2042.85	2045.82	16423
2023.11.29 08:00	2045.79	2046.08	2035.23	2038.3	23593
2023.11.29 12:00	2038.3	2042.83	2036.57	2038.97	27917
2023.11.29 16:00	2038.94	2046.79	2036.92	2044.88	38589
2023.11.29 20:00	2044.89	2049.46	2042.63	2044.07	16034
2023.11.30 00:00	2044.74	2046.67	2042.95	2043.15	8312
2023.11.30 04:00	2043.16	2047.12	2041.31	2041.52	13928
2023.11.30 08:00	2041.54	2046.82	2038.63	2039.83	24318
2023.11.30 12:00	2039.79	2043.9	2033.91	2036.76	32142
2023.11.30 16:00	2036.76	2041.27	2031.24	2036.93	51818
2023.11.30 20:00	2036.94	2038.6	2033.51	2035.9	16275
2023.12.01 00:00	2036.48	2043.29	2035.99	2041.59	9163
2023.12.01 04:00	2041.59	2042.65	2038.59	2040.85	11988
2023.12.01 08:00	2040.83	2049.72	2039.14	2046.28	24153
2023.12.01 12:00	2046.3	2047.08	2033.8	2037.57	27224
2023.12.01 16:00	2037.58	2067.51	2035.08	2067.16	56612
2023.12.01 20:00	2067.16	2075.21	2065.48	2071.53	22793
2023.12.04 00:00	2072.82	2144.63	2071.25	2087.61	31690
2023.12.04 04:00	2087.62	2090.27	2081.48	2085.94	16422
2023.12.04 08:00	2085.9	2087.79	2057.72	2070.98	31961
2023.12.04 12:00	2070.98	2071.73	2055.82	2057.5	32918
2023.12.04 16:00	2057.48	2057.86	2019.9	2025.79	57615
2023.12.04 20:00	2025.87	2032.17	2022.03	2028.91	16924
2023.12.05 00:00	2029.15	2041.06	2028.24	2035.55	12596
2023.12.05 04:00	2035.5	2038.26	2030.29	2032.04	13611
2023.12.05 08:00	2032.04	2039.41	2028.41	2028.82	24112
2023.12.05 12:00	2028.77	2030.73	2021.43	2029.37	27359
2023.12.05 16:00	2029.39	2030.04	2009.7	2017.1	48546
2023.12.05 20:00	2017.06	2020.82	2016.55	2019.18	13110
2023.12.06 00:00	2018.77	2022.56	2017.0	2020.73	8629
2023.12.06 04:00	2020.69	2025.27	2019.65	2024.72	11142
2023.12.06 08:00	2024.7	2035.72	2020.06	2021.05	22937
2023.12.06 12:00	2021.06	2031.74	2020.07	2030.04	24625
2023.12.06 16:00	2030.17	2032.91	2022.57	2029.4	38971
2023.12.06 20:00	2029.34	2031.13	2024.3	2025.2	12138
2023.12.07 00:00	2025.56	2029.49	2024.96	2026.05	8324
2023.12.07 04:00	2026.08	2029.87	2025.11	2026.66	12931
2023.12.07 08:00	2026.72	2034.77	2026.15	2034.0	22194
2023.12.07 12:00	2034.0	2039.79	2029.41	2037.05	23937
2023.12.07 16:00	2037.05	2037.36	2020.09	2028.71	42720
2023.12.07 20:00	2028.77	2031.85	2027.52	2028.39	15032
2023.12.08 00:00	2028.26	2033.01	2026.75	2032.17	14765
2023.12.08 04:00	2032.19	2033.93	2029.18	2029.88	12833
2023.12.08 08:00	2029.77	2031.28	2026.37	2028.51	21499
2023.12.08 12:00	2028.47	2032.2	2014.29	2018.5	29375
2023.12.08 16:00	2018.5	2019.23	1994.5	1997.06	50363
2023.12.08 20:00	1997.08	2004.86	1996.22	2004.2	15125
2023.12.11 00:00	2002.69	2007.59	2001.59	2002.0	11826
2023.12.11 04:00	2001.99	2002.66	1994.63	1998.69	13580
2023.12.11 08:00	1998.71	2000.39	1991.19	1993.29	20834
2023.12.11 12:00	1993.26	1996.61	1990.05	1993.54	21320
2023.12.11 16:00	1993.74	1994.28	1975.97	1976.58	35693
2023.12.11 20:00	1976.54	1982.94	1975.68	1981.64	16312
2023.12.12 00:00	1981.47	1989.42	1981.47	1983.11	11637
2023.12.12 04:00	1983.07	1987.76	1981.82	1987.4	11785
2023.12.12 08:00	1987.38	1988.94	1982.59	1985.73	15514
2023.12.12 12:00	1985.77	1996.62	1982.57	1984.37	24619
2023.12.12 16:00	1984.39	1989.65	1977.08	1977.61	34793
2023.12.12 20:00	1977.6	1980.96	1977.37	1979.27	12036
2023.12.13 00:00	1979.53	1982.67	1979.53	1979.96	6555
2023.12.13 04:00	1980.07	1980.24	1977.52	1978.64	8076
2023.12.13 08:00	1978.66	1982.54	1972.9	1982.44	16903
2023.12.13 12:00	1982.39	1986.6	1979.53	1984.35	18055
2023.12.13 16:00	1984.24	1986.04	1978.31	1981.97	28756
2023.12.13 20:00	1981.98	2027.65	1979.53	2027.17	39268
2023.12.14 00:00	2027.68	2039.16	2023.72	2032.31	19552
2023.12.14 04:00	2032.31	2035.89	2029.89	2035.08	19751
2023.12.14 08:00	2035.08	2040.21	2029.07	2036.53	32534
2023.12.14 12:00	2036.53	2039.09	2027.36	2037.14	32571
2023.12.14 16:00	2037.11	2047.77	2034.56	2036.01	47222
2023.12.14 20:00	2035.99	2036.6	2028.98	2036.23	17309
2023.12.15 00:00	2035.86	2038.48	2031.18	2032.13	11378
2023.12.15 04:00	2032.04	2037.37	2031.75	2035.16	13222
2023.12.15 08:00	2035.17	2044.02	2034.19	2042.53	19394
2023.12.15 12:00	2042.55	2044.76	2026.83	2031.26	25192
2023.12.15 16:00	2031.31	2038.5	2031.25	2032.6	38072
2023.12.15 20:00	2032.59	2033.65	2015.49	2019.34	20420
2023.12.18 00:00	2019.07	2023.34	2015.87	2019.18	10179
2023.12.18 04:00	2019.14	2024.47	2018.85	2023.03	9696
2023.12.18 08:00	2023.04	2027.18	2021.44	2022.82	17724
2023.12.18 12:00	2022.82	2026.06	2018.67	2025.77	16935
2023.12.18 16:00	2025.79	2033.45	2020.23	2033.45	23929
2023.12.18 20:00	2033.37	2033.56	2024.82	2027.05	11815
2023.12.19 00:00	2027.05	2029.23	2025.5	2025.96	7065
2023.12.19 04:00	2025.95	2026.4	2021.59	2023.98	11670
2023.12.19 08:00	2023.98	2028.31	2022.83	2026.18	17027
2023.12.19 12:00	2026.16	2032.49	2024.15	2029.9	18041
2023.12.19 16:00	2029.93	2046.85	2028.8	2040.25	30595
2023.12.19 20:00	2040.27	2040.77	2036.59	2040.03	10549
2023.12.20 00:00	2039.75	2041.46	2037.53	2038.05	8033
2023.12.20 04:00	2037.98	2041.29	2036.6	2041.14	7982
2023.12.20 08:00	2041.16	2043.36	2039.5	2039.84	14305
2023.12.20 12:00	2039.84	2040.27	2029.47	2036.3	17914
2023.12.20 16:00	2036.31	2039.7	2030.33	2034.6	29004
2023.12.20 20:00	2034.6	2036.99	2027.32	2031.18	16557
2023.12.21 00:00	2031.15	2035.86	2031.15	2035.36	7194
2023.12.21 04:00	2035.33	2038.08	2034.77	2035.99	9652
2023.12.21 08:00	2036.08	2037.23	2033.83	2035.3	12461
2023.12.21 12:00	2035.29	2045.87	2031.91	2041.22	20693
2023.12.21 16:00	2041.23	2045.89	2036.56	2040.91	35551
2023.12.21 20:00	2040.9	2045.87	2037.41	2045.62	13356
2023.12.22 00:00	2045.34	2054.86	2045.34	2048.57	12082
2023.12.22 04:00	2048.59	2051.11	2047.02	2048.22	12883
2023.12.22 08:00	2048.17	2054.45	2046.93	2053.32	15373
2023.12.22 12:00	2053.32	2069.14	2053.28	2067.14	24995
2023.12.22 16:00	2067.16	2070.46	2050.99	2055.32	32030
2023.12.22 20:00	2055.35	2057.93	2051.6	2052.94	12993
2023.12.26 00:00	2052.96	2063.96	2052.34	2063.29	6314
2023.12.26 04:00	2063.31	2064.99	2061.22	2062.65	7782
2023.12.26 08:00	2062.63	2064.94	2060.41	2061.76	8119
2023.12.26 12:00	2061.75	2064.0	2058.67	2058.67	9790
2023.12.26 16:00	2058.56	2061.77	2054.38	2057.6	17299
2023.12.26 20:00	2057.62	2068.91	2057.2	2067.61	10915
2023.12.27 00:00	2067.75	2068.31	2063.84	2066.6	7876
2023.12.27 04:00	2066.62	2067.12	2063.95	2064.54	8669
2023.12.27 08:00	2064.54	2069.16	2064.26	2068.21	12363
2023.12.27 12:00	2068.22	2070.17	2061.35	2068.16	15281
2023.12.27 16:00	2068.24	2082.39	2066.46	2081.76	23663
2023.12.27 20:00	2081.79	2084.33	2075.78	2077.47	11295
2023.12.28 00:00	2077.25	2087.64	2076.66	2086.87	8535
2023.12.28 04:00	2086.87	2088.31	2084.52	2085.71	11615
2023.12.28 08:00	2085.68	2087.41	2072.58	2076.9	18541
2023.12.28 12:00	2076.86	2079.15	2071.18	2072.83	17148
2023.12.28 16:00	2072.94	2081.04	2071.95	2074.66	27428
2023.12.28 20:00	2074.72	2075.34	2064.5	2065.24	12911
2023.12.29 00:00	2065.63	2071.26	2065.55	2070.6	8505
2023.12.29 04:00	2070.53	2072.19	2067.61	2072.12	9060
2023.12.29 08:00	2071.97	2074.64	2065.31	2065.47	13018
2023.12.29 12:00	2065.44	2068.78	2058.08	2059.04	18169
2023.12.29 16:00	2059.06	2068.03	2058.36	2066.51	32182
2023.12.29 20:00	2066.42	2067.73	2061.04	2062.71	12632
2024.01.02 00:00	2062.73	2069.69	2062.2	2066.43	9529
2024.01.02 04:00	2066.42	2074.86	2063.85	2074.41	9940
2024.01.02 08:00	2074.48	2078.82	2071.69	2076.95	19102
2024.01.02 12:00	2076.94	2077.67	2064.74	2066.19	23784
2024.01.02 16:00	2066.29	2070.62	2055.72	2062.57	36361
2024.01.02 20:00	2062.57	2064.82	2057.87	2058.86	10128
2024.01.03 00:00	2058.43	2062.46	2058.36	2062.34	7890
2024.01.03 04:00	2062.38	2065.87	2061.47	2064.02	8840
2024.01.03 08:00	2064.02	2065.34	2054.1	2056.69	17458
2024.01.03 12:00	2056.7	2057.08	2038.61	2040.93	26438
2024.01.03 16:00	2040.93	2048.64	2030.56	2033.24	44098
2024.01.03 20:00	2033.24	2042.23	2030.53	2041.29	21455
2024.01.04 00:00	2040.86	2043.68	2039.99	2042.12	8661
2024.01.04 04:00	2042.09	2046.85	2042.08	2043.68	11186
2024.01.04 08:00	2043.67	2050.8	2043.54	2047.94	20345
2024.01.04 12:00	2047.9	2050.69	2038.67	2040.13	21443
2024.01.04 16:00	2040.17	2047.66	2036.12	2043.17	30626
2024.01.04 20:00	2043.18	2044.74	2041.44	2043.21	8727
2024.01.05 00:00	2043.28	2048.12	2042.58	2046.01	8707
2024.01.05 04:00	2046.02	2047.75	2043.04	2044.37	8504
2024.01.05 08:00	2044.36	2046.88	2038.28	2038.79	17283
2024.01.05 12:00	2038.86	2041.83	2024.35	2039.79	25688
2024.01.05 16:00	2039.85	2063.89	2038.64	2041.89	54559
2024.01.05 20:00	2041.88	2050.25	2040.41	2045.41	15228
2024.01.08 00:00	2043.85	2046.45	2042.72	2043.62	7574
2024.01.08 04:00	2043.57	2043.66	2026.89	2030.66	14739
2024.01.08 08:00	2030.55	2033.17	2026.42	2029.0	21477
2024.01.08 12:00	2028.99	2029.39	2016.68	2018.84	24627
2024.01.08 16:00	2018.85	2036.77	2018.39	2027.52	32909
2024.01.08 20:00	2027.49	2029.72	2025.99	2027.86	10288
2024.01.09 00:00	2027.47	2035.5	2027.28	2032.13	9127
2024.01.09 04:00	2032.13	2035.75	2030.21	2032.68	10735
2024.01.09 08:00	2032.67	2038.11	2031.1	2035.34	18595
2024.01.09 12:00	2035.4	2041.81	2031.58	2038.58	20579
2024.01.09 16:00	2038.54	2039.99	2025.9	2027.61	34182
2024.01.09 20:00	2027.59	2031.01	2026.71	2030.08	11729
2024.01.10 00:00	2029.88	2032.34	2027.12	2031.69	9142
2024.01.10 04:00	2031.64	2032.75	2025.35	2026.47	11721
2024.01.10 08:00	2026.48	2036.03	2023.76	2035.61	20598
2024.01.10 12:00	2035.58	2040.1	2029.91	2030.19	19668
2024.01.10 16:00	2030.18	2033.5	2022.01	2023.94	31931
2024.01.10 20:00	2023.91	2024.94	2020.32	2024.21	15430
2024.01.11 00:00	2023.81	2030.25	2023.1	2029.58	8348
2024.01.11 04:00	2029.56	2034.55	2028.66	2032.82	10607
2024.01.11 08:00	2032.82	2035.52	2030.04	2031.21	16226
2024.01.11 12:00	2031.21	2046.62	2024.99	2029.31	25158
2024.01.11 16:00	2029.4	2034.81	2013.18	2014.28	57056
2024.01.11 20:00	2014.22	2029.58	2013.74	2028.51	20491
2024.01.12 00:00	2028.21	2035.42	2028.21	2033.7	14037
2024.01.12 04:00	2033.71	2036.97	2032.73	2035.86	14253
2024.01.12 08:00	2035.81	2039.96	2034.07	2037.99	17731
2024.01.12 12:00	2038.0	2056.51	2037.9	2056.06	31503
2024.01.12 16:00	2056.05	2062.08	2041.32	2043.79	48089
2024.01.12 20:00	2043.8	2049.07	2042.88	2048.86	13777
2024.01.15 00:00	2047.4	2051.26	2045.69	2050.91	9157
2024.01.15 04:00	2050.96	2057.99	2049.74	2054.99	13413
2024.01.15 08:00	2054.99	2058.49	2052.71	2054.88	15424
2024.01.15 12:00	2054.96	2055.0	2051.23	2054.11	13210
2024.01.15 16:00	2054.12	2056.24	2049.12	2055.22	13431
2024.01.15 20:00	2055.27	2055.33	2053.48	2053.96	617
2024.01.16 00:00	2054.5	2055.41	2049.81	2050.7	11218
2024.01.16 04:00	2050.64	2051.5	2047.46	2048.45	12673
2024.01.16 08:00	2048.44	2050.74	2038.55	2041.09	24357
2024.01.16 12:00	2041.07	2044.89	2031.23	2037.5	28961
2024.01.16 16:00	2037.44	2042.61	2024.82	2025.19	46932
2024.01.16 20:00	2025.22	2030.04	2024.14	2028.13	14734
2024.01.17 00:00	2027.52	2030.6	2025.55	2030.15	9876
2024.01.17 04:00	2030.14	2032.84	2019.21	2020.56	15982
2024.01.17 08:00	2020.57	2026.43	2017.54	2023.73	22452
2024.01.17 12:00	2023.51	2028.89	2018.79	2022.34	26372
2024.01.17 16:00	2022.27	2022.97	2003.25	2006.96	40268
2024.01.17 20:00	2007.0	2007.1	2001.7	2006.07	14908
2024.01.18 00:00	2004.94	2011.9	2004.94	2011.42	9942
2024.01.18 04:00	2011.4	2011.73	2005.62	2009.11	11096
2024.01.18 08:00	2009.14	2013.98	2008.04	2010.03	18355
2024.01.18 12:00	2010.03	2017.13	2007.15	2008.92	22142
2024.01.18 16:00	2008.98	2017.63	2008.91	2016.22	33315
2024.01.18 20:00	2016.31	2023.21	2015.44	2022.88	12923
2024.01.19 00:00	2023.3	2025.38	2020.98	2023.85	9566
2024.01.19 04:00	2023.8	2024.88	2020.22	2021.43	9672
2024.01.19 08:00	2021.41	2030.76	2020.69	2029.67	16495
2024.01.19 12:00	2029.71	2039.22	2028.64	2035.19	18303
2024.01.19 16:00	2035.19	2035.67	2023.02	2028.95	34822
2024.01.19 20:00	2028.97	2029.87	2026.32	2029.37	9894
2024.01.22 00:00	2028.68	2032.01	2025.35	2028.98	10306
2024.01.22 04:00	2029.07	2029.91	2021.67	2023.05	12042
2024.01.22 08:00	2023.04	2026.19	2019.0	2021.58	19622
2024.01.22 12:00	2021.5	2030.03	2020.95	2023.05	21085
2024.01.22 16:00	2023.06	2026.42	2016.33	2021.39	28955
2024.01.22 20:00	2021.39	2021.74	2018.96	2021.55	10570
2024.01.23 00:00	2021.59	2023.04	2019.45	2021.62	7515
2024.01.23 04:00	2021.57	2031.55	2020.65	2030.7	15858
2024.01.23 08:00	2030.71	2037.73	2026.92	2028.59	24126
2024.01.23 12:00	2028.48	2030.17	2022.27	2024.8	19864
2024.01.23 16:00	2024.79	2027.61	2021.25	2024.18	28094
2024.01.23 20:00	2024.19	2030.55	2022.84	2029.09	11058
2024.01.24 00:00	2028.61	2029.41	2026.29	2027.09	8131
2024.01.24 04:00	2027.09	2027.38	2022.66	2024.35	11110
2024.01.24 08:00	2024.37	2033.94	2023.56	2030.73	20976
2024.01.24 12:00	2030.7	2036.5	2029.2	2033.82	22265
2024.01.24 16:00	2033.81	2034.57	2011.73	2019.12	37416
2024.01.24 20:00	2019.11	2019.7	2011.05	2013.45	16594
2024.01.25 00:00	2014.15	2017.45	2014.05	2016.29	11407
2024.01.25 04:00	2016.3	2016.79	2014.43	2015.44	10674
2024.01.25 08:00	2015.49	2018.2	2012.51	2017.73	16777
2024.01.25 12:00	2017.72	2023.02	2009.03	2019.26	24011
2024.01.25 16:00	2019.26	2025.23	2012.35	2014.8	40880
2024.01.25 20:00	2014.8	2020.79	2013.24	2020.67	14939
2024.01.26 00:00	2019.83	2024.04	2017.96	2021.73	8111
2024.01.26 04:00	2021.75	2023.71	2020.91	2022.94	7429
2024.01.26 08:00	2022.96	2023.3	2018.07	2020.73	14515
2024.01.26 12:00	2020.7	2026.63	2018.57	2024.56	19827
2024.01.26 16:00	2024.5	2025.97	2015.84	2016.55	26407
2024.01.26 20:00	2016.51	2019.16	2015.96	2018.32	7948
2024.01.29 00:00	2023.6	2028.38	2019.18	2023.07	9678
2024.01.29 04:00	2023.13	2027.49	2021.41	2025.34	7745
2024.01.29 08:00	2025.3	2033.68	2024.73	2028.23	14978
2024.01.29 12:00	2028.23	2037.43	2025.33	2036.75	14886
2024.01.29 16:00	2036.77	2037.15	2020.43	2029.22	23452
2024.01.29 20:00	2029.2	2035.15	2024.95	2032.68	13428
2024.01.30 00:00	2032.83	2033.97	2029.17	2030.9	7253
2024.01.30 04:00	2030.72	2033.18	2029.67	2031.99	7526
2024.01.30 08:00	2032.0	2040.21	2031.94	2035.63	16612
2024.01.30 12:00	2035.69	2037.83	2031.14	2037.67	17062
2024.01.30 16:00	2037.61	2048.48	2028.95	2033.89	37729
2024.01.30 20:00	2033.81	2036.95	2031.42	2036.77	8842
2024.01.31 00:00	2036.87	2038.57	2034.43	2034.54	6470
2024.01.31 04:00	2034.54	2035.06	2032.68	2035.0	6980
2024.01.31 08:00	2035.07	2040.33	2033.47	2038.08	14996
2024.01.31 12:00	2038.08	2043.06	2035.9	2041.8	19007
2024.01.31 16:00	2041.8	2055.89	2040.63	2049.48	39915
2024.01.31 20:00	2049.39	2050.62	2030.7	2039.03	42568
2024.02.01 00:00	2039.36	2042.6	2038.18	2041.26	8933
2024.02.01 04:00	2041.22	2049.53	2041.11	2044.42	11498
2024.02.01 08:00	2044.41	2044.8	2038.9	2040.98	18922
2024.02.01 12:00	2041.0	2042.08	2029.91	2039.96	29536
2024.02.01 16:00	2039.98	2065.28	2039.85	2054.26	52224
2024.02.01 20:00	2054.27	2058.55	2052.04	2054.78	17075
2024.02.02 00:00	2054.48	2056.75	2052.73	2054.63	7039
2024.02.02 04:00	2054.64	2056.47	2051.81	2055.42	9542
2024.02.02 08:00	2055.45	2056.81	2052.59	2052.95	14550
2024.02.02 12:00	2052.95	2057.54	2029.5	2031.61	24557
2024.02.02 16:00	2031.6	2037.39	2027.75	2035.13	44472
2024.02.02 20:00	2035.04	2039.57	2034.32	2039.48	13589
2024.02.05 00:00	2039.51	2042.02	2033.41	2037.9	12617
2024.02.05 04:00	2037.87	2038.6	2028.8	2029.65	14711
2024.02.05 08:00	2029.63	2031.38	2020.54	2022.58	19603
2024.02.05 12:00	2022.56	2028.23	2014.85	2015.81	21337
2024.02.05 16:00	2015.82	2026.34	2014.77	2025.51	34197
2024.02.05 20:00	2025.56	2027.38	2023.87	2024.9	11284
2024.02.06 00:00	2024.85	2028.42	2023.55	2027.13	6280
2024.02.06 04:00	2027.13	2029.7	2023.35	2029.37	9838
2024.02.06 08:00	2029.35	2029.54	2022.75	2023.48	13811
2024.02.06 12:00	2023.47	2030.83	2022.83	2029.14	19626
2024.02.06 16:00	2029.04	2038.77	2026.8	2036.92	36161
2024.02.06 20:00	2036.86	2038.12	2033.71	2035.73	12330
2024.02.07 00:00	2035.62	2036.08	2034.12	2034.96	6301
2024.02.07 04:00	2034.94	2035.41	2033.15	2033.28	9210
2024.02.07 08:00	2033.2	2036.02	2031.11	2034.22	12791
2024.02.07 12:00	2034.22	2036.51	2030.46	2036.05	15841
2024.02.07 16:00	2036.03	2044.4	2032.56	2035.47	33812
2024.02.07 20:00	2035.49	2037.11	2033.58	2034.97	9723
2024.02.08 00:00	2034.98	2037.99	2034.53	2037.18	5372
2024.02.08 04:00	2037.18	2038.56	2031.01	2033.34	8587
2024.02.08 08:00	2033.37	2035.88	2028.8	2035.25	13331
2024.02.08 12:00	2035.43	2038.35	2020.78	2020.93	24687
2024.02.08 16:00	2020.75	2033.97	2020.03	2031.6	31105
2024.02.08 20:00	2031.6	2035.22	2031.03	2034.16	10547
2024.02.09 00:00	2034.38	2034.96	2031.85	2034.12	4885
2024.02.09 04:00	2034.18	2035.02	2032.03	2032.72	4886
2024.02.09 08:00	2032.77	2034.84	2030.42	2031.46	11301
2024.02.09 12:00	2031.44	2037.04	2025.46	2026.91	20439
2024.02.09 16:00	2026.97	2030.55	2020.17	2024.57	29938
2024.02.09 20:00	2024.54	2026.16	2022.68	2024.1	8808
2024.02.12 00:00	2023.06	2026.79	2023.06	2023.41	3996
2024.02.12 04:00	2023.4	2024.02	2021.7	2023.71	4408
2024.02.12 08:00	2023.72	2027.14	2020.26	2020.64	11824
2024.02.12 12:00	2020.63	2027.46	2018.44	2018.93	16696
2024.02.12 16:00	2018.94	2020.31	2011.77	2019.28	26214
2024.02.12 20:00	2019.27	2021.45	2017.67	2019.83	9065
2024.02.13 00:00	2019.78	2021.04	2018.13	2020.2	3691
2024.02.13 04:00	2020.21	2021.5	2016.72	2020.6	5256
2024.02.13 08:00	2020.63	2026.78	2020.59	2026.59	11082
2024.02.13 12:00	2026.58	2029.76	2002.89	2004.24	21062
2024.02.13 16:00	2004.28	2005.78	1989.96	1993.57	36047
2024.02.13 20:00	1993.65	1995.64	1991.15	1992.85	8441
2024.02.14 00:00	1993.12	1993.21	1988.76	1992.73	5164
2024.02.14 04:00	1992.72	1993.42	1991.03	1992.84	5009
2024.02.14 08:00	1992.85	1992.92	1985.83	1991.1	13754
2024.02.14 12:00	1991.08	1993.23	1988.6	1989.02	15981
2024.02.14 16:00	1989.0	1995.19	1984.1	1994.27	28087
2024.02.14 20:00	1994.34	1996.04	1989.52	1992.04	7875
2024.02.15 00:00	1991.76	1994.25	1991.66	1992.45	4933
2024.02.15 04:00	1992.39	1993.43	1990.15	1991.86	5034
2024.02.15 08:00	1991.89	1996.64	1991.39	1996.24	10337
2024.02.15 12:00	1996.21	2004.17	1995.53	2003.64	17816
2024.02.15 16:00	2003.65	2008.11	1998.3	2003.55	30773
2024.02.15 20:00	2003.54	2006.34	2002.64	2004.24	7784
2024.02.16 00:00	2004.07	2005.54	2002.24	2005.41	3914
2024.02.16 04:00	2005.41	2005.5	2003.12	2004.37	5393
2024.02.16 08:00	2004.38	2006.36	2002.59	2004.97	9587
2024.02.16 12:00	2004.97	2007.92	1994.95	2001.35	17391
2024.02.16 16:00	2001.36	2014.35	1995.2	2013.25	34577
2024.02.16 20:00	2013.29	2015.02	2011.01	2013.29	9447
2024.02.19 00:00	2013.96	2020.66	2010.88	2019.66	9865
2024.02.19 04:00	2019.65	2022.76	2018.12	2020.6	6909
2024.02.19 08:00	2020.61	2022.84	2018.9	2020.06	9636
2024.02.19 12:00	2020.04	2020.45	2015.89	2016.7	10155
2024.02.19 16:00	2016.7	2018.36	2013.13	2017.26	8063
2024.02.19 20:00	2017.22	2018.33	2016.74	2017.97	916
2024.02.20 00:00	2017.92	2019.11	2014.86	2016.83	6106
2024.02.20 04:00	2016.82	2019.6	2016.66	2018.41	6098
2024.02.20 08:00	2018.4	2025.03	2017.64	2023.87	12892
2024.02.20 12:00	2023.86	2030.74	2023.44	2029.93	19168
2024.02.20 16:00	2029.96	2030.82	2025.36	2028.62	21887
2024.02.20 20:00	2028.62	2028.83	2023.42	2024.07	7309
2024.02.21 00:00	2024.0	2025.96	2022.77	2025.28	4624
2024.02.21 04:00	2025.27	2032.09	2025.26	2030.82	7413
2024.02.21 08:00	2030.85	2031.12	2025.85	2027.98	11079
2024.02.21 12:00	2027.96	2031.43	2027.25	2028.65	13254
2024.02.21 16:00	2028.65	2030.21	2021.33	2024.11	22425
2024.02.21 20:00	2024.2	2026.9	2019.92	2025.83	14111
2024.02.22 00:00	2026.08	2028.43	2024.89	2026.88	5624
2024.02.22 04:00	2026.85	2029.88	2025.42	2028.33	6091
2024.02.22 08:00	2028.26	2034.79	2028.22	2030.19	14639
2024.02.22 12:00	2030.19	2031.08	2022.56	2025.5	17001
2024.02.22 16:00	2025.52	2026.61	2019.61	2022.81	27425
2024.02.22 20:00	2022.85	2024.85	2019.47	2024.24	7653
2024.02.23 00:00	2023.73	2027.08	2022.62	2026.71	5462
2024.02.23 04:00	2026.73	2027.28	2022.03	2022.23	5487
2024.02.23 08:00	2022.25	2022.53	2015.95	2016.63	12282
2024.02.23 12:00	2016.65	2029.09	2016.48	2025.22	17670
2024.02.23 16:00	2025.18	2039.71	2024.03	2037.77	26142
2024.02.23 20:00	2037.76	2041.22	2034.96	2035.3	7977
2024.02.26 00:00	2033.45	2034.77	2029.73	2031.15	7664
2024.02.26 04:00	2031.14	2034.17	2030.5	2032.96	6003
2024.02.26 08:00	2032.95	2036.85	2031.76	2032.98	14548
2024.02.26 12:00	2032.95	2035.34	2030.61	2032.51	19369
2024.02.26 16:00	2032.47	2032.77	2024.96	2028.61	22948
2024.02.26 20:00	2028.53	2033.55	2028.07	2030.95	8687
2024.02.27 00:00	2030.89	2033.69	2030.42	2033.53	5112
2024.02.27 04:00	2033.54	2034.49	2032.22	2033.48	5627
2024.02.27 08:00	2033.52	2039.33	2033.16	2036.51	13478
2024.02.27 12:00	2036.53	2039.03	2034.46	2035.37	18922
2024.02.27 16:00	2035.3	2037.15	2029.57	2032.16	24685
2024.02.27 20:00	2032.2	2035.96	2028.67	2030.12	9298
2024.02.28 00:00	2030.39	2033.65	2028.91	2033.32	5570
2024.02.28 04:00	2033.3	2033.5	2029.67	2030.86	6880
2024.02.28 08:00	2030.86	2031.95	2024.69	2024.7	13338
2024.02.28 12:00	2024.71	2035.99	2024.34	2035.68	20118
2024.02.28 16:00	2035.71	2037.82	2030.3	2033.68	23018
2024.02.28 20:00	2033.75	2035.13	2030.75	2034.3	7801
2024.02.29 00:00	2033.81	2036.43	2033.58	2036.28	5374
2024.02.29 04:00	2036.32	2036.98	2034.26	2035.48	7961
2024.02.29 08:00	2035.48	2037.73	2033.9	2034.46	13829
2024.02.29 12:00	2034.46	2048.57	2027.95	2047.53	25205
2024.02.29 16:00	2047.5	2050.57	2043.16	2045.58	34384
2024.02.29 20:00	2045.53	2046.77	2042.75	2043.95	10263
2024.03.01 00:00	2043.37	2044.6	2042.7	2044.21	6099
2024.03.01 04:00	2044.2	2046.72	2043.27	2044.94	6915
2024.03.01 08:00	2044.97	2048.69	2038.93	2046.29	18111
2024.03.01 12:00	2046.3	2057.36	2045.82	2051.44	26071
2024.03.01 16:00	2051.49	2085.54	2045.5	2084.68	49668
2024.03.01 20:00	2084.69	2088.16	2082.08	2082.85	17166
2024.03.04 00:00	2082.37	2086.03	2079.34	2080.1	10462
2024.03.04 04:00	2080.08	2083.36	2079.73	2081.42	6597
2024.03.04 08:00	2081.42	2088.16	2080.93	2085.05	16894
2024.03.04 12:00	2085.05	2093.08	2080.99	2091.48	20293
2024.03.04 16:00	2091.57	2119.78	2090.33	2116.35	48201
2024.03.04 20:00	2116.34	2118.4	2113.22	2114.2	14469
2024.03.05 00:00	2114.11	2116.71	2110.33	2112.52	9660
2024.03.05 04:00	2112.51	2119.59	2111.16	2119.14	10646
2024.03.05 08:00	2119.13	2125.16	2113.88	2124.42	21695
2024.03.05 12:00	2124.38	2141.62	2121.03	2127.61	32154
2024.03.05 16:00	2127.63	2139.45	2123.55	2130.8	50537
2024.03.05 20:00	2130.79	2134.6	2126.93	2127.71	15613
2024.03.06 00:00	2127.82	2128.32	2124.98	2125.39	8745
2024.03.06 04:00	2125.38	2127.85	2123.49	2125.17	9635
2024.03.06 08:00	2125.18	2131.38	2124.21	2128.51	17597
2024.03.06 12:00	2128.49	2139.51	2124.54	2139.29	27342
2024.03.06 16:00	2139.23	2149.92	2131.79	2144.66	54075
2024.03.06 20:00	2144.66	2152.08	2139.31	2148.01	24002
2024.03.07 00:00	2148.12	2151.37	2144.09	2146.11	12580
2024.03.07 04:00	2146.14	2161.32	2145.52	2154.35	19119
2024.03.07 08:00	2154.31	2159.65	2151.44	2157.52	24606
2024.03.07 12:00	2157.53	2164.63	2153.12	2159.42	28840
2024.03.07 16:00	2159.42	2159.67	2147.83	2158.11	44239
2024.03.07 20:00	2158.11	2160.75	2155.96	2159.78	11937
2024.03.08 00:00	2159.2	2163.4	2157.56	2157.69	9710
2024.03.08 04:00	2157.67	2159.05	2153.89	2157.64	12279
2024.03.08 08:00	2157.63	2170.93	2156.33	2168.92	23800
2024.03.08 12:00	2168.92	2185.28	2155.81	2170.98	32722
2024.03.08 16:00	2170.98	2195.01	2163.61	2184.83	54321
2024.03.08 20:00	2184.81	2184.87	2168.2	2178.45	20599
2024.03.11 00:00	2179.22	2188.86	2177.07	2180.08	16055
2024.03.11 04:00	2180.07	2181.53	2176.72	2177.84	12885
2024.03.11 08:00	2177.84	2183.0	2175.82	2180.36	21953
2024.03.11 12:00	2180.34	2184.96	2174.7	2181.62	28008
2024.03.11 16:00	2181.67	2185.56	2175.44	2179.52	34897
2024.03.11 20:00	2179.61	2184.03	2177.09	2182.65	9972
2024.03.12 00:00	2182.5	2184.66	2179.88	2182.65	11606
2024.03.12 04:00	2182.66	2182.76	2174.05	2176.03	12847
2024.03.12 08:00	2176.01	2178.97	2173.46	2176.85	19146
2024.03.12 12:00	2176.87	2181.97	2156.07	2160.33	49494
2024.03.12 16:00	2160.35	2166.46	2152.5	2154.88	39771
2024.03.12 20:00	2154.84	2158.9	2150.48	2158.17	11325
2024.03.13 00:00	2158.24	2161.32	2155.67	2158.48	12628
2024.03.13 04:00	2158.45	2161.43	2157.15	2160.03	11297
2024.03.13 08:00	2159.97	2161.43	2157.41	2158.4	16681
2024.03.13 12:00	2158.4	2171.47	2157.96	2165.91	29826
2024.03.13 16:00	2165.94	2179.73	2163.37	2174.4	38530
2024.03.13 20:00	2174.41	2176.43	2171.62	2174.13	10205
2024.03.14 00:00	2173.85	2176.86	2173.13	2174.63	10229
2024.03.14 04:00	2174.63	2175.29	2168.5	2168.7	11560
2024.03.14 08:00	2168.79	2171.88	2167.31	2169.91	17027
2024.03.14 12:00	2169.91	2170.78	2158.41	2162.36	37452
2024.03.14 16:00	2162.33	2164.92	2152.63	2160.09	38810
2024.03.14 20:00	2160.08	2163.79	2160.08	2162.04	6935
2024.03.15 00:00	2162.07	2165.81	2160.5	2162.56	9065
2024.03.15 04:00	2162.56	2169.1	2161.47	2169.02	12167
2024.03.15 08:00	2169.07	2172.59	2165.19	2171.73	20991
2024.03.15 12:00	2171.74	2172.55	2156.37	2159.93	30380
2024.03.15 16:00	2159.97	2166.56	2155.05	2156.67	34502
2024.03.15 20:00	2156.69	2160.21	2155.26	2155.94	6210
2024.03.18 00:00	2155.06	2157.44	2150.06	2152.2	14027
2024.03.18 04:00	2152.19	2153.38	2145.99	2146.92	12272
2024.03.18 08:00	2146.92	2155.8	2146.59	2154.73	17058
2024.03.18 12:00	2154.78	2163.44	2154.51	2156.6	28857
2024.03.18 16:00	2156.57	2161.21	2154.46	2159.87	28546
2024.03.18 20:00	2159.87	2160.87	2159.01	2160.18	7202
2024.03.19 00:00	2160.21	2162.71	2158.48	2160.41	9955
2024.03.19 04:00	2160.41	2162.72	2156.95	2157.55	15825
2024.03.19 08:00	2157.51	2157.66	2147.01	2153.15	25610
2024.03.19 12:00	2153.15	2158.58	2150.35	2151.08	29668
2024.03.19 16:00	2151.1	2157.25	2148.29	2156.75	28252
2024.03.19 20:00	2156.76	2158.4	2155.37	2157.46	7103
2024.03.20 00:00	2157.74	2159.91	2155.09	2158.59	8138
2024.03.20 04:00	2158.59	2160.07	2156.46	2157.32	9003
2024.03.20 08:00	2157.27	2159.38	2152.98	2154.63	14282
2024.03.20 12:00	2154.63	2158.55	2149.49	2157.81	24339
2024.03.20 16:00	2157.79	2164.74	2154.52	2156.96	27407
2024.03.20 20:00	2157.0	2188.71	2156.59	2186.08	43300
2024.03.21 00:00	2186.21	2222.61	2186.21	2204.72	33832
2024.03.21 04:00	2204.72	2206.19	2201.63	2204.8	15888
2024.03.21 08:00	2204.71	2210.09	2196.71	2205.28	31735
2024.03.21 12:00	2205.25	2211.64	2191.54	2191.74	35470
2024.03.21 16:00	2191.16	2191.8	2166.23	2180.75	46613
2024.03.21 20:00	2181.0	2183.94	2180.17	2181.11	7511
2024.03.22 00:00	2181.37	2185.96	2172.58	2173.34	13605
2024.03.22 04:00	2173.35	2177.0	2171.71	2174.11	20916
2024.03.22 08:00	2174.11	2176.16	2162.47	2166.53	28208
2024.03.22 12:00	2166.52	2179.98	2165.08	2177.97	30269
2024.03.22 16:00	2178.0	2179.77	2157.0	2159.03	33357
2024.03.22 20:00	2159.04	2167.05	2158.62	2165.04	11630
2024.03.25 00:00	2165.34	2176.81	2163.86	2175.05	21440
2024.03.25 04:00	2175.0	2178.16	2167.61	2169.66	18991
2024.03.25 08:00	2169.68	2170.42	2163.34	2168.31	21743
2024.03.25 12:00	2168.3	2181.17	2167.5	2177.02	26255
2024.03.25 16:00	2177.02	2180.38	2174.1	2174.61	22732
2024.03.25 20:00	2174.59	2174.59	2170.57	2171.51	7062
2024.03.26 00:00	2171.47	2174.37	2167.43	2169.32	13660
2024.03.26 04:00	2169.31	2173.28	2169.18	2172.82	11293
2024.03.26 08:00	2172.82	2195.06	2169.49	2190.78	23332
2024.03.26 12:00	2190.78	2199.93	2178.16	2182.9	33031
2024.03.26 16:00	2182.89	2186.2	2171.55	2176.67	30044
2024.03.26 20:00	2176.65	2178.52	2174.55	2178.52	6574
2024.03.27 00:00	2177.25	2180.21	2173.16	2175.01	10640
2024.03.27 04:00	2175.01	2181.6	2174.59	2176.88	11667
2024.03.27 08:00	2176.84	2193.76	2176.38	2189.1	19333
2024.03.27 12:00	2189.1	2197.48	2183.43	2193.22	33323
2024.03.27 16:00	2193.2	2195.11	2188.25	2190.24	27047
2024.03.27 20:00	2190.3	2195.09	2188.91	2194.66	8101
2024.03.28 00:00	2193.26	2193.74	2187.23	2189.23	12430
2024.03.28 04:00	2189.24	2200.53	2188.98	2197.12	13813
2024.03.28 08:00	2197.11	2198.81	2190.75	2197.69	19878
2024.03.28 12:00	2197.69	2217.02	2197.03	2206.48	46078
2024.03.28 16:00	2206.48	2225.42	2204.16	2221.8	40496
2024.03.28 20:00	2221.81	2236.08	2217.85	2232.67	11012
2024.04.01 00:00	2240.47	2256.17	2234.54	2249.98	17158
2024.04.01 04:00	2249.95	2265.53	2249.95	2260.23	25951
2024.04.01 08:00	2260.23	2263.25	2255.68	2257.09	17524
2024.04.01 12:00	2257.11	2258.21	2243.44	2252.41	23733
2024.04.01 16:00	2252.42	2257.81	2228.38	2237.96	51070
2024.04.01 20:00	2237.98	2251.23	2234.57	2251.17	13754
2024.04.02 00:00	2250.89	2255.74	2247.7	2250.27	9901
2024.04.02 04:00	2250.28	2259.75	2246.55	2256.55	21022
2024.04.02 08:00	2256.53	2262.68	2252.11	2260.92	23369
2024.04.02 12:00	2260.93	2266.71	2253.22	2257.47	30622
2024.04.02 16:00	2257.46	2276.88	2250.58	2260.18	56873
2024.04.02 20:00	2260.18	2280.95	2259.38	2280.3	24485
2024.04.03 00:00	2279.56	2288.23	2277.76	2283.17	14028
2024.04.03 04:00	2283.19	2287.83	2276.65	2283.59	21301
2024.04.03 08:00	2283.6	2285.87	2267.58	2273.09	26248
2024.04.03 12:00	2273.13	2275.06	2265.28	2274.72	29467
2024.04.03 16:00	2274.75	2295.06	2271.52	2293.73	55341
2024.04.03 20:00	2293.68	2300.98	2288.77	2299.52	18505
2024.04.04 00:00	2298.79	2302.47	2296.2	2302.12	12040
2024.04.04 04:00	2302.12	2304.76	2297.38	2298.76	13384
2024.04.04 08:00	2298.75	2300.62	2290.97	2291.48	18647
2024.04.04 12:00	2291.48	2295.09	2282.71	2288.02	24140
2024.04.04 16:00	2288.1	2299.32	2284.66	2286.71	42173
2024.04.04 20:00	2286.71	2305.44	2279.56	2290.73	37501
2024.04.05 00:00	2290.67	2293.2	2282.71	2283.0	11098
2024.04.05 04:00	2283.0	2284.05	2267.62	2277.84	24078
2024.04.05 08:00	2277.83	2291.65	2276.46	2287.92	25648
2024.04.05 12:00	2287.92	2295.93	2280.2	2290.76	31092
2024.04.05 16:00	2290.86	2329.38	2286.88	2327.05	66910
2024.04.05 20:00	2327.16	2330.31	2320.5	2329.23	23762
2024.04.08 00:00	2323.32	2328.04	2303.68	2306.07	18901
2024.04.08 04:00	2306.07	2353.82	2302.79	2342.02	48831
2024.04.08 08:00	2342.0	2343.52	2331.62	2336.12	37464
2024.04.08 12:00	2336.13	2343.39	2322.47	2328.83	34676
2024.04.08 16:00	2328.91	2335.6	2318.56	2328.4	51683
2024.04.08 20:00	2328.45	2341.89	2327.43	2338.7	20721
2024.04.09 00:00	2338.57	2341.56	2336.62	2340.71	6645
2024.04.09 04:00	2340.71	2348.33	2337.67	2344.03	27276
2024.04.09 08:00	2344.07	2359.16	2343.01	2357.43	29943
2024.04.09 12:00	2357.44	2365.18	2345.69	2349.22	38810
2024.04.09 16:00	2349.23	2364.2	2338.1	2344.91	63362
2024.04.09 20:00	2344.87	2354.46	2341.78	2352.06	21399
2024.04.10 00:00	2352.04	2355.47	2350.33	2351.54	6938
2024.04.10 04:00	2351.55	2356.76	2344.59	2356.1	21228
2024.04.10 08:00	2356.1	2359.94	2352.25	2354.36	25454
2024.04.10 12:00	2354.36	2354.62	2327.67	2338.28	35792
2024.04.10 16:00	2338.33	2352.22	2319.25	2337.1	71526
2024.04.10 20:00	2337.09	2345.06	2325.62	2333.42	33682
2024.04.11 00:00	2332.88	2337.1	2332.18	2335.12	8257
2024.04.11 04:00	2335.06	2346.74	2333.94	2342.82	21913
2024.04.11 08:00	2342.84	2344.52	2325.66	2327.9	31739
2024.04.11 12:00	2327.84	2344.23	2327.81	2341.25	36787
2024.04.11 16:00	2341.24	2350.68	2332.27	2349.75	53978
2024.04.11 20:00	2349.75	2377.61	2347.94	2372.27	30160
2024.04.12 00:00	2371.51	2379.36	2370.49	2378.59	10122
2024.04.12 04:00	2378.69	2395.29	2378.59	2384.04	33104
2024.04.12 08:00	2384.06	2400.45	2383.29	2396.6	31686
2024.04.12 12:00	2396.6	2400.24	2390.32	2395.76	36022
2024.04.12 16:00	2395.74	2431.39	2360.64	2369.16	90716
2024.04.12 20:00	2369.21	2373.03	2333.76	2343.72	42171
2024.04.15 00:00	2354.45	2372.32	2346.65	2353.09	21633
2024.04.15 04:00	2353.09	2364.5	2348.32	2356.61	31269
2024.04.15 08:00	2356.47	2362.38	2344.59	2351.51	38481
2024.04.15 12:00	2351.47	2361.13	2346.14	2357.18	32786
2024.04.15 16:00	2357.23	2360.98	2324.13	2357.04	63394
2024.04.15 20:00	2356.91	2387.47	2353.94	2382.95	36292
2024.04.16 00:00	2382.32	2391.98	2380.04	2383.35	11615
2024.04.16 04:00	2383.36	2389.29	2379.1	2386.02	26159
2024.04.16 08:00	2386.02	2388.92	2362.9	2369.31	37728
2024.04.16 12:00	2369.34	2378.11	2367.4	2376.13	36956
2024.04.16 16:00	2376.18	2398.23	2363.42	2397.47	74305
2024.04.16 20:00	2397.54	2397.63	2378.24	2382.48	39091
2024.04.17 00:00	2380.86	2386.83	2380.69	2384.3	10196
2024.04.17 04:00	2384.35	2386.15	2380.19	2381.82	19869
2024.04.17 08:00	2381.77	2393.46	2372.6	2392.82	31486
2024.04.17 12:00	2392.83	2394.2	2378.23	2383.21	31024
2024.04.17 16:00	2383.2	2395.5	2360.95	2372.27	64730
2024.04.17 20:00	2372.22	2378.98	2354.34	2361.0	32384
2024.04.18 00:00	2361.75	2369.97	2361.16	2369.68	8166
2024.04.18 04:00	2369.63	2376.4	2363.96	2374.98	26304
2024.04.18 08:00	2375.07	2380.86	2373.64	2379.86	31291
2024.04.18 12:00	2379.87	2387.4	2377.12	2385.41	33233
2024.04.18 16:00	2385.38	2392.7	2369.49	2387.88	66863
2024.04.18 20:00	2387.96	2389.23	2376.79	2378.6	24081
2024.04.19 00:00	2378.35	2381.39	2373.6	2379.44	8401
2024.04.19 04:00	2379.42	2417.69	2378.65	2383.36	66897
2024.04.19 08:00	2383.36	2393.76	2377.91	2384.16	36977
2024.04.19 12:00	2384.16	2386.03	2372.69	2381.38	32630
2024.04.19 16:00	2381.37	2399.62	2372.92	2399.56	49602
2024.04.19 20:00	2399.56	2401.8	2386.5	2391.12	20738
2024.04.22 00:00	2388.13	2388.27	2381.03	2382.06	11957
2024.04.22 04:00	2382.05	2384.2	2361.92	2369.56	29822
2024.04.22 08:00	2369.7	2370.34	2351.37	2359.48	37647
2024.04.22 12:00	2359.45	2363.54	2332.9	2336.67	36982
2024.04.22 16:00	2336.68	2343.73	2328.81	2329.78	47785
2024.04.22 20:00	2329.77	2334.78	2324.63	2327.0	15649
2024.04.23 00:00	2327.51	2333.78	2326.75	2332.55	9741
2024.04.23 04:00	2332.46	2334.34	2295.35	2305.38	41477
2024.04.23 08:00	2305.39	2314.58	2298.75	2303.18	33337
2024.04.23 12:00	2303.19	2313.48	2291.21	2311.74	40105
2024.04.23 16:00	2311.77	2332.05	2309.39	2330.21	60506
2024.04.23 20:00	2330.19	2331.27	2321.15	2321.98	17710
2024.04.24 00:00	2322.02	2324.2	2320.64	2320.86	6667
2024.04.24 04:00	2320.85	2329.96	2315.64	2326.54	23887
2024.04.24 08:00	2326.54	2331.14	2316.0	2319.07	25612
2024.04.24 12:00	2318.71	2323.42	2311.63	2323.19	26982
2024.04.24 16:00	2323.2	2337.18	2315.93	2325.04	52911
2024.04.24 20:00	2324.91	2330.39	2313.57	2315.82	21976
2024.04.25 00:00	2315.48	2319.3	2314.87	2319.08	6840
2024.04.25 04:00	2319.08	2322.0	2304.89	2315.19	19802
2024.04.25 08:00	2315.2	2328.77	2314.32	2326.8	23394
2024.04.25 12:00	2326.8	2334.59	2323.07	2330.59	31308
2024.04.25 16:00	2330.69	2344.73	2312.59	2328.62	67633
2024.04.25 20:00	2328.69	2336.36	2326.13	2332.26	20042
2024.04.26 00:00	2331.84	2333.27	2328.62	2329.78	4840
2024.04.26 04:00	2329.71	2338.04	2326.09	2335.72	16526
2024.04.26 08:00	2335.72	2350.18	2333.82	2346.93	27888
2024.04.26 12:00	2346.92	2352.4	2340.42	2344.7	29133
2024.04.26 16:00	2344.75	2350.32	2328.55	2333.51	56517
2024.04.26 20:00	2333.47	2341.32	2332.56	2337.52	15279
2024.04.29 00:00	2336.12	2337.17	2330.54	2331.92	8173
2024.04.29 04:00	2331.92	2333.11	2319.6	2332.46	33287
2024.04.29 08:00	2332.46	2341.2	2327.37	2338.02	38717
2024.04.29 12:00	2338.02	2344.26	2328.21	2331.84	27819
2024.04.29 16:00	2331.83	2346.62	2325.43	2342.73	45718
2024.04.29 20:00	2342.78	2346.53	2332.91	2335.31	20034
2024.04.30 00:00	2334.95	2336.15	2331.62	2333.91	7153
2024.04.30 04:00	2333.87	2336.08	2324.89	2326.36	19112
2024.04.30 08:00	2326.38	2326.74	2310.56	2312.77	27655
2024.04.30 12:00	2312.77	2317.85	2304.48	2305.98	31933
2024.04.30 16:00	2305.97	2313.16	2292.97	2294.61	60867
2024.04.30 20:00	2294.61	2297.4	2284.95	2285.97	23686
2024.05.01 00:00	2286.03	2293.06	2285.28	2286.77	8702
2024.05.01 04:00	2286.69	2289.36	2281.52	2283.12	12609
2024.05.01 08:00	2283.12	2289.6	2282.43	2286.21	16942
2024.05.01 12:00	2286.21	2299.89	2285.65	2298.16	26548
2024.05.01 16:00	2298.16	2310.42	2295.06	2303.68	50864
2024.05.01 20:00	2303.66	2328.18	2295.44	2319.17	56010
2024.05.02 00:00	2320.18	2325.83	2317.07	2324.32	10023
2024.05.02 04:00	2324.31	2326.32	2317.2	2318.09	13761
2024.05.02 08:00	2318.09	2318.97	2302.96	2304.02	28892
2024.05.02 12:00	2304.02	2305.28	2293.43	2294.38	38305
2024.05.02 16:00	2294.35	2306.82	2285.38	2299.48	58962
2024.05.02 20:00	2299.48	2309.36	2299.17	2303.41	20343
2024.05.03 00:00	2303.78	2305.47	2300.09	2303.88	6117
2024.05.03 04:00	2303.84	2307.93	2299.77	2307.32	13186
2024.05.03 08:00	2307.34	2308.64	2297.66	2301.24	20144
2024.05.03 12:00	2301.22	2320.52	2294.52	2304.64	30773
2024.05.03 16:00	2304.63	2308.83	2277.17	2299.12	59667
2024.05.03 20:00	2299.12	2303.29	2295.88	2301.6	14934
2024.05.06 00:00	2303.12	2305.77	2291.65	2295.84	9462
2024.05.06 04:00	2295.85	2315.23	2295.63	2309.07	23541
2024.05.06 08:00	2308.95	2324.16	2308.55	2318.13	23396
2024.05.06 12:00	2318.14	2330.18	2314.44	2323.19	23199
2024.05.06 16:00	2323.14	2331.98	2317.43	2325.52	40144
2024.05.06 20:00	2325.54	2328.72	2320.89	2323.77	15288
2024.05.07 00:00	2323.51	2329.37	2322.04	2329.18	7939
2024.05.07 04:00	2329.18	2329.84	2319.52	2322.56	18825
2024.05.07 08:00	2322.49	2323.18	2311.56	2315.6	20808
2024.05.07 12:00	2315.53	2317.26	2309.85	2315.95	20864
2024.05.07 16:00	2315.91	2323.59	2312.28	2312.36	35522
2024.05.07 20:00	2312.38	2317.34	2310.96	2313.86	13029
2024.05.08 00:00	2314.04	2316.66	2312.95	2314.09	5257
2024.05.08 04:00	2314.09	2319.17	2306.84	2319.11	18078
2024.05.08 08:00	2319.12	2321.26	2303.52	2307.21	21353
2024.05.08 12:00	2307.19	2318.87	2306.9	2314.44	23175
2024.05.08 16:00	2314.44	2320.94	2306.71	2316.88	37306
2024.05.08 20:00	2316.91	2317.41	2307.79	2308.69	14217
2024.05.09 00:00	2308.51	2310.77	2307.73	2309.17	5648
2024.05.09 04:00	2309.22	2315.17	2307.77	2314.38	14759
2024.05.09 08:00	2314.4	2319.71	2307.44	2310.29	19357
2024.05.09 12:00	2310.25	2329.18	2306.53	2326.64	23101
2024.05.09 16:00	2326.62	2338.69	2312.08	2329.58	46982
2024.05.09 20:00	2329.57	2347.12	2329.15	2345.85	18537
2024.05.10 00:00	2345.68	2348.91	2345.04	2347.47	6834
2024.05.10 04:00	2347.52	2355.77	2347.07	2353.88	22320
2024.05.10 08:00	2353.86	2372.01	2353.66	2369.5	25696
2024.05.10 12:00	2369.55	2378.22	2361.6	2364.68	26934
2024.05.10 16:00	2364.72	2372.95	2356.45	2368.18	42551
2024.05.10 20:00	2368.25	2370.87	2359.58	2360.32	13496
2024.05.13 00:00	2362.25	2364.39	2359.58	2363.88	6591
2024.05.13 04:00	2363.87	2364.03	2353.98	2354.17	20215
2024.05.13 08:00	2354.14	2354.98	2341.54	2343.17	21262
2024.05.13 12:00	2343.23	2349.73	2338.33	2346.96	25675
2024.05.13 16:00	2346.96	2349.26	2331.96	2336.67	40450
2024.05.13 20:00	2336.63	2338.41	2334.35	2336.19	12057
2024.05.14 00:00	2335.49	2339.57	2334.7	2336.3	4783
2024.05.14 04:00	2336.3	2344.76	2336.25	2343.95	15540
2024.05.14 08:00	2343.94	2345.83	2335.92	2343.67	18925
2024.05.14 12:00	2343.62	2350.12	2336.33	2348.11	26593
2024.05.14 16:00	2348.15	2356.98	2344.82	2354.1	45233
2024.05.14 20:00	2354.09	2359.57	2351.89	2357.8	14469
2024.05.15 00:00	2357.28	2357.74	2354.83	2355.73	5488
2024.05.15 04:00	2355.74	2360.89	2354.79	2356.92	16380
2024.05.15 08:00	2356.91	2374.19	2355.56	2373.02	21788
2024.05.15 12:00	2373.05	2378.64	2358.08	2372.45	30457
2024.05.15 16:00	2372.4	2386.6	2351.73	2383.59	57284
2024.05.15 20:00	2383.63	2390.11	2383.51	2385.73	19501
2024.05.16 00:00	2385.49	2395.04	2385.01	2394.84	9606
2024.05.16 04:00	2394.84	2397.19	2386.34	2391.18	26386
2024.05.16 08:00	2391.22	2394.36	2384.72	2385.95	22001
2024.05.16 12:00	2385.92	2387.66	2377.81	2379.04	23865
2024.05.16 16:00	2379.03	2383.66	2370.83	2381.86	41872
2024.05.16 20:00	2381.87	2382.35	2375.78	2376.54	13461
2024.05.17 00:00	2377.31	2379.59	2376.59	2377.88	4880
2024.05.17 04:00	2377.96	2381.16	2373.8	2378.7	15514
2024.05.17 08:00	2378.69	2387.68	2378.44	2384.12	20093
2024.05.17 12:00	2384.12	2393.96	2381.58	2393.17	18480
2024.05.17 16:00	2393.17	2419.06	2393.17	2407.72	49181
2024.05.17 20:00	2407.72	2422.55	2405.64	2413.75	21111
2024.05.20 00:00	2417.95	2426.42	2416.42	2425.3	13361
2024.05.20 04:00	2425.38	2440.53	2425.38	2437.17	30234
2024.05.20 08:00	2437.16	2449.93	2431.78	2439.97	34099
2024.05.20 12:00	2440.02	2447.08	2407.24	2413.78	36099
2024.05.20 16:00	2413.68	2427.96	2410.3	2426.45	49253
2024.05.20 20:00	2426.46	2437.29	2423.18	2425.99	23834
2024.05.21 00:00	2426.88	2430.44	2424.26	2428.78	7052
2024.05.21 04:00	2428.77	2433.01	2405.96	2412.35	34903
2024.05.21 08:00	2412.43	2422.04	2408.47	2418.66	30274
2024.05.21 12:00	2418.57	2429.87	2412.07	2426.14	26069
2024.05.21 16:00	2426.18	2433.84	2417.89	2422.8	55664
2024.05.21 20:00	2422.86	2424.97	2417.27	2420.67	17109
2024.05.22 00:00	2420.92	2423.07	2420.29	2420.41	5529
2024.05.22 04:00	2420.4	2426.44	2412.05	2412.82	22925
2024.05.22 08:00	2412.76	2418.39	2410.5	2416.76	26982
2024.05.22 12:00	2416.77	2419.21	2404.63	2412.29	30733
2024.05.22 16:00	2412.27	2413.19	2382.05	2391.77	55145
2024.05.22 20:00	2391.78	2394.27	2374.8	2378.46	28135
2024.05.23 00:00	2377.83	2383.64	2377.53	2380.24	8389
2024.05.23 04:00	2380.24	2381.78	2366.61	2372.63	26708
2024.05.23 08:00	2372.65	2373.09	2354.81	2360.38	34332
2024.05.23 12:00	2360.38	2369.29	2358.62	2362.58	26770
2024.05.23 16:00	2362.61	2369.78	2339.86	2340.84	61044
2024.05.23 20:00	2340.89	2342.91	2326.84	2328.46	25008
2024.05.24 00:00	2328.63	2333.43	2327.39	2328.98	7829
2024.05.24 04:00	2328.96	2335.07	2325.27	2334.96	23754
2024.05.24 08:00	2334.96	2340.92	2333.03	2340.02	23183
2024.05.24 12:00	2340.02	2343.8	2334.57	2339.17	22657
2024.05.24 16:00	2339.18	2347.29	2332.23	2334.13	35683
2024.05.24 20:00	2334.11	2336.65	2331.72	2333.56	12203
2024.05.27 00:00	2336.56	2340.63	2331.99	2336.02	7164
2024.05.27 04:00	2335.99	2347.45	2334.43	2342.88	18264
2024.05.27 08:00	2342.81	2346.07	2337.98	2344.08	17206
2024.05.27 12:00	2344.08	2349.52	2342.28	2347.06	17336
2024.05.27 16:00	2347.07	2358.34	2344.44	2354.81	33948
2024.05.27 20:00	2354.81	2354.98	2351.48	2352.26	2264
2024.05.28 00:00	2351.12	2353.68	2350.66	2351.65	5357
2024.05.28 04:00	2351.61	2356.23	2348.99	2350.86	22057
2024.05.28 08:00	2350.88	2353.55	2340.14	2344.8	25660
2024.05.28 12:00	2344.81	2356.96	2342.15	2353.09	21086
2024.05.28 16:00	2353.1	2363.88	2347.79	2356.53	52503
2024.05.28 20:00	2356.55	2361.18	2352.66	2361.02	18499
2024.05.29 00:00	2360.11	2362.2	2357.26	2357.71	6803
2024.05.29 04:00	2357.72	2360.76	2354.33	2358.09	21823
2024.05.29 08:00	2358.1	2361.22	2344.79	2345.37	30428
2024.05.29 12:00	2345.4	2347.14	2334.29	2337.65	24668
2024.05.29 16:00	2337.53	2347.06	2335.8	2341.85	37490
2024.05.29 20:00	2341.79	2344.16	2335.75	2337.91	13654
2024.05.30 00:00	2337.9	2339.06	2333.88	2336.77	8309
2024.05.30 04:00	2336.78	2339.79	2327.91	2335.11	29418
2024.05.30 08:00	2335.11	2337.59	2322.51	2334.91	32071
2024.05.30 12:00	2334.92	2345.09	2330.48	2341.25	33352
2024.05.30 16:00	2341.25	2351.67	2339.64	2347.72	46800
2024.05.30 20:00	2347.75	2348.7	2339.82	2342.83	14446
2024.05.31 00:00	2344.68	2347.44	2341.91	2346.18	8592
2024.05.31 04:00	2346.19	2347.59	2336.88	2343.97	26588
2024.05.31 08:00	2343.98	2346.95	2339.57	2343.12	24099
2024.05.31 12:00	2343.11	2356.64	2340.87	2354.68	27207
2024.05.31 16:00	2354.67	2359.62	2327.59	2332.74	63373
2024.05.31 20:00	2332.73	2333.71	2320.44	2326.98	22749
2024.06.03 00:00	2328.17	2329.21	2323.15	2326.96	8885
2024.06.03 04:00	2326.96	2331.0	2319.88	2321.2	24421
2024.06.03 08:00	2321.19	2328.7	2314.63	2325.32	33231
2024.06.03 12:00	2325.32	2334.23	2324.23	2333.94	25490
2024.06.03 16:00	2333.88	2350.03	2329.7	2349.05	51400
2024.06.03 20:00	2348.95	2354.64	2344.63	2350.54	18829
2024.06.04 00:00	2351.36	2352.7	2349.6	2350.48	6177
2024.06.04 04:00	2350.48	2352.2	2342.94	2349.18	21419
2024.06.04 08:00	2349.16	2351.69	2332.14	2333.19	29065
2024.06.04 12:00	2333.22	2335.83	2325.2	2335.0	37185
2024.06.04 16:00	2335.02	2337.86	2315.52	2323.75	58178
2024.06.04 20:00	2323.87	2330.15	2323.64	2326.71	16238
2024.06.05 00:00	2326.88	2329.52	2326.1	2328.06	5767
2024.06.05 04:00	2328.05	2338.06	2325.76	2337.84	19641
2024.06.05 08:00	2337.83	2341.55	2327.89	2332.51	26009
2024.06.05 12:00	2332.53	2343.89	2329.33	2342.05	26797
2024.06.05 16:00	2342.04	2357.28	2333.97	2352.56	55105
2024.06.05 20:00	2352.62	2356.69	2351.61	2355.05	13675
2024.06.06 00:00	2357.02	2357.69	2354.45	2355.58	6098
2024.06.06 04:00	2355.56	2374.86	2355.45	2369.32	30006
2024.06.06 08:00	2369.31	2371.31	2359.72	2362.76	22940
2024.06.06 12:00	2362.82	2365.03	2355.08	2357.48	25325
2024.06.06 16:00	2357.5	2378.38	2353.29	2372.75	55462
2024.06.06 20:00	2372.74	2376.03	2368.88	2375.56	17755
2024.06.07 00:00	2375.4	2379.1	2375.17	2378.25	6918
2024.06.07 04:00	2378.32	2387.3	2369.26	2386.53	29642
2024.06.07 08:00	2386.48	2387.59	2342.55	2347.22	38035
2024.06.07 12:00	2347.2	2347.86	2313.18	2319.17	43097
2024.06.07 16:00	2319.15	2327.92	2302.91	2311.54	59282
2024.06.07 20:00	2311.59	2312.26	2286.6	2293.64	25832
2024.06.10 00:00	2293.83	2299.95	2288.87	2296.91	10125
2024.06.10 04:00	2296.87	2301.27	2292.61	2294.68	14972
2024.06.10 08:00	2294.69	2297.38	2287.63	2292.51	25012
2024.06.10 12:00	2292.51	2308.55	2291.7	2306.06	26238
2024.06.10 16:00	2306.05	2313.73	2300.29	2312.8	37656
2024.06.10 20:00	2312.8	2313.27	2308.38	2310.76	13323
2024.06.11 00:00	2312.27	2312.27	2308.65	2310.72	5776
2024.06.11 04:00	2310.7	2310.7	2298.66	2303.51	28324
2024.06.11 08:00	2303.46	2307.66	2297.57	2305.88	24192
2024.06.11 12:00	2305.92	2319.85	2301.45	2317.84	27795
2024.06.11 16:00	2317.83	2319.49	2305.8	2308.43	43887
2024.06.11 20:00	2308.55	2316.81	2307.73	2316.72	14358
2024.06.12 00:00	2316.63	2317.49	2313.33	2313.64	6040
2024.06.12 04:00	2313.65	2316.59	2310.55	2312.57	17030
2024.06.12 08:00	2312.57	2317.63	2310.69	2312.71	18822
2024.06.12 12:00	2312.69	2337.52	2311.49	2335.84	28453
2024.06.12 16:00	2335.85	2341.57	2319.93	2337.56	57469
2024.06.12 20:00	2337.6	2339.46	2315.73	2324.72	42076
2024.06.13 00:00	2324.72	2325.37	2317.54	2320.66	7374
2024.06.13 04:00	2320.66	2321.43	2308.03	2311.7	27914
2024.06.13 08:00	2311.71	2318.52	2308.82	2315.45	24069
2024.06.13 12:00	2315.44	2326.53	2303.84	2323.17	34607
2024.06.13 16:00	2323.21	2324.61	2295.4	2299.14	55499
2024.06.13 20:00	2299.21	2304.82	2298.97	2303.79	16700
2024.06.14 00:00	2303.22	2305.59	2301.41	2304.82	5920
2024.06.14 04:00	2304.84	2308.57	2302.97	2305.82	23147
2024.06.14 08:00	2305.82	2321.55	2305.45	2317.2	31313
2024.06.14 12:00	2317.24	2336.48	2315.12	2330.21	41874
2024.06.14 16:00	2330.21	2335.36	2323.95	2328.69	49348
2024.06.14 20:00	2328.72	2335.44	2328.37	2332.57	16234
2024.06.17 00:00	2331.63	2332.46	2325.1	2326.3	7578
2024.06.17 04:00	2326.44	2328.9	2321.37	2323.53	21400
2024.06.17 08:00	2323.51	2323.53	2315.38	2321.2	26015
2024.06.17 12:00	2321.2	2322.53	2316.72	2319.5	26305
2024.06.17 16:00	2319.48	2327.46	2309.86	2316.79	41736
2024.06.17 20:00	2316.78	2320.5	2313.18	2318.99	16220
2024.06.18 00:00	2319.05	2325.41	2318.32	2324.0	6571
2024.06.18 04:00	2324.01	2325.52	2319.13	2322.45	20264
2024.06.18 08:00	2322.44	2323.7	2310.61	2311.16	24876
2024.06.18 12:00	2311.14	2324.11	2306.45	2313.8	31072
2024.06.18 16:00	2313.81	2330.61	2313.53	2330.11	48594
2024.06.18 20:00	2330.17	2332.99	2327.32	2329.2	15531
2024.06.19 00:00	2329.34	2330.1	2327.38	2329.34	4805
2024.06.19 04:00	2329.34	2331.63	2326.33	2327.85	14518
2024.06.19 08:00	2327.84	2334.87	2326.7	2332.43	19324
2024.06.19 12:00	2332.43	2332.78	2325.14	2328.19	20920
2024.06.19 16:00	2328.19	2331.31	2323.57	2329.28	24435
2024.06.19 20:00	2329.25	2330.87	2328.13	2328.31	2267
2024.06.20 00:00	2328.3	2330.33	2327.63	2329.6	4823
2024.06.20 04:00	2329.6	2340.82	2329.6	2340.33	25388
2024.06.20 08:00	2340.32	2345.53	2332.52	2333.22	30376
2024.06.20 12:00	2333.22	2343.51	2331.5	2338.44	28409
2024.06.20 16:00	2338.46	2365.33	2336.52	2356.19	50894
2024.06.20 20:00	2356.19	2360.91	2354.47	2359.87	15520
2024.06.21 00:00	2360.47	2364.72	2358.0	2364.0	8148
2024.06.21 04:00	2364.0	2364.09	2356.96	2362.79	22021
2024.06.21 08:00	2362.78	2368.0	2355.04	2365.23	24718
2024.06.21 12:00	2365.21	2368.63	2360.35	2360.55	20767
2024.06.21 16:00	2360.55	2363.65	2323.17	2324.64	51150
2024.06.21 20:00	2324.61	2325.03	2316.58	2321.17	18472
2024.06.24 00:00	2321.27	2322.48	2317.52	2320.8	7310
2024.06.24 04:00	2320.84	2326.52	2318.93	2324.38	21733
2024.06.24 08:00	2324.4	2332.69	2321.2	2330.47	21232
2024.06.24 12:00	2330.47	2330.86	2320.6	2327.53	23357
2024.06.24 16:00	2327.54	2333.79	2325.81	2331.62	31300
2024.06.24 20:00	2331.59	2334.61	2330.52	2334.08	11165
2024.06.25 00:00	2333.63	2334.28	2328.15	2329.98	4423
2024.06.25 04:00	2329.97	2330.82	2322.58	2327.33	19322
2024.06.25 08:00	2327.34	2330.44	2322.83	2329.5	20548
2024.06.25 12:00	2329.46	2337.01	2323.95	2324.07	21908
2024.06.25 16:00	2324.15	2328.2	2315.34	2317.7	37819
2024.06.25 20:00	2317.68	2320.52	2316.73	2319.36	11271
2024.06.26 00:00	2319.15	2323.68	2317.59	2318.31	8075
2024.06.26 04:00	2318.31	2321.59	2310.44	2316.7	25825
2024.06.26 08:00	2316.7	2318.09	2309.52	2315.54	25097
2024.06.26 12:00	2315.62	2318.31	2304.3	2310.08	31789
2024.06.26 16:00	2309.97	2311.52	2293.48	2299.62	44594
2024.06.26 20:00	2299.62	2302.89	2296.81	2298.02	13694
2024.06.27 00:00	2297.92	2300.05	2296.64	2298.9	6197
2024.06.27 04:00	2298.98	2301.04	2296.64	2300.36	15910
2024.06.27 08:00	2300.38	2308.28	2296.4	2307.49	24506
2024.06.27 12:00	2307.47	2325.5	2307.24	2322.74	31202
2024.06.27 16:00	2322.72	2330.77	2319.4	2325.3	44308
2024.06.27 20:00	2325.29	2328.41	2322.29	2327.45	13225
2024.06.28 00:00	2327.52	2328.17	2321.29	2321.49	6033
2024.06.28 04:00	2321.47	2324.87	2318.87	2321.07	23917
2024.06.28 08:00	2321.06	2331.79	2320.8	2328.59	23888
2024.06.28 12:00	2328.56	2339.22	2327.15	2335.38	28404
2024.06.28 16:00	2335.31	2339.56	2322.73	2329.88	42811
2024.06.28 20:00	2329.95	2332.62	2322.7	2326.37	15470
2024.07.01 00:00	2326.21	2326.59	2322.03	2324.68	8300
2024.07.01 04:00	2324.68	2328.48	2321.31	2323.52	17408
2024.07.01 08:00	2323.52	2328.86	2318.34	2325.71	25413
2024.07.01 12:00	2325.71	2338.37	2325.32	2327.25	28916
2024.07.01 16:00	2327.32	2334.16	2319.13	2328.05	43287
2024.07.01 20:00	2328.04	2332.28	2326.64	2331.58	10765
2024.07.02 00:00	2331.04	2333.8	2330.81	2332.96	4734
2024.07.02 04:00	2332.96	2334.24	2324.74	2327.15	16782
2024.07.02 08:00	2327.0	2332.37	2323.2	2331.05	20468
2024.07.02 12:00	2331.04	2331.83	2318.96	2327.37	23979
2024.07.02 16:00	2327.32	2336.7	2320.84	2322.74	39423
2024.07.02 20:00	2322.73	2331.26	2321.97	2329.18	10613
2024.07.03 00:00	2329.27	2332.06	2329.27	2330.13	4167
2024.07.03 04:00	2330.13	2335.18	2326.74	2334.33	14025
2024.07.03 08:00	2334.3	2347.46	2331.86	2344.5	25638
2024.07.03 12:00	2344.59	2356.03	2342.06	2350.37	27945
2024.07.03 16:00	2350.27	2364.8	2347.49	2356.48	45600
2024.07.03 20:00	2356.43	2360.76	2353.55	2355.82	11103
2024.07.04 00:00	2356.79	2359.53	2355.9	2358.48	3955
2024.07.04 04:00	2358.48	2362.42	2357.06	2358.41	13508
2024.07.04 08:00	2358.41	2359.53	2350.4	2358.74	14993
2024.07.04 12:00	2358.76	2360.24	2355.48	2357.65	11148
2024.07.04 16:00	2357.65	2361.76	2355.33	2357.7	17555
2024.07.04 20:00	2357.72	2357.89	2355.93	2356.32	1100
2024.07.05 00:00	2356.38	2358.95	2354.06	2358.76	6698
2024.07.05 04:00	2358.77	2364.56	2356.74	2363.82	18344
2024.07.05 08:00	2363.83	2367.8	2362.12	2366.29	20689
2024.07.05 12:00	2366.29	2375.98	2351.45	2371.99	27218
2024.07.05 16:00	2371.98	2388.25	2370.56	2386.35	49385
2024.07.05 20:00	2386.34	2392.83	2384.5	2391.18	17520
2024.07.08 00:00	2386.56	2390.04	2384.41	2386.6	7449
2024.07.08 04:00	2386.53	2390.99	2380.62	2384.79	19380
2024.07.08 08:00	2384.81	2386.63	2371.8	2372.7	25454
2024.07.08 12:00	2372.58	2377.35	2368.21	2372.65	23764
2024.07.08 16:00	2372.65	2379.42	2350.93	2358.55	45679
2024.07.08 20:00	2358.59	2359.71	2354.74	2359.01	13768
2024.07.09 00:00	2358.76	2363.55	2358.33	2361.73	7120
2024.07.09 04:00	2361.78	2368.63	2360.35	2367.25	21519
2024.07.09 08:00	2367.24	2368.22	2358.11	2361.53	22601
2024.07.09 12:00	2361.54	2365.49	2355.97	2360.08	23178
2024.07.09 16:00	2360.04	2371.45	2349.27	2357.4	54733
2024.07.09 20:00	2357.41	2365.51	2357.39	2363.56	15601
2024.07.10 00:00	2363.16	2366.41	2363.0	2364.59	4610
2024.07.10 04:00	2364.59	2370.14	2363.16	2367.61	17355
2024.07.10 08:00	2367.58	2374.85	2367.06	2372.72	21129
2024.07.10 12:00	2372.75	2381.72	2371.54	2377.67	21678
2024.07.10 16:00	2377.66	2386.52	2373.78	2377.74	41063
2024.07.10 20:00	2377.75	2378.4	2369.76	2371.12	15108
2024.07.11 00:00	2370.49	2374.32	2370.37	2374.1	4467
2024.07.11 04:00	2374.11	2382.36	2372.9	2381.85	18283
2024.07.11 08:00	2381.84	2383.94	2378.38	2381.25	24180
2024.07.11 12:00	2381.26	2409.59	2377.91	2406.2	31865
2024.07.11 16:00	2406.13	2424.39	2395.68	2411.5	70286
2024.07.11 20:00	2411.5	2418.54	2409.86	2415.2	20281
2024.07.12 00:00	2415.48	2416.18	2410.91	2411.88	13556
2024.07.12 04:00	2411.89	2414.11	2406.49	2408.47	23351
2024.07.12 08:00	2408.46	2409.95	2400.17	2407.3	30511
2024.07.12 12:00	2407.31	2408.17	2391.27	2397.81	35370
2024.07.12 16:00	2397.81	2416.76	2396.62	2415.75	52240
2024.07.12 20:00	2415.74	2418.12	2411.03	2411.22	15077
2024.07.15 00:00	2411.82	2414.86	2405.5	2408.32	9452
2024.07.15 04:00	2408.32	2413.24	2404.82	2411.35	20003
2024.07.15 08:00	2411.36	2413.83	2401.21	2411.85	31442
2024.07.15 12:00	2411.87	2420.66	2407.57	2414.69	35290
2024.07.15 16:00	2414.61	2439.56	2411.38	2430.06	51499
2024.07.15 20:00	2430.11	2430.14	2419.62	2422.07	19465
2024.07.16 00:00	2422.34	2422.66	2419.82	2421.11	5654
2024.07.16 04:00	2421.11	2431.34	2421.1	2429.14	21310
2024.07.16 08:00	2429.15	2439.2	2427.99	2436.46	28910
2024.07.16 12:00	2436.48	2443.88	2429.23	2432.44	34663
2024.07.16 16:00	2432.46	2465.11	2430.83	2459.0	55966
2024.07.16 20:00	2459.05	2469.55	2458.52	2468.57	21483
2024.07.17 00:00	2467.72	2473.14	2466.04	2468.6	9504
2024.07.17 04:00	2468.58	2482.25	2463.84	2467.67	32410
2024.07.17 08:00	2467.64	2478.73	2461.66	2474.84	38173
2024.07.17 12:00	2474.84	2476.22	2466.55	2473.3	38875
2024.07.17 16:00	2473.31	2483.53	2452.73	2455.47	57873
2024.07.17 20:00	2455.48	2460.29	2451.38	2458.46	15418
2024.07.18 00:00	2458.15	2461.76	2457.22	2458.7	10686
2024.07.18 04:00	2458.7	2468.78	2457.48	2465.09	24415
2024.07.18 08:00	2465.1	2474.8	2464.45	2465.83	33631
2024.07.18 12:00	2465.84	2468.76	2461.36	2463.83	34314
2024.07.18 16:00	2463.83	2469.74	2455.7	2456.04	55041
2024.07.18 20:00	2456.05	2457.43	2440.21	2445.02	21207
2024.07.19 00:00	2445.47	2445.57	2425.96	2434.27	12287
2024.07.19 04:00	2434.25	2434.47	2420.31	2425.33	31759
2024.07.19 08:00	2425.35	2425.96	2412.75	2420.3	38188
2024.07.19 12:00	2420.29	2420.97	2401.43	2403.6	36896
2024.07.19 16:00	2403.6	2408.28	2393.7	2399.53	55726
2024.07.19 20:00	2399.6	2400.68	2395.49	2400.19	15225
2024.07.22 00:00	2401.63	2411.83	2400.27	2407.72	10019
2024.07.22 04:00	2407.68	2412.05	2403.07	2405.43	25681
2024.07.22 08:00	2405.42	2407.19	2398.8	2400.7	34814
2024.07.22 12:00	2400.72	2408.26	2388.68	2394.19	32647
2024.07.22 16:00	2394.18	2400.06	2383.79	2392.9	46687
2024.07.22 20:00	2392.97	2399.91	2391.67	2396.25	14765
2024.07.23 00:00	2396.43	2400.13	2394.65	2399.81	6561
2024.07.23 04:00	2399.81	2403.87	2395.6	2396.4	26040
2024.07.23 08:00	2396.43	2407.03	2388.15	2403.87	35728
2024.07.23 12:00	2403.88	2411.91	2403.05	2405.32	33154
2024.07.23 16:00	2405.32	2407.55	2399.4	2405.18	41521
2024.07.23 20:00	2405.18	2409.9	2402.52	2409.34	15366
2024.07.24 00:00	2408.78	2410.06	2407.75	2408.21	5321
2024.07.24 04:00	2408.21	2418.27	2404.83	2417.73	31511
2024.07.24 08:00	2417.71	2419.08	2410.62	2411.73	30844
2024.07.24 12:00	2411.74	2421.87	2409.7	2421.32	32249
2024.07.24 16:00	2421.33	2431.89	2413.49	2418.89	52155
2024.07.24 20:00	2418.88	2419.5	2396.7	2397.04	22896
2024.07.25 00:00	2396.69	2401.04	2392.89	2396.95	13753
2024.07.25 04:00	2396.94	2399.93	2366.66	2377.45	49368
2024.07.25 08:00	2377.49	2378.58	2365.7	2374.53	43745
2024.07.25 12:00	2374.5	2382.46	2362.67	2371.03	47411
2024.07.25 16:00	2371.04	2376.19	2357.4	2362.48	63407
2024.07.25 20:00	2362.66	2365.37	2352.98	2364.35	22436
2024.07.26 00:00	2364.02	2365.27	2361.95	2362.58	9398
2024.07.26 04:00	2362.57	2379.23	2355.69	2369.68	33641
2024.07.26 08:00	2369.66	2375.18	2365.14	2372.83	34346
2024.07.26 12:00	2372.83	2378.92	2370.18	2377.37	33372
2024.07.26 16:00	2377.39	2390.65	2373.86	2389.02	51690
2024.07.26 20:00	2389.02	2389.04	2381.03	2387.0	17092
2024.07.29 00:00	2387.72	2402.99	2386.37	2399.86	14038
2024.07.29 04:00	2399.87	2402.39	2388.53	2394.7	30178
2024.07.29 08:00	2394.71	2396.17	2386.84	2390.25	35023
2024.07.29 12:00	2390.23	2395.32	2385.33	2393.69	31145
2024.07.29 16:00	2393.7	2396.59	2369.41	2378.02	50792
2024.07.29 20:00	2378.02	2385.29	2376.78	2383.41	19094
2024.07.30 00:00	2383.07	2384.79	2380.12	2381.72	6351
2024.07.30 04:00	2381.72	2388.19	2376.33	2386.26	28932
2024.07.30 08:00	2386.25	2391.92	2385.94	2389.3	34891
2024.07.30 12:00	2389.31	2392.28	2385.58	2386.39	26012
2024.07.30 16:00	2386.4	2400.18	2383.29	2399.72	57703
2024.07.30 20:00	2399.76	2412.66	2399.71	2410.62	25983
2024.07.31 00:00	2410.33	2410.75	2407.78	2408.9	10575
2024.07.31 04:00	2408.83	2421.23	2403.74	2421.01	39992
2024.07.31 08:00	2421.01	2425.4	2415.34	2421.32	38786
2024.07.31 12:00	2421.33	2423.13	2417.25	2420.35	29744
2024.07.31 16:00	2420.35	2428.94	2417.71	2426.91	48550
2024.07.31 20:00	2427.01	2450.79	2421.38	2447.07	39885
2024.08.01 00:00	2448.01	2449.36	2444.16	2447.46	12505
2024.08.01 04:00	2447.33	2458.24	2437.2	2444.1	39564
2024.08.01 08:00	2444.12	2448.75	2433.1	2433.71	41375
2024.08.01 12:00	2433.68	2454.78	2430.07	2450.58	39480
2024.08.01 16:00	2450.58	2462.16	2441.96	2444.36	65409
2024.08.01 20:00	2444.38	2447.43	2434.83	2446.26	29558
2024.08.02 00:00	2446.18	2452.2	2443.55	2448.95	14158
2024.08.02 04:00	2448.95	2460.25	2434.76	2457.81	39478
2024.08.02 08:00	2457.82	2468.32	2457.54	2461.88	41761
2024.08.02 12:00	2461.88	2477.52	2455.71	2472.78	42663
2024.08.02 16:00	2472.71	2474.28	2410.63	2430.33	84143
2024.08.02 20:00	2430.33	2442.34	2422.81	2441.52	25547
2024.08.05 00:00	2443.94	2447.17	2413.83	2421.99	28696
2024.08.05 04:00	2421.98	2458.62	2419.96	2452.54	46799
2024.08.05 08:00	2452.56	2452.56	2422.02	2424.81	63895
2024.08.05 12:00	2424.82	2428.62	2364.15	2374.35	65101
2024.08.05 16:00	2374.46	2412.0	2374.44	2402.91	74061
2024.08.05 20:00	2402.9	2412.91	2400.03	2409.73	34440
2024.08.06 00:00	2409.48	2418.18	2404.27	2415.76	19346
2024.08.06 04:00	2415.77	2417.63	2405.73	2407.91	38449
2024.08.06 08:00	2407.9	2415.28	2394.68	2410.93	53536
2024.08.06 12:00	2410.99	2416.19	2391.67	2392.9	45635
2024.08.06 16:00	2392.91	2403.05	2381.38	2389.86	58116
2024.08.06 20:00	2389.82	2395.89	2386.35	2389.67	25247
2024.08.07 00:00	2390.58	2390.98	2380.96	2386.36	13981
2024.08.07 04:00	2386.38	2394.63	2378.86	2392.69	42420
2024.08.07 08:00	2392.62	2397.46	2387.96	2393.2	38322
2024.08.07 12:00	2393.22	2406.91	2392.34	2403.67	32347
2024.08.07 16:00	2403.76	2404.74	2391.86	2399.61	50680
2024.08.07 20:00	2399.6	2399.62	2381.7	2382.81	28301
2024.08.08 00:00	2381.96	2388.69	2380.1	2385.43	15538
2024.08.08 04:00	2385.42	2396.25	2384.88	2394.21	34634
2024.08.08 08:00	2394.21	2400.61	2392.32	2394.4	35601
2024.08.08 12:00	2394.43	2415.37	2393.73	2407.93	41579
2024.08.08 16:00	2407.93	2424.22	2402.21	2417.95	56600
2024.08.08 20:00	2417.96	2427.53	2415.66	2427.03	23724
2024.08.09 00:00	2426.55	2427.83	2422.49	2423.86	11277
2024.08.09 04:00	2423.87	2428.81	2419.21	2423.81	30062
2024.08.09 08:00	2423.81	2426.89	2416.77	2424.4	33463
2024.08.09 12:00	2424.37	2432.5	2422.56	2429.55	31911
2024.08.09 16:00	2429.4	2435.83	2420.91	2434.35	51529
2024.08.09 20:00	2434.33	2436.88	2427.09	2430.58	18784
2024.08.12 00:00	2429.68	2433.25	2426.61	2428.38	6865
2024.08.12 04:00	2428.27	2433.49	2423.67	2433.31	20549
2024.08.12 08:00	2433.31	2443.7	2428.99	2441.91	29699
2024.08.12 12:00	2441.92	2445.35	2439.55	2444.34	26227
2024.08.12 16:00	2444.34	2465.99	2442.0	2463.04	52494
2024.08.12 20:00	2463.03	2473.06	2461.59	2471.81	19223
2024.08.13 00:00	2470.29	2476.87	2468.35	2472.0	9592
2024.08.13 04:00	2472.02	2473.59	2460.05	2461.89	29949
2024.08.13 08:00	2461.89	2466.05	2458.37	2460.47	30182
2024.08.13 12:00	2460.49	2472.37	2458.78	2467.51	33141
2024.08.13 16:00	2467.52	2475.48	2458.76	2469.37	46609
2024.08.13 20:00	2469.37	2470.23	2462.08	2464.8	15925
2024.08.14 00:00	2465.87	2467.28	2462.75	2465.53	7898
2024.08.14 04:00	2465.52	2472.42	2455.14	2461.73	32439
2024.08.14 08:00	2461.68	2478.46	2459.11	2474.3	32150
2024.08.14 12:00	2474.25	2479.65	2462.14	2468.68	33369
2024.08.14 16:00	2468.66	2469.41	2437.95	2444.05	61272
2024.08.14 20:00	2444.06	2448.31	2440.19	2447.78	19360
2024.08.15 00:00	2447.11	2454.18	2446.33	2450.09	8561
2024.08.15 04:00	2450.02	2455.42	2448.09	2453.26	24106
2024.08.15 08:00	2453.26	2458.69	2450.19	2455.36	29007
2024.08.15 12:00	2455.36	2469.98	2440.88	2440.95	33134
2024.08.15 16:00	2441.08	2459.83	2432.03	2455.63	57436
2024.08.15 20:00	2455.64	2461.51	2453.34	2456.39	20657
2024.08.16 00:00	2455.57	2459.65	2454.26	2458.29	6691
2024.08.16 04:00	2458.47	2459.98	2450.63	2452.59	25911
2024.08.16 08:00	2452.61	2464.38	2451.03	2462.29	30136
2024.08.16 12:00	2462.28	2492.29	2461.13	2491.51	34516
2024.08.16 16:00	2491.51	2500.01	2477.36	2495.79	58461
2024.08.16 20:00	2495.78	2509.57	2492.99	2507.43	24647
2024.08.19 00:00	2509.19	2509.98	2500.12	2501.88	10878
2024.08.19 04:00	2501.94	2505.82	2494.82	2500.53	32642
2024.08.19 08:00	2500.55	2507.05	2498.98	2503.0	33660
2024.08.19 12:00	2503.01	2503.87	2486.39	2491.09	32297
2024.08.19 16:00	2491.09	2507.34	2485.52	2505.38	47800
2024.08.19 20:00	2505.36	2505.79	2500.6	2504.05	16113
2024.08.20 00:00	2503.39	2506.82	2501.92	2504.88	7175
2024.08.20 04:00	2504.83	2508.18	2498.59	2500.7	25828
2024.08.20 08:00	2500.7	2522.96	2497.21	2519.7	36573
2024.08.20 12:00	2519.75	2529.1	2519.66	2526.61	32506
2024.08.20 16:00	2526.57	2531.61	2500.66	2508.95	55234
2024.08.20 20:00	2508.96	2516.78	2506.62	2513.86	17095
2024.08.21 00:00	2513.03	2515.94	2512.4	2513.36	7816
2024.08.21 04:00	2513.39	2519.79	2510.71	2516.05	27306
2024.08.21 08:00	2516.01	2519.5	2506.79	2507.21	29711
2024.08.21 12:00	2507.07	2513.59	2504.35	2510.45	29719
2024.08.21 16:00	2510.55	2512.83	2493.33	2506.98	53662
2024.08.21 20:00	2506.97	2519.03	2506.8	2512.22	22171
2024.08.22 00:00	2511.37	2514.55	2510.79	2513.63	6856
2024.08.22 04:00	2513.62	2514.05	2499.18	2501.78	27603
2024.08.22 08:00	2501.78	2510.49	2500.56	2503.53	32378
2024.08.22 12:00	2503.54	2509.01	2495.1	2500.55	33431
2024.08.22 16:00	2500.55	2501.41	2470.72	2484.19	55048
2024.08.22 20:00	2484.19	2484.74	2478.43	2484.52	17221
2024.08.23 00:00	2484.95	2492.15	2484.22	2489.89	7304
2024.08.23 04:00	2489.9	2494.43	2486.59	2493.28	25718
2024.08.23 08:00	2493.27	2499.83	2490.49	2498.87	27825
2024.08.23 12:00	2498.87	2502.33	2495.5	2501.15	27144
2024.08.23 16:00	2501.15	2518.19	2494.3	2510.19	65839
2024.08.23 20:00	2510.19	2513.07	2507.78	2512.28	19753
2024.08.26 00:00	2511.25	2516.83	2510.68	2513.59	13083
2024.08.26 04:00	2513.47	2515.38	2508.79	2509.52	26757
2024.08.26 08:00	2509.48	2525.68	2508.57	2524.12	30612
2024.08.26 12:00	2524.12	2526.77	2520.79	2523.73	30019
2024.08.26 16:00	2523.71	2526.3	2510.52	2520.12	49329
2024.08.26 20:00	2520.08	2523.23	2515.45	2517.82	15643
2024.08.27 00:00	2518.05	2518.05	2512.83	2513.06	6623
2024.08.27 04:00	2513.09	2514.0	2505.68	2507.21	25313
2024.08.27 08:00	2507.12	2517.45	2503.38	2510.96	36485
2024.08.27 12:00	2510.9	2514.25	2506.78	2509.79	31978
2024.08.27 16:00	2509.74	2520.17	2503.37	2514.3	46884
2024.08.27 20:00	2514.3	2525.83	2513.99	2524.57	19387
2024.08.28 00:00	2524.67	2528.92	2523.77	2524.35	7997
2024.08.28 04:00	2524.35	2524.35	2510.07	2511.45	24214
2024.08.28 08:00	2511.42	2511.61	2503.28	2508.04	33957
2024.08.28 12:00	2507.97	2511.28	2493.5	2500.48	30951
2024.08.28 16:00	2500.49	2510.6	2496.25	2501.8	43312
2024.08.28 20:00	2501.79	2509.52	2500.44	2504.45	20303
2024.08.29 00:00	2504.17	2515.14	2504.13	2512.18	9599
2024.08.29 04:00	2512.23	2518.04	2511.49	2515.69	22648
2024.08.29 08:00	2515.67	2521.03	2513.7	2517.08	29793
2024.08.29 12:00	2517.1	2524.31	2503.45	2509.08	32908
2024.08.29 16:00	2509.1	2526.61	2508.04	2525.17	44338
2024.08.29 20:00	2525.18	2528.54	2520.57	2521.01	19294
2024.08.30 00:00	2520.52	2521.63	2516.58	2517.63	6301
2024.08.30 04:00	2517.62	2519.99	2512.03	2513.23	23782
2024.08.30 08:00	2513.23	2526.57	2512.4	2522.77	30003
2024.08.30 12:00	2522.78	2526.78	2514.88	2519.49	29370
2024.08.30 16:00	2519.5	2519.7	2496.44	2497.64	51373
2024.08.30 20:00	2497.65	2504.64	2494.01	2503.12	22733
2024.09.02 00:00	2502.33	2504.93	2501.02	2501.43	7719
2024.09.02 04:00	2501.44	2504.57	2489.87	2496.82	26026
2024.09.02 08:00	2496.91	2507.14	2495.16	2506.22	27231
2024.09.02 12:00	2506.09	2506.47	2496.93	2501.12	19469
2024.09.02 16:00	2501.16	2502.32	2497.56	2500.43	17209
2024.09.02 20:00	2500.43	2501.18	2498.59	2498.9	1882
2024.09.03 00:00	2499.48	2499.8	2494.88	2495.7	5946
2024.09.03 04:00	2495.63	2496.88	2489.55	2495.88	27480
2024.09.03 08:00	2495.88	2506.11	2492.61	2503.85	29419
2024.09.03 12:00	2503.86	2504.88	2484.56	2493.09	38167
2024.09.03 16:00	2493.09	2497.51	2473.04	2485.95	53792
2024.09.03 20:00	2485.83	2494.25	2485.4	2492.93	16036
2024.09.04 00:00	2492.62	2494.88	2491.93	2492.26	8490
2024.09.04 04:00	2492.24	2496.78	2491.17	2495.77	20859
2024.09.04 08:00	2495.77	2496.48	2472.39	2473.16	32044
2024.09.04 12:00	2473.25	2491.19	2471.76	2486.47	32501
2024.09.04 16:00	2486.45	2500.11	2481.91	2496.61	47154
2024.09.04 20:00	2496.63	2497.17	2491.35	2495.46	13482
2024.09.05 00:00	2494.38	2496.77	2494.35	2495.02	6652
2024.09.05 04:00	2495.02	2499.22	2493.68	2494.13	18438
2024.09.05 08:00	2494.07	2516.52	2493.82	2514.56	30852
2024.09.05 12:00	2514.55	2523.36	2513.22	2517.58	34362
2024.09.05 16:00	2517.6	2520.47	2503.83	2510.28	56167
2024.09.05 20:00	2510.27	2516.79	2509.14	2516.52	16046
2024.09.06 00:00	2516.37	2517.81	2515.5	2515.83	6003
2024.09.06 04:00	2515.84	2519.44	2512.91	2518.34	18110
2024.09.06 08:00	2518.29	2521.74	2515.42	2517.68	25833
2024.09.06 12:00	2517.7	2529.04	2507.32	2522.11	31663
2024.09.06 16:00	2522.12	2522.84	2484.95	2488.91	78620
2024.09.06 20:00	2488.87	2497.71	2485.78	2497.18	26941
2024.09.09 00:00	2496.63	2498.15	2495.37	2495.89	9199
2024.09.09 04:00	2495.91	2500.33	2494.6	2498.09	23615
2024.09.09 08:00	2498.06	2498.18	2485.41	2492.06	38839
2024.09.09 12:00	2492.07	2504.01	2491.99	2500.79	29300
2024.09.09 16:00	2500.78	2505.17	2493.11	2504.26	44417
2024.09.09 20:00	2504.36	2507.13	2499.3	2506.25	18735
2024.09.10 00:00	2506.29	2507.5	2504.64	2505.29	6491
2024.09.10 04:00	2505.34	2506.75	2500.86	2501.64	19599
2024.09.10 08:00	2501.49	2507.64	2499.97	2502.15	29214
2024.09.10 12:00	2502.14	2513.95	2500.05	2513.72	29077
2024.09.10 16:00	2513.73	2518.36	2500.78	2514.3	49134
2024.09.10 20:00	2514.28	2517.36	2511.96	2516.51	17105
2024.09.11 00:00	2516.27	2518.99	2516.03	2516.44	6402
2024.09.11 04:00	2516.47	2522.43	2514.84	2519.49	28338
2024.09.11 08:00	2519.45	2528.89	2519.23	2524.13	34360
2024.09.11 12:00	2524.12	2524.55	2502.07	2508.01	36227
2024.09.11 16:00	2508.02	2519.99	2500.79	2515.12	59406
2024.09.11 20:00	2515.05	2516.73	2509.68	2511.28	21127
2024.09.12 00:00	2510.77	2513.72	2510.77	2512.04	5421
2024.09.12 04:00	2511.99	2517.66	2510.9	2516.94	19646
2024.09.12 08:00	2516.99	2522.16	2514.4	2517.26	27116
2024.09.12 12:00	2517.23	2535.26	2512.89	2528.46	34275
2024.09.12 16:00	2528.47	2555.09	2521.85	2550.6	62674
2024.09.12 20:00	2550.64	2559.95	2550.01	2558.52	26170
2024.09.13 00:00	2558.11	2562.56	2556.49	2561.45	9326
2024.09.13 04:00	2561.46	2570.0	2559.83	2568.75	28209
2024.09.13 08:00	2568.71	2570.92	2563.02	2569.83	33617
2024.09.13 12:00	2569.84	2575.82	2563.6	2575.76	31025
2024.09.13 16:00	2575.74	2585.05	2572.96	2584.21	51267
2024.09.13 20:00	2584.18	2585.94	2577.55	2578.91	21126
2024.09.16 00:00	2578.64	2582.27	2577.39	2581.27	8694
2024.09.16 04:00	2581.25	2588.83	2579.75	2585.67	15373
2024.09.16 08:00	2585.67	2589.51	2579.36	2586.73	27647
2024.09.16 12:00	2586.72	2588.15	2575.04	2583.32	31519
2024.09.16 16:00	2583.31	2589.21	2575.98	2583.57	42422
2024.09.16 20:00	2583.52	2584.02	2579.52	2582.24	12821
2024.09.17 00:00	2581.92	2584.32	2580.09	2580.18	5777
2024.09.17 04:00	2580.2	2586.2	2574.78	2576.78	18997
2024.09.17 08:00	2576.79	2586.83	2574.43	2580.01	25791
2024.09.17 12:00	2580.0	2581.57	2568.19	2577.65	36784
2024.09.17 16:00	2577.87	2582.13	2561.27	2562.96	46863
2024.09.17 20:00	2562.98	2571.5	2560.63	2569.33	19933
2024.09.18 00:00	2569.26	2574.72	2569.09	2572.95	7448
2024.09.18 04:00	2572.98	2576.36	2567.82	2568.52	25665
2024.09.18 08:00	2568.48	2571.86	2565.63	2569.65	25783
2024.09.18 12:00	2569.66	2580.63	2567.87	2576.15	24828
2024.09.18 16:00	2576.16	2578.46	2567.89	2574.76	39915
2024.09.18 20:00	2574.77	2600.01	2546.66	2558.98	64274
2024.09.19 00:00	2558.5	2561.46	2555.28	2558.7	12877
2024.09.19 04:00	2558.71	2566.6	2550.95	2563.98	36593
2024.09.19 08:00	2563.98	2586.48	2563.89	2584.83	39866
2024.09.19 12:00	2584.83	2594.78	2573.03	2576.71	44238
2024.09.19 16:00	2576.62	2592.46	2569.55	2591.6	55065
2024.09.19 20:00	2591.68	2592.58	2585.84	2586.64	19471
2024.09.20 00:00	2586.08	2588.42	2585.9	2588.01	6934
2024.09.20 04:00	2588.02	2594.3	2584.7	2593.62	25786
2024.09.20 08:00	2593.62	2612.59	2592.29	2609.64	35044
2024.09.20 12:00	2609.66	2619.23	2602.41	2615.45	33205
2024.09.20 16:00	2615.43	2625.6	2602.46	2624.77	63098
2024.09.20 20:00	2624.79	2625.29	2617.71	2622.04	25885
2024.09.23 00:00	2621.3	2621.87	2617.93	2618.2	7564
2024.09.23 04:00	2618.14	2631.01	2615.96	2629.29	25125
2024.09.23 08:00	2629.29	2631.21	2613.68	2616.73	37990
2024.09.23 12:00	2616.73	2627.99	2615.27	2626.95	29000
2024.09.23 16:00	2626.95	2634.75	2625.5	2628.03	50735
2024.09.23 20:00	2628.02	2628.97	2625.56	2628.26	17216
2024.09.24 00:00	2627.48	2628.34	2623.68	2625.04	7286
2024.09.24 04:00	2625.05	2638.18	2624.79	2637.99	31370
2024.09.24 08:00	2638.06	2639.95	2622.47	2628.89	40271
2024.09.24 12:00	2628.89	2636.01	2623.29	2633.07	34755
2024.09.24 16:00	2633.08	2655.11	2630.86	2653.41	60741
2024.09.24 20:00	2653.39	2664.24	2649.66	2656.98	26602
2024.09.25 00:00	2657.73	2660.76	2656.52	2660.67	10867
2024.09.25 04:00	2660.76	2670.42	2655.35	2658.82	36378
2024.09.25 08:00	2658.81	2659.7	2651.02	2655.77	36620
2024.09.25 12:00	2655.78	2660.7	2652.63	2659.34	31064
2024.09.25 16:00	2659.34	2667.34	2649.65	2653.57	55405
2024.09.25 20:00	2653.46	2662.84	2652.98	2656.84	21703
2024.09.26 00:00	2656.47	2660.23	2655.26	2658.96	8181
2024.09.26 04:00	2658.97	2662.77	2656.88	2660.54	22964
2024.09.26 08:00	2660.53	2670.36	2657.87	2668.93	34069
2024.09.26 12:00	2668.93	2685.43	2666.79	2677.14	45416
2024.09.26 16:00	2677.14	2679.54	2654.66	2668.04	66558
2024.09.26 20:00	2667.93	2677.73	2667.46	2672.18	21084
2024.09.27 00:00	2671.97	2673.09	2669.21	2669.66	9068
2024.09.27 04:00	2669.67	2673.85	2666.12	2670.34	31098
2024.09.27 08:00	2670.35	2671.2	2660.87	2662.46	47903
2024.09.27 12:00	2662.46	2674.2	2658.23	2669.87	37561
2024.09.27 16:00	2669.86	2670.96	2644.64	2651.68	63630
2024.09.27 20:00	2651.8	2659.84	2642.98	2657.99	24463
2024.09.30 00:00	2656.92	2665.89	2656.88	2661.49	16048
2024.09.30 04:00	2661.51	2664.2	2647.23	2655.77	31230
2024.09.30 08:00	2655.78	2660.47	2650.51	2653.39	33160
2024.09.30 12:00	2653.46	2653.54	2634.32	2638.81	36868
2024.09.30 16:00	2638.86	2641.96	2628.61	2638.98	53316
2024.09.30 20:00	2639.0	2641.72	2624.57	2634.37	28862
2024.10.01 00:00	2633.94	2637.1	2631.99	2636.33	6639
2024.10.01 04:00	2636.34	2640.29	2634.38	2639.53	14815
2024.10.01 08:00	2639.53	2647.36	2639.46	2646.44	28603
2024.10.01 12:00	2646.44	2656.52	2645.32	2651.38	31389
2024.10.01 16:00	2651.42	2672.96	2647.85	2666.3	64098
2024.10.01 20:00	2666.39	2671.61	2657.45	2663.29	26505
2024.10.02 00:00	2662.68	2662.78	2656.87	2657.31	9382
2024.10.02 04:00	2657.36	2661.93	2652.47	2654.01	21609
2024.10.02 08:00	2654.0	2656.06	2644.39	2652.32	33139
2024.10.02 12:00	2652.34	2655.44	2643.53	2649.46	29865
2024.10.02 16:00	2649.47	2663.28	2641.0	2649.61	53792
2024.10.02 20:00	2649.61	2659.77	2647.06	2658.5	18489
2024.10.03 00:00	2657.93	2662.78	2657.27	2657.66	10401
2024.10.03 04:00	2657.66	2658.8	2653.15	2654.89	20672
2024.10.03 08:00	2654.87	2657.37	2641.59	2645.05	39891
2024.10.03 12:00	2645.01	2653.84	2640.88	2642.24	36491
2024.10.03 16:00	2642.18	2661.07	2637.21	2659.92	53602
2024.10.03 20:00	2659.92	2662.03	2655.02	2655.92	19229
2024.10.04 00:00	2656.36	2657.42	2654.21	2657.16	7136
2024.10.04 04:00	2657.14	2665.74	2656.63	2664.0	17687
2024.10.04 08:00	2663.96	2667.71	2658.62	2658.9	28553
2024.10.04 12:00	2658.91	2662.45	2631.92	2638.71	34706
2024.10.04 16:00	2638.7	2670.06	2637.36	2645.19	66648
2024.10.04 20:00	2645.26	2653.78	2642.63	2653.41	23907
2024.10.07 00:00	2650.82	2652.51	2647.64	2649.16	9671
2024.10.07 04:00	2649.21	2651.81	2643.7	2646.65	24781
2024.10.07 08:00	2646.66	2656.28	2639.58	2652.23	35507
2024.10.07 12:00	2652.22	2659.44	2637.64	2639.96	34307
2024.10.07 16:00	2639.88	2653.58	2638.97	2646.72	49367
2024.10.07 20:00	2646.72	2648.65	2639.5	2642.56	18100
2024.10.08 00:00	2642.38	2648.95	2641.59	2643.45	10951
2024.10.08 04:00	2643.46	2648.1	2633.61	2642.96	44038
2024.10.08 08:00	2642.98	2646.33	2628.44	2637.79	45008
2024.10.08 12:00	2637.79	2652.91	2635.65	2645.77	39542
2024.10.08 16:00	2645.74	2647.55	2604.63	2608.84	67473
2024.10.08 20:00	2608.85	2623.52	2605.34	2621.71	24776
2024.10.09 00:00	2621.25	2623.66	2620.47	2621.0	7768
2024.10.09 04:00	2621.0	2624.12	2614.72	2615.85	30758
2024.10.09 08:00	2615.84	2624.2	2609.03	2616.19	41707
2024.10.09 12:00	2616.19	2622.33	2614.54	2618.75	32378
2024.10.09 16:00	2618.76	2620.64	2605.11	2608.59	52453
2024.10.09 20:00	2608.59	2610.96	2605.05	2607.62	19463
2024.10.10 00:00	2606.97	2610.05	2605.76	2609.19	7297
2024.10.10 04:00	2609.2	2616.78	2606.67	2613.75	31450
2024.10.10 08:00	2613.8	2617.18	2610.14	2615.37	34741
2024.10.10 12:00	2615.38	2627.2	2601.56	2624.9	35180
2024.10.10 16:00	2624.91	2629.61	2615.37	2619.11	63541
2024.10.10 20:00	2619.12	2631.39	2616.33	2629.96	23133
2024.10.11 00:00	2629.72	2635.85	2627.94	2633.7	10080
2024.10.11 04:00	2633.73	2645.99	2632.8	2645.49	28127
2024.10.11 08:00	2645.4	2647.08	2637.92	2639.09	27626
2024.10.11 12:00	2639.1	2650.0	2636.09	2642.89	34107
2024.10.11 16:00	2643.05	2661.3	2642.5	2660.38	47459
2024.10.11 20:00	2660.38	2661.09	2654.56	2656.82	14966
2024.10.14 00:00	2655.64	2656.14	2644.91	2646.6	10581
2024.10.14 04:00	2646.6	2660.21	2643.02	2659.07	27042
2024.10.14 08:00	2659.0	2666.69	2656.96	2659.31	26189
2024.10.14 12:00	2659.33	2662.91	2649.16	2651.31	29889
2024.10.14 16:00	2651.29	2661.1	2643.83	2648.47	46531
2024.10.14 20:00	2648.46	2653.2	2645.98	2648.46	14514
2024.10.15 00:00	2647.16	2650.83	2646.85	2648.05	7376
2024.10.15 04:00	2648.03	2652.65	2642.81	2644.24	31341
2024.10.15 08:00	2644.25	2655.67	2637.98	2653.83	44615
2024.10.15 12:00	2653.82	2657.31	2645.49	2648.17	39921
2024.10.15 16:00	2648.16	2668.79	2645.93	2661.76	59054
2024.10.15 20:00	2661.77	2666.36	2658.89	2662.57	21829
2024.10.16 00:00	2662.52	2662.7	2658.59	2660.09	5549
2024.10.16 04:00	2660.09	2669.96	2660.06	2666.58	32442
2024.10.16 08:00	2666.6	2679.98	2665.98	2679.36	42082
2024.10.16 12:00	2679.38	2682.65	2672.85	2681.65	38177
2024.10.16 16:00	2681.68	2685.31	2666.61	2674.05	58857
2024.10.16 20:00	2674.06	2676.54	2672.63	2673.59	16359
2024.10.17 00:00	2673.29	2677.82	2673.12	2677.72	6306
2024.10.17 04:00	2677.73	2684.81	2674.4	2678.93	37924
2024.10.17 08:00	2678.96	2685.61	2677.91	2681.74	43788
2024.10.17 12:00	2681.71	2688.68	2672.98	2680.47	40904
2024.10.17 16:00	2680.49	2696.61	2677.64	2692.14	63317
2024.10.17 20:00	2692.15	2694.11	2688.76	2692.74	16361
2024.10.18 00:00	2692.41	2695.66	2692.08	2692.9	7156
2024.10.18 04:00	2692.9	2711.85	2692.69	2710.05	40854
2024.10.18 08:00	2710.07	2713.95	2701.62	2706.14	43696
2024.10.18 12:00	2706.12	2716.92	2706.09	2709.45	38662
2024.10.18 16:00	2709.45	2719.99	2704.84	2717.51	56400
2024.10.18 20:00	2717.52	2722.37	2713.47	2721.34	21562
2024.10.21 00:00	2720.29	2725.7	2719.32	2721.48	11414
2024.10.21 04:00	2721.54	2732.71	2720.86	2730.23	38796
2024.10.21 08:00	2730.22	2733.0	2723.43	2731.26	43741
2024.10.21 12:00	2731.27	2739.68	2727.62	2738.51	46356
2024.10.21 16:00	2738.56	2740.44	2716.78	2723.4	64300
2024.10.21 20:00	2723.41	2725.51	2714.06	2719.39	23036
2024.10.22 00:00	2719.87	2725.03	2718.58	2724.59	9007
2024.10.22 04:00	2724.58	2735.83	2723.94	2734.6	31991
2024.10.22 08:00	2734.59	2738.27	2728.9	2734.81	33704
2024.10.22 12:00	2734.77	2739.25	2729.39	2736.11	41481
2024.10.22 16:00	2736.1	2745.47	2733.67	2745.24	58357
2024.10.22 20:00	2745.26	2748.9	2743.44	2748.89	23953
2024.10.23 00:00	2748.47	2748.67	2744.66	2745.07	7428
2024.10.23 04:00	2745.13	2750.55	2737.8	2749.87	40169
2024.10.23 08:00	2749.86	2758.35	2748.0	2756.85	37375
2024.10.23 12:00	2756.94	2757.52	2740.7	2743.2	42310
2024.10.23 16:00	2743.23	2744.0	2708.62	2719.24	68670
2024.10.23 20:00	2719.24	2720.57	2711.85	2715.23	27880
2024.10.24 00:00	2714.34	2721.73	2714.26	2721.09	11606
2024.10.24 04:00	2721.11	2726.95	2720.07	2726.41	34146
2024.10.24 08:00	2726.39	2737.8	2725.71	2736.8	40035
2024.10.24 12:00	2736.76	2741.44	2734.42	2738.94	36371
2024.10.24 16:00	2739.02	2743.12	2722.32	2733.47	62504
2024.10.24 20:00	2733.47	2737.63	2732.82	2735.79	22220
2024.10.25 00:00	2735.67	2735.86	2731.14	2732.29	7687
2024.10.25 04:00	2732.3	2735.07	2723.81	2725.82	32037
2024.10.25 08:00	2725.83	2732.43	2718.76	2719.35	36858
2024.10.25 12:00	2719.38	2732.33	2716.92	2731.41	36984
2024.10.25 16:00	2731.48	2741.94	2725.11	2739.13	55691
2024.10.25 20:00	2739.14	2747.59	2738.69	2746.84	17882
2024.10.28 00:00	2736.07	2740.05	2724.5	2732.18	26670
2024.10.28 04:00	2732.17	2738.68	2729.08	2738.32	25326
2024.10.28 08:00	2738.31	2744.48	2728.34	2729.17	34199
2024.10.28 12:00	2729.17	2743.3	2727.74	2740.81	40647
2024.10.28 16:00	2740.67	2745.84	2738.74	2743.21	39452
2024.10.28 20:00	2743.22	2743.46	2740.03	2742.08	10102
2024.10.29 00:00	2742.02	2752.26	2739.59	2751.99	18852
2024.10.29 04:00	2752.01	2757.6	2748.52	2749.81	32593
2024.10.29 08:00	2749.82	2756.48	2746.23	2752.36	36558
2024.10.29 12:00	2752.36	2763.92	2745.93	2760.38	46897
2024.10.29 16:00	2760.38	2772.45	2760.38	2769.71	55496
2024.10.29 20:00	2769.68	2774.65	2768.12	2774.3	13334
2024.10.30 00:00	2774.11	2782.0	2772.72	2781.55	19983
2024.10.30 04:00	2781.55	2784.79	2775.93	2783.03	29971
2024.10.30 08:00	2783.04	2789.69	2779.42	2784.46	35583
2024.10.30 12:00	2784.47	2787.38	2770.78	2777.37	51079
2024.10.30 16:00	2777.4	2789.51	2771.84	2788.5	55213
2024.10.30 20:00	2788.5	2789.95	2784.35	2787.22	14454
2024.10.31 00:00	2787.22	2789.94	2783.44	2784.54	15886
2024.10.31 04:00	2784.51	2788.93	2781.97	2785.02	24384
2024.10.31 08:00	2785.01	2785.92	2776.84	2778.12	33851
2024.10.31 12:00	2778.12	2782.53	2754.5	2755.2	51927
2024.10.31 16:00	2755.18	2756.81	2731.44	2739.45	65836
2024.10.31 20:00	2739.42	2749.55	2739.39	2743.75	21262
2024.11.01 00:00	2744.05	2749.89	2743.48	2749.63	22018
2024.11.01 04:00	2749.62	2755.11	2745.68	2754.87	34115
2024.11.01 08:00	2754.88	2757.52	2747.01	2751.21	42438
2024.11.01 12:00	2751.24	2762.14	2744.71	2755.69	55691
2024.11.01 16:00	2756.51	2758.76	2734.95	2736.16	61249
2024.11.01 20:00	2736.16	2737.9	2733.04	2736.24	17489
2024.11.04 00:00	2736.23	2741.21	2729.84	2739.76	17970
2024.11.04 04:00	2739.75	2743.59	2736.84	2741.39	34769
2024.11.04 08:00	2741.43	2744.65	2731.79	2743.17	44150
2024.11.04 12:00	2743.2	2746.65	2736.41	2746.64	40913
2024.11.04 16:00	2746.63	2748.08	2731.66	2738.28	54643
2024.11.04 20:00	2738.3	2739.54	2735.48	2736.47	21253
2024.11.05 00:00	2736.73	2737.71	2732.8	2734.15	15895
2024.11.05 04:00	2734.16	2737.1	2724.58	2732.45	34358
2024.11.05 08:00	2732.45	2744.93	2731.58	2739.8	37420
2024.11.05 12:00	2739.79	2746.63	2735.5	2744.61	38139
2024.11.05 16:00	2744.58	2749.86	2732.89	2741.88	53076
2024.11.05 20:00	2741.89	2744.81	2739.26	2743.75	18643
2024.11.06 00:00	2742.76	2749.56	2732.49	2746.91	28044
2024.11.06 04:00	2746.92	2748.2	2730.32	2738.86	60428
2024.11.06 08:00	2738.86	2739.15	2701.35	2724.53	64438
2024.11.06 12:00	2724.54	2727.11	2658.94	2664.05	63960
2024.11.06 16:00	2663.87	2678.11	2652.23	2663.17	71757
2024.11.06 20:00	2663.2	2669.48	2658.8	2658.82	28368
2024.11.07 00:00	2658.46	2664.19	2643.26	2649.28	25789
2024.11.07 04:00	2649.29	2661.12	2649.28	2659.06	37760
2024.11.07 08:00	2659.08	2667.46	2652.64	2661.47	44772
2024.11.07 12:00	2661.51	2684.96	2659.73	2684.42	44245
2024.11.07 16:00	2684.42	2700.25	2682.25	2699.26	58984
2024.11.07 20:00	2699.24	2710.12	2687.33	2706.39	36687
2024.11.08 00:00	2705.57	2710.22	2698.97	2699.69	18192
2024.11.08 04:00	2699.69	2700.88	2693.16	2695.07	27810
2024.11.08 08:00	2695.08	2695.68	2680.23	2689.15	49415
2024.11.08 12:00	2689.17	2700.99	2681.88	2697.44	46757
2024.11.08 16:00	2697.43	2704.0	2682.85	2687.81	56459
2024.11.08 20:00	2687.82	2688.68	2682.64	2684.45	18748
2024.11.11 00:00	2684.67	2686.03	2671.73	2672.86	23128
2024.11.11 04:00	2672.89	2675.12	2666.43	2669.1	33129
2024.11.11 08:00	2669.12	2673.98	2663.72	2666.73	43291
2024.11.11 12:00	2666.72	2675.24	2634.18	2635.48	52202
2024.11.11 16:00	2635.44	2635.62	2611.43	2612.44	59924
2024.11.11 20:00	2612.43	2626.06	2610.49	2619.3	19181
2024.11.12 00:00	2619.27	2627.05	2618.86	2624.05	18652
2024.11.12 04:00	2624.03	2625.34	2605.29	2606.77	37100
2024.11.12 08:00	2606.76	2609.99	2590.73	2593.14	51017
2024.11.12 12:00	2593.14	2616.25	2589.57	2611.44	49563
2024.11.12 16:00	2611.55	2616.94	2592.35	2597.29	58675
2024.11.12 20:00	2597.4	2601.97	2595.05	2598.0	19365
2024.11.13 00:00	2598.49	2611.05	2597.34	2608.0	20596
2024.11.13 04:00	2608.01	2613.19	2603.44	2605.66	33564
2024.11.13 08:00	2605.61	2611.54	2600.92	2608.49	37826
2024.11.13 12:00	2608.48	2618.63	2605.75	2612.15	42272
2024.11.13 16:00	2612.1	2616.26	2577.48	2583.23	76392
2024.11.13 20:00	2583.2	2585.33	2572.51	2572.7	25292
2024.11.14 00:00	2571.82	2581.25	2561.43	2562.46	26028
2024.11.14 04:00	2562.43	2565.16	2555.21	2558.52	37071
2024.11.14 08:00	2558.57	2560.33	2536.66	2543.41	52867
2024.11.14 12:00	2543.43	2560.1	2538.88	2557.02	58488
2024.11.14 16:00	2556.97	2577.33	2554.17	2572.83	62106
2024.11.14 20:00	2572.9	2576.74	2563.79	2564.52	32148
2024.11.15 00:00	2565.08	2571.59	2562.99	2564.91	18233
2024.11.15 04:00	2564.9	2571.01	2559.61	2559.8	32361
2024.11.15 08:00	2559.79	2568.88	2554.36	2563.86	46845
2024.11.15 12:00	2563.88	2575.6	2560.99	2565.2	57154
2024.11.15 16:00	2565.2	2575.94	2560.0	2562.83	72797
2024.11.15 20:00	2562.91	2567.91	2559.34	2562.79	23988
2024.11.18 00:00	2564.84	2597.16	2563.48	2586.9	27242
2024.11.18 04:00	2586.86	2594.98	2584.91	2585.43	34819
2024.11.18 08:00	2585.4	2597.16	2580.31	2595.62	48466
2024.11.18 12:00	2595.61	2604.92	2589.48	2603.82	48604
2024.11.18 16:00	2603.83	2614.95	2602.66	2610.31	51500
2024.11.18 20:00	2610.33	2612.5	2607.61	2611.63	20278
2024.11.19 00:00	2611.78	2617.73	2610.19	2615.57	17443
2024.11.19 04:00	2615.56	2625.45	2615.52	2622.45	33084
2024.11.19 08:00	2622.46	2634.35	2617.63	2630.12	50995
2024.11.19 12:00	2630.13	2639.33	2628.64	2635.15	52341
2024.11.19 16:00	2635.05	2636.79	2620.81	2627.96	62945
2024.11.19 20:00	2627.98	2634.48	2626.15	2632.04	21298
2024.11.20 00:00	2631.87	2641.37	2631.64	2639.49	19433
2024.11.20 04:00	2639.49	2641.71	2634.83	2636.75	27908
2024.11.20 08:00	2636.47	2636.92	2618.72	2621.8	46421
2024.11.20 12:00	2621.78	2640.32	2620.82	2635.98	44505
2024.11.20 16:00	2635.98	2655.28	2634.05	2651.72	49421
2024.11.20 20:00	2651.77	2653.02	2645.35	2650.02	24680
2024.11.21 00:00	2649.53	2660.34	2648.71	2653.31	18793
2024.11.21 04:00	2653.25	2658.81	2650.28	2656.76	27565
2024.11.21 08:00	2656.77	2671.53	2656.42	2668.71	42597
2024.11.21 12:00	2668.71	2673.38	2660.36	2665.38	42688
2024.11.21 16:00	2665.46	2672.72	2661.21	2671.7	61799
2024.11.21 20:00	2671.71	2673.36	2667.64	2669.4	22527
2024.11.22 00:00	2669.54	2679.33	2668.05	2677.71	18887
2024.11.22 04:00	2677.69	2692.2	2677.19	2686.53	40052
2024.11.22 08:00	2686.53	2707.33	2685.76	2703.21	51999
2024.11.22 12:00	2703.22	2710.03	2689.22	2692.79	56193
2024.11.22 16:00	2692.78	2707.16	2684.35	2706.73	61321
2024.11.22 20:00	2706.77	2715.48	2704.94	2715.34	25646
2024.11.25 00:00	2714.07	2721.23	2689.63	2701.12	31352
2024.11.25 04:00	2701.1	2704.3	2658.07	2664.57	46035
2024.11.25 08:00	2664.54	2675.08	2661.52	2673.77	51302
2024.11.25 12:00	2673.76	2688.61	2668.71	2678.17	41875
2024.11.25 16:00	2678.16	2678.61	2624.47	2627.68	63753
2024.11.25 20:00	2627.68	2628.61	2615.47	2625.38	24718
2024.11.26 00:00	2625.37	2632.04	2605.12	2628.0	31643
2024.11.26 04:00	2628.0	2631.33	2617.78	2624.23	35924
2024.11.26 08:00	2624.21	2627.04	2610.73	2625.9	40222
2024.11.26 12:00	2625.9	2641.8	2623.91	2629.75	45684
2024.11.26 16:00	2629.76	2633.73	2616.61	2624.86	42774
2024.11.26 20:00	2624.84	2633.4	2619.45	2632.98	23538
2024.11.27 00:00	2632.19	2633.94	2626.97	2631.28	17390
2024.11.27 04:00	2631.27	2645.65	2631.0	2641.91	27248
2024.11.27 08:00	2641.89	2653.69	2638.88	2648.27	35608
2024.11.27 12:00	2648.26	2658.14	2642.95	2656.14	33148
2024.11.27 16:00	2656.18	2656.75	2635.21	2637.18	56910
2024.11.27 20:00	2637.16	2640.69	2633.79	2635.79	21007
2024.11.28 00:00	2635.66	2638.3	2620.86	2628.67	21099
2024.11.28 04:00	2628.66	2633.95	2625.46	2633.29	23839
2024.11.28 08:00	2633.33	2647.89	2631.74	2646.06	27202
2024.11.28 12:00	2646.22	2649.57	2642.66	2646.96	27632
2024.11.28 16:00	2646.94	2647.83	2636.23	2640.82	21726
2024.11.28 20:00	2640.81	2641.25	2637.23	2637.28	1922
2024.11.29 00:00	2637.52	2647.08	2633.89	2644.78	20585
2024.11.29 04:00	2644.77	2664.19	2644.61	2662.2	33160
2024.11.29 08:00	2662.14	2666.21	2654.42	2663.99	34652
2024.11.29 12:00	2664.0	2665.78	2656.07	2657.88	36673
2024.11.29 16:00	2657.9	2662.61	2650.47	2660.48	51875
2024.11.29 20:00	2660.5	2660.59	2648.54	2649.11	10578
2024.12.02 00:00	2652.13	2652.72	2622.76	2635.76	29201
2024.12.02 04:00	2635.75	2637.92	2621.77	2623.06	42104
2024.12.02 08:00	2623.05	2636.73	2621.78	2633.49	45530
2024.12.02 12:00	2633.47	2648.72	2633.26	2646.93	47475
2024.12.02 16:00	2646.89	2651.65	2637.23	2638.74	52971
2024.12.02 20:00	2638.68	2644.06	2633.44	2638.67	19334
2024.12.03 00:00	2638.78	2645.16	2634.01	2636.43	20677
2024.12.03 04:00	2636.42	2642.84	2634.37	2641.06	31738
2024.12.03 08:00	2641.25	2649.98	2639.12	2643.88	40280
2024.12.03 12:00	2643.88	2653.63	2637.63	2652.76	32149
2024.12.03 16:00	2652.81	2655.49	2635.14	2646.88	49926
2024.12.03 20:00	2646.89	2649.05	2640.05	2643.52	13104
2024.12.04 00:00	2643.06	2643.42	2637.59	2642.11	13369
2024.12.04 04:00	2641.99	2651.05	2641.84	2649.63	21780
2024.12.04 08:00	2649.65	2651.29	2636.53	2640.79	28976
2024.12.04 12:00	2640.8	2649.09	2632.32	2648.38	43153
2024.12.04 16:00	2648.39	2657.1	2644.96	2651.31	52505
2024.12.04 20:00	2651.29	2655.28	2646.82	2649.69	23666
2024.12.05 00:00	2649.4	2651.46	2646.16	2646.94	17619
2024.12.05 04:00	2646.93	2655.38	2644.5	2653.03	28240
2024.12.05 08:00	2653.02	2653.99	2641.8	2644.75	34064
2024.12.05 12:00	2644.67	2654.41	2644.2	2648.84	35860
2024.12.05 16:00	2648.88	2650.12	2623.64	2627.88	55269
2024.12.05 20:00	2627.89	2632.41	2623.36	2631.8	19773
2024.12.06 00:00	2631.77	2633.68	2613.31	2617.5	20229
2024.12.06 04:00	2617.49	2644.41	2616.81	2637.82	32689
2024.12.06 08:00	2637.81	2645.52	2635.91	2640.62	32338
2024.12.06 12:00	2640.63	2643.21	2631.11	2635.64	40741
2024.12.06 16:00	2635.64	2641.51	2623.94	2634.81	57980
2024.12.06 20:00	2634.8	2638.85	2630.89	2632.7	18421
2024.12.09 00:00	2645.48	2650.5	2627.42	2646.6	25079
2024.12.09 04:00	2646.58	2648.54	2634.51	2638.26	34969
2024.12.09 08:00	2638.25	2657.46	2638.04	2655.5	38272
2024.12.09 12:00	2655.51	2666.19	2653.22	2665.43	43592
2024.12.09 16:00	2665.45	2676.34	2662.62	2664.42	59619
2024.12.09 20:00	2664.51	2664.57	2656.63	2660.16	22442
2024.12.10 00:00	2661.08	2668.51	2657.81	2667.34	21009
2024.12.10 04:00	2667.38	2673.66	2665.31	2668.73	38440
2024.12.10 08:00	2668.62	2670.78	2661.06	2664.98	36906
2024.12.10 12:00	2664.99	2681.86	2664.38	2680.33	45044
2024.12.10 16:00	2680.46	2695.46	2679.41	2694.24	51896
2024.12.10 20:00	2694.23	2695.09	2690.78	2693.85	19704
2024.12.11 00:00	2693.47	2703.52	2693.19	2699.84	23096
2024.12.11 04:00	2699.83	2704.17	2675.04	2687.83	38929
2024.12.11 08:00	2687.91	2697.98	2686.59	2695.63	41458
2024.12.11 12:00	2695.64	2701.99	2690.39	2700.98	53554
2024.12.11 16:00	2701.02	2719.91	2696.39	2717.94	66534
2024.12.11 20:00	2717.94	2721.06	2713.13	2717.87	29998
2024.12.12 00:00	2717.13	2725.97	2698.91	2710.93	19351
2024.12.12 04:00	2710.88	2716.42	2703.62	2713.29	22417
2024.12.12 08:00	2713.35	2720.24	2710.01	2714.83	37596
2024.12.12 12:00	2714.76	2715.58	2697.15	2697.39	53166
2024.12.12 16:00	2697.4	2699.49	2675.04	2686.25	71811
2024.12.12 20:00	2686.23	2686.94	2679.33	2680.72	31532
2024.12.13 00:00	2680.81	2692.6	2678.79	2689.82	14970
2024.12.13 04:00	2689.81	2691.11	2684.13	2688.08	24462
2024.12.13 08:00	2688.09	2690.34	2667.36	2668.74	37139
2024.12.13 12:00	2668.74	2672.79	2659.56	2661.98	47029
2024.12.13 16:00	2661.99	2664.42	2654.55	2656.16	56630
2024.12.13 20:00	2656.17	2656.97	2645.92	2648.25	28759
2024.12.16 00:00	2649.62	2655.49	2643.38	2653.34	18614
2024.12.16 04:00	2653.37	2655.45	2649.42	2652.75	24465
2024.12.16 08:00	2652.64	2661.89	2651.55	2657.97	28539
2024.12.16 12:00	2658.01	2664.28	2657.35	2661.79	33229
2024.12.16 16:00	2662.0	2662.95	2648.45	2651.96	44392
2024.12.16 20:00	2651.95	2655.62	2651.22	2652.48	18052
2024.12.17 00:00	2652.37	2658.51	2651.03	2657.94	14720
2024.12.17 04:00	2657.68	2658.49	2648.98	2653.58	25736
2024.12.17 08:00	2653.61	2656.94	2637.96	2639.51	36225
2024.12.17 12:00	2639.5	2646.76	2634.62	2636.94	38250
2024.12.17 16:00	2636.99	2646.94	2633.0	2645.87	50172
2024.12.17 20:00	2645.91	2648.93	2642.96	2646.25	21630
2024.12.18 00:00	2645.84	2651.59	2644.67	2650.81	14847
2024.12.18 04:00	2650.86	2650.9	2642.56	2647.32	28010
2024.12.18 08:00	2647.29	2649.52	2642.11	2646.73	28701
2024.12.18 12:00	2646.76	2649.36	2640.95	2643.85	26923
2024.12.18 16:00	2643.82	2644.75	2632.96	2635.94	45668
2024.12.18 20:00	2635.95	2638.83	2583.63	2585.49	52856
2024.12.19 00:00	2584.79	2617.95	2582.06	2611.85	24431
2024.12.19 04:00	2611.84	2613.84	2606.19	2607.13	22995
2024.12.19 08:00	2607.13	2622.78	2603.18	2620.28	32571
2024.12.19 12:00	2620.26	2626.33	2595.14	2596.2	41263
2024.12.19 16:00	2596.19	2600.68	2586.91	2592.5	48938
2024.12.19 20:00	2592.5	2600.89	2591.74	2594.23	24743
2024.12.20 00:00	2594.29	2603.77	2589.5	2603.74	16067
2024.12.20 04:00	2603.7	2603.88	2595.46	2600.15	21195
2024.12.20 08:00	2600.15	2607.6	2598.74	2604.84	24675
2024.12.20 12:00	2604.9	2614.06	2599.78	2609.36	31945
2024.12.20 16:00	2609.22	2631.67	2608.35	2625.49	49426
2024.12.20 20:00	2625.52	2629.2	2618.83	2622.37	27884
2024.12.23 00:00	2623.66	2624.99	2617.23	2620.7	14186
2024.12.23 04:00	2620.71	2629.09	2620.46	2626.52	16200
2024.12.23 08:00	2626.51	2633.13	2624.41	2626.36	19460
2024.12.23 12:00	2626.29	2626.7	2612.92	2617.21	24183
2024.12.23 16:00	2617.23	2619.77	2608.05	2611.03	37720
2024.12.23 20:00	2611.04	2613.66	2608.98	2612.9	16666
2024.12.24 00:00	2613.26	2617.82	2611.34	2617.46	10010
2024.12.24 04:00	2617.4	2621.31	2615.55	2619.13	16267
2024.12.24 08:00	2619.11	2621.27	2613.26	2613.47	15024
2024.12.24 12:00	2613.35	2617.72	2611.26	2614.14	15877
2024.12.24 16:00	2614.18	2619.24	2609.93	2616.85	35374
2024.12.24 20:00	2616.92	2617.49	2616.89	2617.43	139
2024.12.26 08:00	2626.22	2629.51	2623.44	2627.22	13416
2024.12.26 12:00	2627.26	2631.06	2621.6	2623.0	20121
2024.12.26 16:00	2623.03	2638.94	2622.41	2629.17	34912
2024.12.26 20:00	2629.15	2635.99	2629.07	2633.66	18069
2024.12.27 00:00	2628.58	2634.41	2626.21	2632.09	10358
2024.12.27 04:00	2632.08	2635.37	2628.74	2631.24	14969
2024.12.27 08:00	2631.23	2638.13	2623.56	2623.87	18538
2024.12.27 12:00	2623.89	2631.49	2617.94	2618.69	26070
2024.12.27 16:00	2618.64	2619.65	2611.47	2615.74	49893
2024.12.27 20:00	2615.74	2621.65	2612.65	2621.54	23099
2024.12.30 00:00	2619.38	2626.64	2618.06	2624.22	12051
2024.12.30 04:00	2624.23	2627.98	2620.38	2623.59	18416
2024.12.30 08:00	2623.6	2624.55	2609.17	2612.67	27035
2024.12.30 12:00	2612.62	2622.43	2606.33	2606.57	31477
2024.12.30 16:00	2606.57	2613.65	2595.97	2605.05	52142
2024.12.30 20:00	2605.05	2609.39	2603.36	2605.58	20826
2024.12.31 00:00	2606.24	2611.51	2603.75	2608.82	11544
2024.12.31 04:00	2608.8	2609.5	2602.48	2604.24	21135
2024.12.31 08:00	2604.2	2617.55	2603.47	2615.15	23210
2024.12.31 12:00	2615.24	2616.08	2605.24	2613.17	27261
2024.12.31 16:00	2613.16	2627.39	2611.15	2624.17	43552
2024.12.31 20:00	2624.06	2624.27	2623.14	2623.23	249
2025.01.02 08:00	2634.02	2639.79	2630.98	2635.96	26900
2025.01.02 12:00	2635.93	2647.15	2632.59	2642.94	40271
2025.01.02 16:00	2642.87	2660.42	2640.29	2656.49	58784
2025.01.02 20:00	2656.48	2660.37	2653.66	2657.85	26789
2025.01.03 00:00	2657.86	2662.45	2656.57	2659.33	12172
2025.01.03 04:00	2659.29	2665.09	2655.76	2658.4	25114
2025.01.03 08:00	2658.44	2660.24	2649.77	2653.49	26444
2025.01.03 12:00	2653.43	2659.19	2643.36	2649.68	28701
2025.01.03 16:00	2649.69	2652.62	2639.02	2641.7	51648
2025.01.03 20:00	2641.74	2642.85	2636.58	2640.17	21806
2025.01.06 00:00	2639.2	2647.25	2638.47	2641.22	18108
2025.01.06 04:00	2641.13	2645.23	2631.4	2633.74	28893
2025.01.06 08:00	2633.76	2635.59	2625.07	2632.56	28310
2025.01.06 12:00	2632.56	2649.32	2621.68	2624.08	48697
2025.01.06 16:00	2624.02	2641.22	2614.6	2636.6	60570
2025.01.06 20:00	2636.59	2638.44	2632.78	2635.82	23924
2025.01.07 00:00	2636.12	2641.08	2632.84	2638.87	14493
2025.01.07 04:00	2638.84	2645.6	2636.82	2644.32	20010
2025.01.07 08:00	2644.28	2646.63	2637.93	2641.3	28846
2025.01.07 12:00	2641.24	2664.14	2641.19	2662.42	35217
2025.01.07 16:00	2662.54	2662.89	2641.88	2652.41	58649
2025.01.07 20:00	2652.4	2652.55	2646.91	2648.54	26895
2025.01.08 00:00	2647.66	2651.42	2647.07	2648.66	14099
2025.01.08 04:00	2648.66	2650.59	2645.12	2649.92	21511
2025.01.08 08:00	2649.91	2654.93	2648.81	2653.41	26623
2025.01.08 12:00	2653.38	2660.21	2645.71	2660.07	34061
2025.01.08 16:00	2660.03	2669.97	2649.31	2655.48	54746
2025.01.08 20:00	2655.45	2663.98	2651.43	2661.42	28760
2025.01.09 00:00	2660.6	2663.14	2657.25	2658.46	11258
2025.01.09 04:00	2658.45	2662.04	2655.35	2658.21	18130
2025.01.09 08:00	2658.21	2666.81	2658.2	2664.9	26790
2025.01.09 12:00	2664.86	2678.18	2664.39	2672.5	32481
2025.01.09 16:00	2672.46	2675.66	2662.64	2665.76	35273
2025.01.09 20:00	2665.78	2672.51	2664.85	2670.15	16715
2025.01.10 00:00	2670.02	2671.85	2668.28	2670.88	12087
2025.01.10 04:00	2670.88	2675.71	2670.35	2674.81	19272
2025.01.10 08:00	2674.77	2682.38	2673.39	2678.43	33123
2025.01.10 12:00	2678.41	2683.55	2663.63	2682.33	44109
2025.01.10 16:00	2682.41	2697.9	2680.61	2695.93	75101
2025.01.10 20:00	2695.92	2697.13	2684.29	2689.05	32114
2025.01.13 00:00	2689.83	2693.0	2679.14	2685.38	18662
2025.01.13 04:00	2685.43	2690.73	2683.01	2686.69	26618
2025.01.13 08:00	2686.73	2691.14	2682.86	2684.71	35076
2025.01.13 12:00	2684.6	2684.99	2663.68	2668.99	48943
2025.01.13 16:00	2669.02	2674.02	2659.14	2660.73	52689
2025.01.13 20:00	2660.74	2664.06	2656.65	2662.88	22117
2025.01.14 00:00	2663.14	2671.98	2662.29	2670.57	17578
2025.01.14 04:00	2670.58	2675.13	2667.22	2668.41	20876
2025.01.14 08:00	2668.52	2674.3	2664.68	2667.2	22749
2025.01.14 12:00	2667.18	2674.29	2660.73	2662.83	37502
2025.01.14 16:00	2662.74	2673.9	2659.72	2668.89	52963
2025.01.14 20:00	2668.9	2678.09	2666.58	2677.05	22728
2025.01.15 00:00	2678.31	2679.27	2669.72	2669.82	9926
2025.01.15 04:00	2669.86	2679.15	2669.21	2679.11	20892
2025.01.15 08:00	2679.14	2688.37	2678.99	2685.74	27454
2025.01.15 12:00	2685.76	2694.07	2681.99	2693.63	42442
2025.01.15 16:00	2693.68	2695.92	2676.59	2692.51	62306
2025.01.15 20:00	2692.49	2697.31	2690.96	2696.56	21359
2025.01.16 00:00	2695.15	2702.11	2692.64	2696.04	20928
2025.01.16 04:00	2696.07	2698.3	2693.67	2694.57	23729
2025.01.16 08:00	2694.6	2706.03	2689.83	2705.24	33617
2025.01.16 12:00	2705.23	2718.23	2700.1	2715.21	39284
2025.01.16 16:00	2715.16	2724.54	2712.49	2721.63	55685
2025.01.16 20:00	2721.74	2723.16	2712.26	2714.44	21309
2025.01.17 00:00	2713.82	2715.94	2709.72	2714.5	16159
2025.01.17 04:00	2714.58	2717.19	2711.08	2711.53	22009
2025.01.17 08:00	2711.54	2714.46	2703.86	2704.57	29519
2025.01.17 12:00	2704.57	2711.97	2702.73	2704.89	39124
2025.01.17 16:00	2704.78	2717.22	2702.58	2712.35	50002
2025.01.17 20:00	2712.36	2713.15	2698.91	2702.18	27255
2025.01.20 00:00	2701.63	2702.8	2689.25	2693.48	21299
2025.01.20 04:00	2693.73	2707.39	2693.37	2707.2	27949
2025.01.20 08:00	2707.22	2713.63	2702.67	2705.88	29973
2025.01.20 12:00	2705.91	2712.35	2701.19	2704.93	39595
2025.01.20 16:00	2704.93	2711.72	2703.22	2707.16	42009
2025.01.20 20:00	2707.23	2710.86	2704.92	2708.13	5040
2025.01.21 00:00	2706.28	2719.08	2702.66	2717.86	26133
2025.01.21 04:00	2717.82	2729.01	2717.61	2725.86	33784
2025.01.21 08:00	2725.99	2732.68	2717.64	2721.22	39000
2025.01.21 12:00	2721.15	2729.92	2716.37	2726.16	42643
2025.01.21 16:00	2726.12	2745.63	2725.14	2740.12	49587
2025.01.21 20:00	2740.08	2745.87	2739.78	2744.81	17873
2025.01.22 00:00	2743.84	2749.87	2741.82	2747.9	17683
2025.01.22 04:00	2747.87	2758.49	2746.24	2757.92	24593
2025.01.22 08:00	2757.92	2762.12	2745.44	2758.32	39534
2025.01.22 12:00	2758.33	2763.24	2750.87	2757.68	33673
2025.01.22 16:00	2757.67	2760.2	2750.37	2756.36	37496
2025.01.22 20:00	2756.36	2759.22	2754.71	2756.12	15613
2025.01.23 00:00	2755.74	2756.37	2750.51	2752.6	13896
2025.01.23 04:00	2752.54	2754.78	2749.48	2751.89	20405
2025.01.23 08:00	2751.9	2755.38	2740.84	2745.78	22132
2025.01.23 12:00	2745.69	2754.34	2735.67	2741.54	39974
2025.01.23 16:00	2741.54	2758.87	2740.21	2757.58	43543
2025.01.23 20:00	2757.59	2758.09	2751.23	2754.55	22151
2025.01.24 00:00	2754.0	2762.41	2753.31	2762.18	12609
2025.01.24 04:00	2762.19	2777.22	2762.19	2775.08	39465
2025.01.24 08:00	2775.03	2778.17	2769.94	2772.67	34213
2025.01.24 12:00	2772.68	2784.51	2771.53	2782.25	25016
2025.01.24 16:00	2782.34	2785.81	2769.73	2773.28	45361
2025.01.24 20:00	2773.29	2775.17	2770.37	2770.95	17342
2025.01.27 00:00	2769.67	2772.4	2762.76	2762.88	20061
2025.01.27 04:00	2762.88	2763.55	2752.73	2753.11	34651
2025.01.27 08:00	2753.03	2764.84	2747.17	2763.18	36664
2025.01.27 12:00	2763.16	2771.84	2752.16	2757.21	41585
2025.01.27 16:00	2757.14	2757.81	2730.29	2733.52	54545
2025.01.27 20:00	2733.46	2743.9	2732.88	2740.87	25096
2025.01.28 00:00	2740.09	2745.18	2738.98	2741.36	18112
2025.01.28 04:00	2741.3	2744.71	2737.74	2741.57	24842
2025.01.28 08:00	2741.45	2744.97	2734.74	2743.31	24710
2025.01.28 12:00	2743.31	2749.4	2740.88	2748.77	26331
2025.01.28 16:00	2748.79	2759.9	2748.79	2759.59	41248
2025.01.28 20:00	2759.7	2764.96	2759.21	2763.27	20888
2025.01.29 00:00	2762.86	2766.19	2762.08	2763.7	7864
2025.01.29 04:00	2763.7	2765.55	2760.04	2760.57	21486
2025.01.29 08:00	2760.72	2766.05	2757.29	2762.68	26863
2025.01.29 12:00	2762.65	2763.23	2752.01	2758.63	32902
2025.01.29 16:00	2758.58	2761.05	2748.18	2752.75	45816
2025.01.29 20:00	2752.75	2759.75	2744.56	2759.69	38862
2025.01.30 00:00	2758.39	2762.57	2757.62	2760.1	9990
2025.01.30 04:00	2760.11	2763.32	2758.65	2760.45	14122
2025.01.30 08:00	2760.43	2776.52	2760.12	2774.13	26980
2025.01.30 12:00	2774.06	2785.93	2773.77	2785.75	32493
2025.01.30 16:00	2785.76	2798.4	2779.94	2795.55	62457
2025.01.30 20:00	2795.59	2798.37	2789.65	2794.48	32411
2025.01.31 00:00	2794.73	2799.48	2791.6	2796.33	15535
2025.01.31 04:00	2796.32	2798.17	2793.8	2795.51	24527
2025.01.31 08:00	2795.48	2800.79	2791.54	2793.59	27899
2025.01.31 12:00	2793.6	2808.34	2790.85	2806.24	34268
2025.01.31 16:00	2806.32	2817.11	2802.84	2808.59	53585
2025.01.31 20:00	2808.54	2808.82	2794.25	2798.63	46967
2025.02.03 00:00	2803.59	2803.59	2778.1	2782.16	32219
2025.02.03 04:00	2782.15	2784.96	2772.02	2783.05	46120
2025.02.03 08:00	2783.05	2800.85	2782.86	2796.18	36774
2025.02.03 12:00	2796.17	2811.81	2792.88	2810.89	34738
2025.02.03 16:00	2810.88	2830.62	2809.85	2816.97	56248
2025.02.03 20:00	2816.93	2822.83	2812.36	2814.29	26184
2025.02.04 00:00	2813.79	2824.06	2811.46	2823.25	12247
2025.02.04 04:00	2823.22	2824.44	2813.35	2815.78	29565
2025.02.04 08:00	2815.73	2821.66	2807.1	2820.29	34437
2025.02.04 12:00	2820.32	2836.88	2812.69	2831.41	34846
2025.02.04 16:00	2831.41	2845.26	2828.77	2844.0	50153
2025.02.04 20:00	2843.96	2844.93	2840.83	2841.92	20359
2025.02.05 00:00	2841.18	2848.86	2839.56	2844.31	21529
2025.02.05 04:00	2844.37	2860.34	2843.84	2859.28	24291
2025.02.05 08:00	2859.26	2872.13	2854.79	2870.24	29876
2025.02.05 12:00	2870.26	2876.94	2858.53	2861.79	39162
2025.02.05 16:00	2861.77	2882.34	2860.61	2872.91	57188
2025.02.05 20:00	2872.94	2873.43	2859.85	2867.3	30563
2025.02.06 00:00	2865.49	2871.65	2863.56	2871.54	16250
2025.02.06 04:00	2871.48	2873.13	2864.23	2868.22	25142
2025.02.06 08:00	2868.22	2871.18	2848.79	2859.27	39079
2025.02.06 12:00	2859.28	2870.12	2855.45	2856.59	42098
2025.02.06 16:00	2856.59	2859.6	2834.02	2852.23	46965
2025.02.06 20:00	2852.22	2857.24	2849.69	2855.79	21655
2025.02.07 00:00	2856.25	2868.05	2855.36	2866.09	15711
2025.02.07 04:00	2866.1	2870.49	2861.92	2861.92	20529
2025.02.07 08:00	2861.88	2870.76	2858.88	2868.79	27609
2025.02.07 12:00	2868.82	2870.55	2852.41	2862.5	36291
2025.02.07 16:00	2862.5	2886.66	2853.2	2859.88	65738
2025.02.07 20:00	2859.85	2865.06	2858.94	2860.91	23937
2025.02.10 00:00	2857.59	2876.42	2853.76	2871.73	21949
2025.02.10 04:00	2871.74	2879.9	2871.18	2879.1	24919
2025.02.10 08:00	2879.2	2903.09	2878.84	2902.79	36457
2025.02.10 12:00	2902.83	2910.87	2898.19	2900.98	42074
2025.02.10 16:00	2900.96	2911.78	2896.2	2903.17	42029
2025.02.10 20:00	2903.18	2908.23	2900.83	2907.87	19510
2025.02.11 00:00	2907.14	2935.94	2906.87	2933.83	23681
2025.02.11 04:00	2933.86	2942.46	2905.13	2922.78	48669
2025.02.11 08:00	2922.77	2929.19	2902.83	2903.06	47621
2025.02.11 12:00	2903.03	2906.94	2881.55	2896.42	55128
2025.02.11 16:00	2896.41	2908.54	2890.73	2905.55	51605
2025.02.11 20:00	2905.5	2907.13	2893.95	2897.26	23161
2025.02.12 00:00	2896.47	2900.6	2883.63	2893.18	20004
2025.02.12 04:00	2893.21	2897.74	2883.61	2886.15	29583
2025.02.12 08:00	2886.13	2895.58	2885.51	2886.68	31640
2025.02.12 12:00	2886.68	2889.9	2863.72	2884.66	44161
2025.02.12 16:00	2884.67	2909.01	2881.84	2902.74	52601
2025.02.12 20:00	2902.72	2904.29	2893.39	2904.18	23598
2025.02.13 00:00	2903.44	2908.93	2900.45	2906.06	15984
2025.02.13 04:00	2906.05	2922.61	2905.13	2917.91	27199
2025.02.13 08:00	2917.9	2920.29	2909.42	2915.15	35803
2025.02.13 12:00	2915.13	2921.19	2905.71	2908.39	38331
2025.02.13 16:00	2908.38	2920.87	2906.32	2918.9	38605
2025.02.13 20:00	2918.8	2929.48	2914.17	2928.21	25693
2025.02.14 00:00	2927.24	2933.71	2926.71	2929.67	16316
2025.02.14 04:00	2929.68	2932.23	2923.19	2930.85	24300
2025.02.14 08:00	2930.92	2938.62	2929.81	2935.16	29094
2025.02.14 12:00	2935.2	2939.86	2917.48	2920.44	34815
2025.02.14 16:00	2920.42	2928.33	2885.25	2886.89	61757
2025.02.14 20:00	2886.86	2887.74	2876.88	2882.41	24982
2025.02.17 00:00	2882.86	2896.58	2878.1	2895.41	19934
2025.02.17 04:00	2895.39	2905.15	2893.84	2896.21	19072
2025.02.17 08:00	2896.24	2906.31	2888.17	2902.4	22926
2025.02.17 12:00	2902.4	2903.77	2895.35	2896.67	20143
2025.02.17 16:00	2896.67	2904.05	2896.39	2898.31	20673
2025.02.17 20:00	2898.32	2898.97	2896.69	2897.81	4103
2025.02.18 00:00	2898.4	2900.21	2891.93	2895.55	9616
2025.02.18 04:00	2895.66	2915.51	2895.15	2910.73	20662
2025.02.18 08:00	2910.59	2915.25	2908.1	2912.51	18626
2025.02.18 12:00	2912.5	2921.25	2907.01	2918.65	21154
2025.02.18 16:00	2918.64	2933.59	2917.7	2931.06	32196
2025.02.18 20:00	2931.03	2936.89	2928.21	2935.14	16249
2025.02.19 00:00	2935.29	2939.47	2927.96	2938.25	11132
2025.02.19 04:00	2938.27	2939.4	2923.99	2932.75	23323
2025.02.19 08:00	2932.73	2946.52	2930.43	2945.31	23387
2025.02.19 12:00	2945.32	2946.84	2931.16	2936.15	32693
2025.02.19 16:00	2936.14	2940.54	2921.41	2923.73	45893
2025.02.19 20:00	2923.73	2937.43	2918.47	2933.1	24597
2025.02.20 00:00	2932.96	2942.3	2932.69	2936.89	11766
2025.02.20 04:00	2936.89	2946.71	2933.84	2946.7	17327
2025.02.20 08:00	2946.8	2954.8	2943.78	2951.4	23853
2025.02.20 12:00	2951.46	2954.66	2933.79	2933.89	35948
2025.02.20 16:00	2933.88	2946.91	2923.95	2940.4	46467
2025.02.20 20:00	2940.4	2942.31	2933.55	2939.09	22432
2025.02.21 00:00	2937.96	2949.59	2926.44	2928.36	14457
2025.02.21 04:00	2928.36	2940.91	2924.09	2930.18	25240
2025.02.21 08:00	2930.18	2932.94	2916.71	2929.26	22949
2025.02.21 12:00	2929.25	2935.96	2926.9	2930.75	22229
2025.02.21 16:00	2930.79	2941.61	2921.46	2939.76	41595
2025.02.21 20:00	2939.77	2942.73	2931.96	2935.72	22441
2025.02.24 00:00	2934.75	2940.25	2921.05	2927.89	19592
2025.02.24 04:00	2927.78	2944.61	2925.01	2936.22	27507
2025.02.24 08:00	2936.19	2948.69	2935.2	2944.16	22933
2025.02.24 12:00	2944.18	2954.44	2934.81	2954.26	22858
2025.02.24 16:00	2954.25	2956.07	2930.68	2943.29	44500
2025.02.24 20:00	2943.23	2952.86	2942.71	2952.47	16126
2025.02.25 00:00	2952.62	2953.54	2945.09	2949.41	17150
2025.02.25 04:00	2949.38	2952.15	2934.97	2937.85	21581
2025.02.25 08:00	2937.74	2942.24	2929.46	2938.92	25413
2025.02.25 12:00	2938.91	2941.44	2923.92	2937.3	33991
2025.02.25 16:00	2937.33	2944.79	2888.11	2907.58	60610
2025.02.25 20:00	2907.59	2917.24	2905.33	2914.75	23194
2025.02.26 00:00	2914.42	2930.05	2913.39	2917.52	18117
2025.02.26 04:00	2917.53	2922.86	2912.43	2915.35	15124
2025.02.26 08:00	2915.24	2918.87	2905.7	2913.02	20851
2025.02.26 12:00	2913.03	2916.63	2905.36	2905.8	22762
2025.02.26 16:00	2905.83	2916.61	2890.71	2913.6	46943
2025.02.26 20:00	2913.61	2918.65	2911.97	2916.14	16162
2025.02.27 00:00	2916.12	2920.65	2911.01	2912.52	14307
2025.02.27 04:00	2912.53	2914.69	2888.45	2890.79	32682
2025.02.27 08:00	2890.83	2898.26	2877.02	2887.1	40036
2025.02.27 12:00	2887.15	2894.87	2881.0	2888.8	35672
2025.02.27 16:00	2888.8	2892.3	2867.63	2883.19	53717
2025.02.27 20:00	2883.18	2887.57	2871.15	2876.91	30349
2025.02.28 00:00	2876.79	2884.9	2873.78	2874.69	21745
2025.02.28 04:00	2874.66	2877.73	2856.84	2864.01	42269
2025.02.28 08:00	2864.07	2866.49	2850.93	2862.28	36719
2025.02.28 12:00	2862.27	2864.8	2848.19	2848.4	32130
2025.02.28 16:00	2848.48	2853.8	2832.55	2844.95	53208
2025.02.28 20:00	2844.96	2859.21	2837.82	2857.82	23925
2025.03.03 00:00	2855.41	2876.82	2854.93	2870.71	23009
2025.03.03 04:00	2870.72	2871.84	2859.22	2863.77	30642
2025.03.03 08:00	2863.76	2871.38	2858.84	2867.34	31067
2025.03.03 12:00	2867.39	2877.53	2867.15	2872.46	26725
2025.03.03 16:00	2872.4	2893.12	2871.19	2890.69	43300
2025.03.03 20:00	2890.7	2895.08	2878.25	2893.32	28374
2025.03.04 00:00	2892.78	2893.6	2881.73	2888.25	17496
2025.03.04 04:00	2888.25	2894.26	2884.68	2889.55	27937
2025.03.04 08:00	2889.54	2921.16	2884.24	2917.86	31553
2025.03.04 12:00	2917.85	2927.74	2911.98	2922.44	31987
2025.03.04 16:00	2922.56	2922.88	2899.96	2911.46	52440
2025.03.04 20:00	2911.51	2920.41	2908.11	2917.52	24331
2025.03.05 00:00	2917.3	2918.23	2903.34	2907.08	16811
2025.03.05 04:00	2907.1	2918.68	2901.94	2918.57	30949
2025.03.05 08:00	2918.56	2922.48	2912.93	2918.69	37716
2025.03.05 12:00	2918.77	2919.08	2894.18	2899.87	41153
2025.03.05 16:00	2899.87	2929.79	2897.6	2915.89	57282
2025.03.05 20:00	2915.96	2923.0	2911.33	2918.89	23773
2025.03.06 00:00	2918.97	2925.53	2915.85	2924.48	11079
2025.03.06 04:00	2924.49	2926.45	2914.41	2919.76	17890
2025.03.06 08:00	2919.77	2922.85	2891.22	2894.12	37182
2025.03.06 12:00	2894.05	2909.43	2891.89	2904.45	41576
2025.03.06 16:00	2904.36	2922.65	2903.35	2915.5	51328
2025.03.06 20:00	2915.57	2920.56	2908.3	2910.87	21372
2025.03.07 00:00	2910.39	2913.38	2896.19	2906.77	17902
2025.03.07 04:00	2906.75	2912.4	2901.21	2909.47	24550
2025.03.07 08:00	2909.47	2922.9	2907.67	2921.41	24299
2025.03.07 12:00	2921.39	2926.25	2910.07	2913.63	36361
2025.03.07 16:00	2913.6	2930.24	2903.73	2908.16	56855
2025.03.07 20:00	2908.02	2912.55	2901.95	2911.09	23799
2025.03.10 00:00	2910.96	2918.17	2909.4	2911.98	22825
2025.03.10 04:00	2911.98	2914.45	2906.79	2909.76	21612
2025.03.10 08:00	2909.76	2915.42	2896.6	2911.08	32073
2025.03.10 12:00	2911.08	2911.16	2895.46	2903.58	43566
2025.03.10 16:00	2903.54	2910.45	2882.7	2885.99	53443
2025.03.10 20:00	2886.06	2890.81	2880.16	2889.15	23441
2025.03.11 00:00	2888.52	2890.88	2879.74	2890.52	22227
2025.03.11 04:00	2890.43	2900.35	2889.78	2895.73	23126
2025.03.11 08:00	2895.73	2912.45	2893.4	2911.66	29649
2025.03.11 12:00	2911.64	2922.18	2906.71	2917.6	31862
2025.03.11 16:00	2917.6	2920.83	2911.72	2917.67	38705
2025.03.11 20:00	2917.67	2921.26	2915.04	2915.55	14729
2025.03.12 00:00	2915.77	2919.61	2910.74	2914.7	15349
2025.03.12 04:00	2914.58	2919.94	2912.0	2915.93	18060
2025.03.12 08:00	2915.99	2925.23	2908.84	2914.61	30831
2025.03.12 12:00	2914.44	2923.07	2905.97	2915.51	40948
2025.03.12 16:00	2915.42	2940.4	2914.22	2936.01	45243
2025.03.12 20:00	2936.01	2937.25	2930.66	2933.13	16349
2025.03.13 00:00	2933.53	2941.33	2932.3	2937.72	14851
2025.03.13 04:00	2937.77	2947.02	2937.35	2939.99	19791
2025.03.13 08:00	2939.95	2948.74	2932.83	2947.72	25745
2025.03.13 12:00	2947.72	2952.28	2938.97	2950.34	38853
2025.03.13 16:00	2950.34	2985.12	2949.78	2979.34	55511
2025.03.13 20:00	2979.35	2989.08	2978.91	2988.5	16672
2025.03.14 00:00	2988.44	2990.0	2981.61	2987.82	21354
2025.03.14 04:00	2987.81	2993.77	2981.73	2986.27	23670
2025.03.14 08:00	2986.28	2999.36	2980.76	2998.65	27106
2025.03.14 12:00	2998.66	3004.8	2983.1	2985.11	42303
2025.03.14 16:00	2984.48	2993.21	2978.34	2986.48	41641
2025.03.14 20:00	2986.54	2988.61	2981.49	2985.76	12096
2025.03.17 00:00	2983.56	2994.02	2982.98	2990.73	16531
2025.03.17 04:00	2990.77	2991.93	2982.2	2985.97	14884
2025.03.17 08:00	2985.98	2996.84	2983.02	2995.59	19744
2025.03.17 12:00	2995.61	3001.07	2984.66	2988.37	32941
2025.03.17 16:00	2988.29	3000.45	2987.01	2997.81	30894
2025.03.17 20:00	2997.79	3001.8	2996.69	3000.78	10573
2025.03.18 00:00	3000.95	3008.4	2999.29	3005.65	14356
2025.03.18 04:00	3005.65	3017.07	3002.69	3012.0	20336
2025.03.18 08:00	3012.0	3028.38	3010.42	3020.14	27683
2025.03.18 12:00	3019.94	3038.12	3019.55	3033.14	37119
2025.03.18 16:00	3033.13	3036.86	3024.52	3032.45	38680
2025.03.18 20:00	3032.43	3037.91	3032.25	3033.74	11535
2025.03.19 00:00	3033.77	3034.96	3027.29	3029.3	10463
2025.03.19 04:00	3029.22	3045.23	3028.86	3044.41	16368
2025.03.19 08:00	3044.42	3044.68	3022.49	3030.42	30598
2025.03.19 12:00	3030.37	3040.94	3027.54	3033.22	29077
2025.03.19 16:00	3033.2	3038.27	3025.82	3030.21	30697
2025.03.19 20:00	3029.64	3051.8	3029.27	3047.17	26234
2025.03.20 00:00	3047.1	3056.12	3047.03	3049.47	19539
2025.03.20 04:00	3049.49	3057.33	3044.82	3046.78	25447
2025.03.20 08:00	3046.84	3051.36	3038.6	3041.28	29985
2025.03.20 12:00	3041.27	3042.14	3025.53	3032.69	48005
2025.03.20 16:00	3032.66	3043.09	3030.49	3041.55	40257
2025.03.20 20:00	3041.52	3046.0	3040.74	3044.3	12365
2025.03.21 00:00	3044.1	3047.35	3035.87	3035.89	13041
2025.03.21 04:00	3035.78	3036.88	3021.55	3027.98	20279
2025.03.21 08:00	3027.99	3034.74	3026.96	3029.45	27950
2025.03.21 12:00	3029.45	3038.07	3004.1	3006.53	37028
2025.03.21 16:00	3006.36	3018.09	2999.26	3013.52	48157
2025.03.21 20:00	3013.58	3024.03	3013.34	3023.03	14174
2025.03.24 00:00	3021.64	3026.19	3016.96	3020.79	19866
2025.03.24 04:00	3020.88	3024.26	3013.68	3021.98	22442
2025.03.24 08:00	3021.89	3030.89	3017.17	3023.39	34069
2025.03.24 12:00	3023.49	3033.14	3018.88	3022.49	39056
2025.03.24 16:00	3022.44	3023.92	3005.69	3006.94	44896
2025.03.24 20:00	3006.93	3014.38	3002.34	3011.95	15456
2025.03.25 00:00	3010.92	3014.77	3008.84	3011.7	13332
2025.03.25 04:00	3011.68	3020.87	3007.44	3018.17	19012
2025.03.25 08:00	3018.15	3023.44	3010.43	3023.2	23518
2025.03.25 12:00	3023.21	3030.54	3014.06	3028.3	32624
2025.03.25 16:00	3028.3	3035.92	3017.88	3022.55	36043
2025.03.25 20:00	3022.55	3022.74	3017.66	3019.85	10277
2025.03.26 00:00	3019.15	3025.36	3016.27	3024.68	14880
2025.03.26 04:00	3024.68	3026.82	3013.19	3022.65	23238
2025.03.26 08:00	3022.62	3031.97	3017.38	3018.58	27488
2025.03.26 12:00	3018.3	3030.27	3015.78	3016.54	32218
2025.03.26 16:00	3016.5	3021.55	3012.16	3018.58	34092
2025.03.26 20:00	3018.6	3021.65	3015.61	3018.93	11611
2025.03.27 00:00	3018.58	3028.27	3017.49	3023.48	18450
2025.03.27 04:00	3023.49	3038.45	3023.15	3029.66	21324
2025.03.27 08:00	3029.56	3040.9	3026.53	3039.87	28967
2025.03.27 12:00	3039.91	3055.82	3033.35	3040.59	43387
2025.03.27 16:00	3040.66	3059.54	3040.66	3052.76	48860
2025.03.27 20:00	3052.76	3057.77	3052.6	3056.67	12775
2025.03.28 00:00	3056.23	3073.99	3054.08	3073.88	18601
2025.03.28 04:00	3073.88	3081.92	3069.6	3077.73	23911
2025.03.28 08:00	3077.58	3085.83	3065.83	3072.76	29585
2025.03.28 12:00	3072.72	3083.92	3067.24	3082.92	39006
2025.03.28 16:00	3083.08	3086.7	3067.19	3077.27	47701
2025.03.28 20:00	3077.34	3085.68	3073.4	3085.01	15030
2025.03.31 00:00	3086.49	3097.5	3077.36	3078.98	14965
2025.03.31 04:00	3078.99	3115.78	3076.71	3113.3	36468
2025.03.31 08:00	3113.32	3127.72	3107.46	3122.16	34510
2025.03.31 12:00	3122.19	3126.56	3111.72	3124.39	31106
2025.03.31 16:00	3124.15	3127.11	3099.72	3117.42	57168
2025.03.31 20:00	3117.38	3124.62	3115.81	3123.74	21377
2025.04.01 00:00	3122.68	3127.9	3119.93	3127.12	9588
2025.04.01 04:00	3127.06	3147.77	3126.43	3144.57	33611
2025.04.01 08:00	3144.59	3148.82	3123.93	3130.6	44124
2025.04.01 12:00	3130.64	3138.88	3127.59	3133.17	31665
2025.04.01 16:00	3133.18	3136.98	3100.74	3106.48	59323
2025.04.01 20:00	3106.49	3120.56	3105.55	3113.98	20669
2025.04.02 00:00	3113.67	3123.58	3107.44	3122.73	12428
2025.04.02 04:00	3123.18	3135.61	3115.42	3116.05	26246
2025.04.02 08:00	3116.11	3133.64	3109.67	3131.2	30893
2025.04.02 12:00	3131.27	3131.42	3110.04	3122.41	32464
2025.04.02 16:00	3122.39	3134.12	3116.51	3131.23	47179
2025.04.02 20:00	3131.22	3142.83	3104.72	3132.07	34761
2025.04.03 00:00	3141.02	3167.7	3123.06	3151.2	42553
2025.04.03 04:00	3151.41	3162.85	3139.0	3140.32	44650
2025.04.03 08:00	3140.44	3140.85	3116.33	3128.97	51378
2025.04.03 12:00	3128.95	3129.39	3061.72	3076.16	67122
2025.04.03 16:00	3076.15	3135.51	3053.97	3107.38	77672
2025.04.03 20:00	3107.4	3119.93	3099.95	3114.11	29471
2025.04.04 00:00	3114.32	3116.51	3105.86	3110.5	13270
2025.04.04 04:00	3110.42	3115.63	3086.94	3100.0	32802
2025.04.04 08:00	3099.86	3109.81	3078.38	3084.11	40036
2025.04.04 12:00	3084.06	3136.56	3069.5	3071.07	71295
2025.04.04 16:00	3071.06	3087.36	3016.7	3030.81	76618
2025.04.04 20:00	3030.88	3040.83	3015.56	3038.45	43187
2025.04.07 00:00	3007.97	3031.86	2970.32	2978.62	28962
2025.04.07 04:00	2978.83	3055.45	2971.75	3035.32	54539
2025.04.07 08:00	3035.28	3044.47	3013.23	3031.06	59217
2025.04.07 12:00	3031.28	3045.96	3014.72	3031.12	59636
2025.04.07 16:00	3031.11	3037.92	2969.91	2970.46	82462
2025.04.07 20:00	2970.79	2986.01	2956.16	2981.87	43906
2025.04.08 00:00	2981.1	2992.47	2978.43	2985.24	17764
2025.04.08 04:00	2985.23	3004.66	2983.44	3002.03	36929
2025.04.08 08:00	3001.84	3015.53	2999.38	3007.27	37332
2025.04.08 12:00	3007.26	3019.46	2994.7	3002.5	37208
2025.04.08 16:00	3002.49	3022.56	2984.26	2985.89	67201
2025.04.08 20:00	2985.96	2992.36	2974.59	2981.97	44896
2025.04.09 00:00	2983.01	2990.83	2969.94	2980.25	26038
2025.04.09 04:00	2980.24	3014.05	2972.34	3012.24	53077
2025.04.09 08:00	3012.23	3052.27	3005.35	3043.94	59101
2025.04.09 12:00	3043.93	3072.9	3035.73	3047.24	59624
2025.04.09 16:00	3047.29	3094.76	3047.24	3092.23	66545
2025.04.09 20:00	3092.27	3099.58	3048.55	3082.81	65874
2025.04.10 00:00	3082.71	3101.18	3070.98	3097.09	29690
2025.04.10 04:00	3097.06	3131.78	3078.39	3125.16	51454
2025.04.10 08:00	3125.17	3132.41	3104.58	3104.9	45001
2025.04.10 12:00	3104.92	3133.54	3103.23	3122.88	46287
2025.04.10 16:00	3123.11	3174.94	3116.08	3158.34	75146
2025.04.10 20:00	3158.33	3176.33	3151.43	3175.27	39632
2025.04.11 00:00	3175.57	3217.85	3175.39	3205.39	31796
2025.04.11 04:00	3205.37	3219.93	3200.99	3208.39	51053
2025.04.11 08:00	3208.36	3227.29	3187.06	3215.87	65132
2025.04.11 12:00	3215.86	3237.69	3210.09	3233.45	54469
2025.04.11 16:00	3233.47	3245.23	3219.51	3223.16	73791
2025.04.11 20:00	3223.26	3238.97	3223.26	3237.64	36023
2025.04.14 00:00	3226.87	3228.7	3209.1	3220.83	19645
2025.04.14 04:00	3220.91	3245.53	3215.26	3227.29	39301
2025.04.14 08:00	3227.27	3238.02	3216.38	3226.88	35467
2025.04.14 12:00	3226.87	3231.64	3200.5	3206.71	40964
2025.04.14 16:00	3206.67	3215.64	3193.56	3207.4	55008
2025.04.14 20:00	3207.46	3216.34	3201.3	3210.34	22108
2025.04.15 00:00	3211.4	3215.11	3209.94	3211.8	9100
2025.04.15 04:00	3211.78	3232.55	3209.95	3231.75	25831
2025.04.15 08:00	3231.74	3232.04	3217.21	3227.48	30201
2025.04.15 12:00	3227.52	3229.97	3214.2	3221.39	26791
2025.04.15 16:00	3221.38	3226.84	3211.51	3221.37	40958
2025.04.15 20:00	3221.37	3233.54	3220.36	3229.26	19284
2025.04.16 00:00	3230.6	3267.87	3229.75	3264.37	21406
2025.04.16 04:00	3264.37	3287.41	3255.86	3283.62	38292
2025.04.16 08:00	3283.61	3317.66	3283.58	3306.88	44427
2025.04.16 12:00	3306.9	3313.52	3293.08	3307.22	34902
2025.04.16 16:00	3307.23	3332.87	3296.73	3327.19	54784
2025.04.16 20:00	3327.22	3343.01	3324.33	3342.9	30911
2025.04.17 00:00	3342.29	3357.45	3341.85	3345.24	18747
2025.04.17 04:00	3345.21	3356.11	3320.69	3341.35	43685
2025.04.17 08:00	3341.36	3345.29	3312.59	3324.1	36737
2025.04.17 12:00	3324.07	3342.08	3320.55	3328.09	32221
2025.04.17 16:00	3328.33	3332.0	3283.81	3316.04	69441
2025.04.17 20:00	3316.14	3328.57	3310.88	3326.21	29827
2025.04.21 00:00	3331.55	3370.45	3327.9	3368.63	24589
2025.04.21 04:00	3368.64	3385.13	3367.13	3376.19	35547
2025.04.21 08:00	3376.19	3395.87	3375.56	3392.61	37022
2025.04.21 12:00	3392.65	3415.65	3386.36	3414.82	43891
2025.04.21 16:00	3414.82	3430.14	3405.1	3414.47	65728
2025.04.21 20:00	3414.49	3430.45	3405.97	3424.19	33947
2025.04.22 00:00	3423.79	3444.23	3411.8	3425.28	26409
2025.04.22 04:00	3425.3	3494.66	3421.52	3484.01	50494
2025.04.22 08:00	3484.25	3499.9	3443.11	3443.93	63071
2025.04.22 12:00	3443.93	3468.2	3424.17	3431.42	45071
2025.04.22 16:00	3431.22	3449.43	3371.96	3393.1	76343
2025.04.22 20:00	3393.13	3410.24	3366.68	3380.9	42867
2025.04.23 00:00	3350.3	3370.81	3312.61	3367.77	32976
2025.04.23 04:00	3367.75	3386.4	3328.88	3346.51	51343
2025.04.23 08:00	3346.42	3349.22	3291.56	3321.4	49439
2025.04.23 12:00	3321.45	3340.49	3310.5	3310.65	39776
2025.04.23 16:00	3310.64	3313.62	3260.04	3294.98	76535
2025.04.23 20:00	3294.97	3301.41	3277.72	3288.19	30127
2025.04.24 00:00	3288.11	3338.92	3287.86	3331.63	20510
2025.04.24 04:00	3331.55	3367.24	3320.55	3326.03	47316
2025.04.24 08:00	3326.08	3341.58	3314.66	3336.0	38051
2025.04.24 12:00	3336.06	3344.62	3325.44	3335.79	32330
2025.04.24 16:00	3335.77	3336.14	3306.57	3331.43	56965
2025.04.24 20:00	3331.5	3349.78	3329.85	3348.5	22033
2025.04.25 00:00	3351.22	3370.76	3346.79	3357.57	20698
2025.04.25 04:00	3357.35	3363.0	3316.26	3324.69	35808
2025.04.25 08:00	3324.7	3327.0	3286.55	3303.64	45416
2025.04.25 12:00	3303.79	3308.68	3287.9	3292.6	31507
2025.04.25 16:00	3292.56	3292.67	3265.06	3285.42	51340
2025.04.25 20:00	3285.44	3319.02	3281.87	3318.87	24056
2025.04.28 00:00	3324.94	3336.53	3298.55	3313.94	21446
2025.04.28 04:00	3313.9	3315.11	3267.85	3298.77	35039
2025.04.28 08:00	3298.89	3300.85	3277.49	3282.48	27136
2025.04.28 12:00	3282.6	3302.19	3273.05	3296.12	29570
2025.04.28 16:00	3295.89	3339.13	3286.86	3336.44	54624
2025.04.28 20:00	3336.55	3352.84	3332.97	3343.92	25180
2025.04.29 00:00	3344.61	3348.43	3327.68	3329.85	15664
2025.04.29 04:00	3329.73	3339.94	3306.56	3309.12	35364
2025.04.29 08:00	3309.11	3324.76	3304.96	3311.76	26357
2025.04.29 12:00	3311.68	3315.93	3300.43	3312.78	27695
2025.04.29 16:00	3312.66	3329.91	3299.55	3328.66	47430
2025.04.29 20:00	3328.69	3329.59	3313.19	3317.01	20621
2025.04.30 00:00	3314.21	3327.95	3310.89	3312.99	13172
2025.04.30 04:00	3312.98	3322.61	3301.25	3307.89	26331
2025.04.30 08:00	3307.86	3314.53	3280.19	3284.3	27903
2025.04.30 12:00	3284.3	3304.66	3266.76	3298.63	40485
2025.04.30 16:00	3298.56	3319.67	3292.83	3310.7	55718
2025.04.30 20:00	3310.67	3313.41	3282.89	3288.34	24081
2025.05.01 00:00	3286.69	3289.78	3240.92	3246.17	24336
2025.05.01 04:00	3246.17	3251.52	3221.19	3226.61	30669
2025.05.01 08:00	3226.48	3243.11	3223.32	3235.01	26563
2025.05.01 12:00	3235.01	3236.09	3201.76	3226.71	37352
2025.05.01 16:00	3226.58	3233.16	3204.85	3219.47	52381
2025.05.01 20:00	3219.49	3239.73	3209.74	3237.87	25168
2025.05.02 00:00	3238.78	3244.25	3227.35	3231.0	16153
2025.05.02 04:00	3231.26	3258.57	3231.24	3251.7	23721
2025.05.02 08:00	3251.52	3263.22	3246.33	3258.04	23214
2025.05.02 12:00	3258.06	3269.14	3250.15	3250.21	34264
2025.05.02 16:00	3250.24	3264.43	3222.67	3224.89	68784
2025.05.02 20:00	3224.86	3241.11	3223.46	3240.84	31460
2025.05.05 00:00	3239.08	3252.27	3237.35	3246.6	17360
2025.05.05 04:00	3246.61	3272.29	3246.45	3256.39	31232
2025.05.05 08:00	3256.37	3282.8	3253.95	3282.55	29231
2025.05.05 12:00	3282.56	3322.42	3282.09	3319.44	44277
2025.05.05 16:00	3319.43	3328.65	3305.47	3309.63	51836
2025.05.05 20:00	3309.61	3337.49	3309.0	3333.73	25213
2025.05.06 00:00	3335.63	3337.78	3322.68	3329.51	16383
2025.05.06 04:00	3329.52	3386.95	3329.52	3363.04	56205
2025.05.06 08:00	3363.06	3383.05	3350.11	3377.09	42765
2025.05.06 12:00	3377.09	3392.23	3371.29	3390.92	41159
2025.05.06 16:00	3391.13	3411.5	3378.13	3408.79	58248
2025.05.06 20:00	3408.79	3434.91	3407.32	3430.36	32030
2025.05.07 00:00	3437.46	3437.76	3360.52	3379.55	39062
2025.05.07 04:00	3378.98	3393.74	3360.1	3381.97	41044
2025.05.07 08:00	3382.02	3397.23	3378.12	3382.62	32950
2025.05.07 12:00	3382.67	3393.67	3369.16	3390.74	39760
2025.05.07 16:00	3390.77	3398.0	3375.71	3386.84	50687
2025.05.07 20:00	3386.84	3397.88	3363.59	3364.33	43905
2025.05.08 00:00	3365.66	3386.78	3364.06	3380.38	14457
2025.05.08 04:00	3380.37	3414.64	3379.0	3381.96	40786
2025.05.08 08:00	3381.97	3384.15	3320.17	3339.19	53870
2025.05.08 12:00	3339.22	3358.47	3330.23	3355.96	36489
2025.05.08 16:00	3356.04	3369.49	3304.33	3310.15	61953
2025.05.08 20:00	3310.07	3311.02	3288.68	3305.72	32776
2025.05.09 00:00	3306.59	3323.88	3306.15	3322.09	18747
2025.05.09 04:00	3322.09	3327.4	3274.6	3324.6	45751
2025.05.09 08:00	3324.61	3332.07	3312.8	3328.46	34478
2025.05.09 12:00	3328.48	3338.26	3321.92	3333.44	29506
2025.05.09 16:00	3333.43	3347.4	3320.18	3336.74	49013
2025.05.09 20:00	3336.64	3342.79	3324.81	3326.49	20311
2025.05.12 00:00	3295.89	3295.89	3265.83	3278.98	26444
2025.05.12 04:00	3278.62	3284.67	3258.7	3278.75	39461
2025.05.12 08:00	3278.76	3281.49	3215.99	3231.29	55712
2025.05.12 12:00	3231.2	3234.27	3207.64	3233.45	45294
2025.05.12 16:00	3233.67	3248.54	3223.1	3224.05	58875
2025.05.12 20:00	3224.11	3238.72	3220.25	3234.8	25941
2025.05.13 00:00	3237.64	3243.16	3229.61	3239.81	14799
2025.05.13 04:00	3239.8	3253.46	3215.68	3252.43	34964
2025.05.13 08:00	3252.56	3265.44	3247.2	3255.47	31784
2025.05.13 12:00	3255.47	3258.47	3237.2	3241.66	32816
2025.05.13 16:00	3241.49	3257.68	3225.4	3250.9	51887
2025.05.13 20:00	3250.81	3254.69	3241.97	3250.14	20295
2025.05.14 00:00	3248.97	3256.95	3240.46	3243.68	13508
2025.05.14 04:00	3243.71	3251.7	3222.44	3223.86	36100
2025.05.14 08:00	3223.9	3243.69	3221.52	3232.48	35922
2025.05.14 12:00	3232.4	3239.07	3184.03	3184.68	42528
2025.05.14 16:00	3184.71	3198.15	3173.66	3188.39	61716
2025.05.14 20:00	3188.34	3190.36	3167.76	3177.33	29798
2025.05.15 00:00	3176.51	3187.8	3176.51	3187.65	12940
2025.05.15 04:00	3187.65	3192.56	3135.44	3138.43	39006
2025.05.15 08:00	3138.43	3164.11	3120.61	3162.48	47173
2025.05.15 12:00	3162.47	3189.74	3159.23	3188.72	38636
2025.05.15 16:00	3188.72	3222.64	3185.07	3222.49	54481
2025.05.15 20:00	3222.49	3240.54	3216.31	3239.76	24114
2025.05.16 00:00	3240.19	3251.95	3231.88	3243.0	22439
2025.05.16 04:00	3243.0	3244.48	3206.43	3219.51	37749
2025.05.16 08:00	3219.46	3231.14	3195.49	3207.33	34897
2025.05.16 12:00	3207.29	3212.81	3154.08	3177.41	45149
2025.05.16 16:00	3177.38	3189.66	3165.77	3189.28	57867
2025.05.16 20:00	3189.29	3202.81	3183.42	3202.02	23766
2025.05.19 00:00	3218.63	3249.71	3205.44	3246.37	32255
2025.05.19 04:00	3246.29	3246.62	3206.58	3215.8	46312
2025.05.19 08:00	3215.82	3244.81	3214.87	3244.32	39521
2025.05.19 12:00	3244.41	3248.41	3228.75	3229.15	35378
2025.05.19 16:00	3229.31	3241.54	3217.09	3231.65	52618
2025.05.19 20:00	3231.65	3235.77	3225.24	3230.07	19806
2025.05.20 00:00	3230.7	3230.7	3214.02	3222.62	16396
2025.05.20 04:00	3222.61	3232.62	3204.45	3217.19	42526
2025.05.20 08:00	3217.18	3235.97	3207.84	3235.69	39638
2025.05.20 12:00	3235.72	3250.64	3230.42	3242.76	35602
2025.05.20 16:00	3242.76	3285.63	3232.69	3278.8	71987
2025.05.20 20:00	3278.8	3295.59	3278.19	3289.74	27065
2025.05.21 00:00	3290.81	3304.12	3288.41	3303.42	20604
2025.05.21 04:00	3303.42	3314.61	3285.25	3301.99	43032
2025.05.21 08:00	3301.99	3320.44	3298.35	3308.37	43141
2025.05.21 12:00	3308.38	3318.18	3290.41	3302.47	43250
2025.05.21 16:00	3302.47	3315.1	3295.21	3303.08	59174
2025.05.21 20:00	3302.93	3324.79	3302.79	3315.24	34134
2025.05.22 00:00	3318.14	3326.1	3315.23	3323.67	18246
2025.05.22 04:00	3323.66	3345.34	3320.25	3338.43	45859
2025.05.22 08:00	3338.43	3339.42	3310.09	3311.16	46928
2025.05.22 12:00	3311.15	3314.63	3282.8	3303.95	61521
2025.05.22 16:00	3303.99	3315.62	3279.04	3301.48	72014
2025.05.22 20:00	3301.49	3301.76	3288.95	3294.62	29568
2025.05.23 00:00	3293.85	3308.78	3286.99	3300.87	18087
2025.05.23 04:00	3300.81	3316.08	3290.86	3313.52	39171
2025.05.23 08:00	3313.52	3334.35	3312.44	3326.25	42352
2025.05.23 12:00	3326.26	3360.37	3323.38	3356.8	58789
2025.05.23 16:00	3357.07	3364.66	3336.59	3358.74	69025
2025.05.23 20:00	3358.78	3365.84	3356.03	3356.12	24353
2025.05.26 00:00	3353.13	3355.91	3331.43	3341.83	19995
2025.05.26 04:00	3341.95	3356.72	3335.48	3349.7	34394
2025.05.26 08:00	3349.66	3351.72	3330.99	3334.57	31938
2025.05.26 12:00	3334.59	3336.03	3323.58	3334.28	23891
2025.05.26 16:00	3334.31	3343.53	3331.31	3341.92	26262
2025.05.26 20:00	3341.95	3343.12	3340.39	3341.43	2995
2025.05.27 00:00	3343.06	3349.88	3342.34	3344.99	12686
2025.05.27 04:00	3345.12	3347.26	3330.59	3330.77	31366
2025.05.27 08:00	3330.8	3332.53	3292.46	3298.43	58382
2025.05.27 12:00	3298.47	3309.72	3287.61	3293.58	50490
2025.05.27 16:00	3293.61	3304.77	3284.94	3297.67	54227
2025.05.27 20:00	3297.69	3307.93	3296.74	3300.47	19717
2025.05.28 00:00	3300.41	3315.64	3297.08	3308.47	11940
2025.05.28 04:00	3308.42	3313.63	3291.54	3296.3	33606
2025.05.28 08:00	3296.28	3323.69	3295.89	3321.46	40241
2025.05.28 12:00	3321.55	3325.42	3305.26	3312.19	30547
2025.05.28 16:00	3312.19	3316.26	3288.55	3293.37	49114
2025.05.28 20:00	3293.36	3302.94	3276.24	3288.24	27461
2025.05.29 00:00	3286.96	3294.44	3250.12	3264.97	35290
2025.05.29 04:00	3264.97	3280.05	3245.32	3269.02	46800
2025.05.29 08:00	3269.08	3289.2	3265.86	3281.58	37464
2025.05.29 12:00	3281.59	3317.35	3276.08	3316.36	43557
2025.05.29 16:00	3316.32	3331.05	3304.71	3322.15	57595
2025.05.29 20:00	3322.07	3325.69	3315.23	3317.61	25404
2025.05.30 00:00	3318.51	3320.86	3309.49	3312.47	14550
2025.05.30 04:00	3312.47	3322.6	3291.17	3296.18	38251
2025.05.30 08:00	3296.19	3304.92	3287.28	3295.58	37742
2025.05.30 12:00	3295.62	3306.73	3282.79	3303.92	41666
2025.05.30 16:00	3303.88	3308.12	3271.39	3293.26	65302
2025.05.30 20:00	3293.21	3295.71	3288.6	3289.49	24278
2025.06.02 00:00	3299.11	3316.61	3295.37	3311.22	20017
2025.06.02 04:00	3311.23	3318.12	3301.29	3313.75	27823
2025.06.02 08:00	3313.79	3358.91	3313.74	3351.92	41721
2025.06.02 12:00	3351.96	3363.52	3344.31	3355.34	41351
2025.06.02 16:00	3355.38	3379.19	3350.22	3371.63	60842
2025.06.02 20:00	3371.51	3382.82	3370.63	3381.49	26148
2025.06.03 00:00	3382.71	3392.02	3373.73	3375.68	19951
2025.06.03 04:00	3375.71	3377.92	3359.12	3362.54	44224
2025.06.03 08:00	3362.54	3367.58	3350.99	3361.04	38744
2025.06.03 12:00	3361.05	3362.92	3348.89	3359.32	35099
2025.06.03 16:00	3359.29	3362.99	3333.0	3348.35	53278
2025.06.03 20:00	3348.33	3355.39	3347.24	3353.33	18458
2025.06.04 00:00	3354.16	3361.51	3349.75	3350.16	14931
2025.06.04 04:00	3350.17	3372.53	3346.36	3354.64	35492
2025.06.04 08:00	3354.73	3365.05	3347.84	3362.63	37814
2025.06.04 12:00	3362.66	3364.87	3343.67	3358.74	42872
2025.06.04 16:00	3358.75	3384.59	3350.71	3374.95	54163
2025.06.04 20:00	3374.87	3382.08	3370.58	3372.18	19400
2025.06.05 00:00	3374.66	3381.61	3372.17	3380.18	13463
2025.06.05 04:00	3380.16	3384.02	3363.82	3368.35	31716
2025.06.05 08:00	3368.43	3376.82	3361.05	3375.08	31827
2025.06.05 12:00	3375.17	3403.23	3373.91	3382.89	57854
2025.06.05 16:00	3382.97	3388.35	3339.23	3353.96	88176
2025.06.05 20:00	3353.96	3361.23	3348.84	3352.65	29089
2025.06.06 00:00	3353.17	3363.97	3352.88	3359.26	16293
2025.06.06 04:00	3359.29	3374.44	3355.94	3373.55	33343
2025.06.06 08:00	3373.52	3375.5	3352.76	3365.28	41473
2025.06.06 12:00	3365.29	3365.3	3343.41	3353.22	44947
2025.06.06 16:00	3353.16	3360.86	3316.25	3322.6	78689
2025.06.06 20:00	3322.65	3326.71	3306.93	3311.56	27451
2025.06.09 00:00	3311.26	3321.13	3298.14	3305.33	21150
2025.06.09 04:00	3305.34	3313.34	3293.37	3311.61	36026
2025.06.09 08:00	3311.6	3328.46	3309.47	3319.65	35204
2025.06.09 12:00	3319.75	3323.34	3312.04	3319.91	33208
2025.06.09 16:00	3319.96	3337.74	3310.6	3337.57	48299
2025.06.09 20:00	3337.78	3338.07	3324.81	3325.52	18395
2025.06.10 00:00	3325.39	3327.79	3314.45	3316.52	16173
2025.06.10 04:00	3316.53	3319.82	3301.76	3307.21	38261
2025.06.10 08:00	3307.16	3334.79	3306.66	3329.23	45042
2025.06.10 12:00	3329.18	3342.47	3327.03	3337.03	33194
2025.06.10 16:00	3337.12	3349.06	3319.81	3321.12	51620
2025.06.10 20:00	3321.1	3334.47	3319.3	3322.42	20787
2025.06.11 00:00	3322.37	3335.1	3315.38	3332.38	19786
2025.06.11 04:00	3332.32	3342.82	3327.02	3341.72	29042
2025.06.11 08:00	3341.72	3348.49	3332.34	3344.42	33828
2025.06.11 12:00	3344.42	3360.55	3326.0	3336.69	46747
2025.06.11 16:00	3336.68	3344.56	3327.92	3330.14	57428
2025.06.11 20:00	3330.14	3355.48	3319.2	3354.87	34606
2025.06.12 00:00	3356.87	3373.33	3355.78	3365.66	25435
2025.06.12 04:00	3365.67	3377.7	3362.34	3370.34	35444
2025.06.12 08:00	3370.3	3375.64	3338.55	3356.71	47004
2025.06.12 12:00	3356.7	3390.31	3355.3	3387.96	49053
2025.06.12 16:00	3388.27	3398.76	3377.7	3383.56	64070
2025.06.12 20:00	3383.56	3389.27	3378.03	3386.74	21927
2025.06.13 00:00	3386.07	3419.84	3379.33	3416.47	33950
2025.06.13 04:00	3414.83	3444.31	3413.84	3425.2	57700
2025.06.13 08:00	3425.21	3428.7	3407.78	3424.32	48116
2025.06.13 12:00	3424.27	3438.0	3411.44	3436.55	49298
2025.06.13 16:00	3436.37	3446.7	3419.18	3429.95	68609
2025.06.13 20:00	3429.95	3439.36	3427.26	3433.37	32002
2025.06.16 00:00	3443.56	3451.4	3431.45	3436.19	27615
2025.06.16 04:00	3436.2	3446.23	3426.74	3427.42	36079
2025.06.16 08:00	3427.44	3430.29	3409.38	3413.74	47216
2025.06.16 12:00	3413.82	3422.56	3410.69	3415.48	37149
2025.06.16 16:00	3415.44	3417.91	3382.49	3399.34	57947
2025.06.16 20:00	3399.33	3400.15	3382.81	3385.25	23952
2025.06.17 00:00	3386.79	3403.11	3385.69	3394.24	18309
2025.06.17 04:00	3394.25	3402.42	3373.58	3393.89	31754
2025.06.17 08:00	3393.88	3395.31	3377.74	3378.75	36648
2025.06.17 12:00	3378.75	3400.04	3375.66	3386.59	47899
2025.06.17 16:00	3386.69	3397.33	3366.11	3382.82	57544
2025.06.17 20:00	3382.76	3392.36	3381.23	3388.38	28359
2025.06.18 00:00	3390.35	3395.95	3382.82	3385.61	14520
2025.06.18 04:00	3385.56	3399.89	3370.52	3395.06	32583
2025.06.18 08:00	3395.05	3395.54	3376.98	3383.44	35434
2025.06.18 12:00	3383.44	3389.71	3375.38	3386.5	36655
2025.06.18 16:00	3386.54	3396.67	3373.73	3390.88	52043
2025.06.18 20:00	3390.86	3395.64	3362.4	3369.2	50288
2025.06.19 00:00	3369.91	3383.18	3369.19	3379.35	16478
2025.06.19 04:00	3379.33	3387.82	3369.61	3374.43	29004
2025.06.19 08:00	3374.41	3375.18	3347.39	3368.59	50741
2025.06.19 12:00	3368.59	3378.88	3363.42	3367.83	31009
2025.06.19 16:00	3368.0	3372.83	3361.36	3370.97	37545
2025.06.19 20:00	3370.98	3375.31	3365.74	3370.37	7120
2025.06.20 00:00	3369.85	3370.31	3361.79	3368.01	15543
2025.06.20 04:00	3368.02	3368.22	3344.63	3354.13	35986
2025.06.20 08:00	3354.13	3355.15	3340.24	3350.87	34637
2025.06.20 12:00	3350.86	3359.04	3341.81	3344.3	33844
2025.06.20 16:00	3344.5	3374.39	3342.92	3371.35	48476
2025.06.20 20:00	3371.35	3371.63	3364.5	3368.4	19881
2025.06.23 00:00	3389.44	3396.58	3358.3	3365.56	27938
2025.06.23 04:00	3365.62	3367.94	3351.83	3358.37	34583
2025.06.23 08:00	3358.36	3362.17	3346.83	3361.69	37401
2025.06.23 12:00	3361.67	3381.89	3355.77	3360.32	41247
2025.06.23 16:00	3360.3	3393.35	3359.66	3389.75	58806
2025.06.23 20:00	3389.72	3391.48	3367.07	3368.98	34921
2025.06.24 00:00	3366.61	3369.38	3333.04	3350.96	30743
2025.06.24 04:00	3350.98	3357.78	3342.1	3348.44	35868
2025.06.24 08:00	3348.41	3348.66	3315.99	3327.15	53533
2025.06.24 12:00	3327.17	3328.78	3304.37	3314.6	41221
2025.06.24 16:00	3314.58	3320.29	3295.23	3318.29	61564
2025.06.24 20:00	3318.38	3325.15	3315.54	3322.93	23610
2025.06.25 00:00	3323.74	3329.94	3320.68	3326.83	12461
2025.06.25 04:00	3326.85	3335.1	3325.68	3327.36	27152
2025.06.25 08:00	3327.34	3336.94	3326.39	3327.2	30929
2025.06.25 12:00	3327.22	3329.41	3318.02	3320.52	32837
2025.06.25 16:00	3320.53	3335.04	3311.84	3334.62	44670
2025.06.25 20:00	3334.64	3335.9	3324.61	3332.12	26966
2025.06.26 00:00	3334.18	3339.91	3331.1	3333.82	14071
2025.06.26 04:00	3333.82	3343.05	3329.15	3333.84	28993
2025.06.26 08:00	3333.83	3350.21	3330.88	3348.04	33051
2025.06.26 12:00	3348.01	3348.66	3321.48	3321.89	36387
2025.06.26 16:00	3321.89	3333.16	3309.87	3331.22	55717
2025.06.26 20:00	3331.18	3336.29	3327.63	3327.66	20772
2025.06.27 00:00	3327.32	3327.87	3313.17	3318.74	13118
2025.06.27 04:00	3318.68	3321.86	3290.94	3293.86	37321
2025.06.27 08:00	3293.94	3300.88	3281.78	3289.3	43729
2025.06.27 12:00	3289.32	3290.85	3269.36	3269.94	43351
2025.06.27 16:00	3270.0	3278.45	3255.84	3277.47	62698
2025.06.27 20:00	3277.5	3282.71	3268.28	3274.5	30378
2025.06.30 00:00	3273.52	3281.39	3246.66	3264.42	22261
2025.06.30 04:00	3264.41	3286.17	3259.41	3285.49	31341
2025.06.30 08:00	3285.44	3296.65	3284.5	3289.04	30546
2025.06.30 12:00	3289.01	3289.01	3274.45	3281.93	31811
2025.06.30 16:00	3281.94	3297.37	3277.83	3297.18	42843
2025.06.30 20:00	3297.19	3309.37	3291.9	3302.88	24569
2025.07.01 00:00	3303.01	3314.73	3302.1	3314.63	15663
2025.07.01 04:00	3314.62	3322.91	3313.8	3322.82	28417
2025.07.01 08:00	3322.82	3342.3	3322.79	3339.42	37253
2025.07.01 12:00	3339.43	3357.82	3338.1	3354.49	40914
2025.07.01 16:00	3354.45	3355.41	3336.92	3341.66	57937
2025.07.01 20:00	3341.6	3342.06	3336.74	3338.87	21379
2025.07.02 00:00	3337.96	3344.89	3334.5	3338.87	15451
2025.07.02 04:00	3338.86	3342.74	3328.48	3339.97	26923
2025.07.02 08:00	3339.95	3343.79	3327.4	3333.42	29814
2025.07.02 12:00	3333.39	3350.97	3332.94	3346.57	35686
2025.07.02 16:00	3346.57	3349.06	3333.81	3348.59	48447
2025.07.02 20:00	3348.58	3360.03	3347.28	3356.93	20765
2025.07.03 00:00	3357.6	3365.77	3343.42	3344.62	17805
2025.07.03 04:00	3344.66	3351.75	3341.77	3350.64	23247
2025.07.03 08:00	3350.66	3363.57	3350.05	3356.05	31359
2025.07.03 12:00	3356.06	3356.18	3311.47	3324.38	43687
2025.07.03 16:00	3324.45	3338.38	3322.02	3333.81	52109
2025.07.03 20:00	3333.79	3334.75	3325.22	3325.85	9103
2025.07.04 00:00	3325.5	3331.88	3323.41	3328.87	11337
2025.07.04 04:00	3328.86	3342.11	3326.04	3340.75	23216
2025.07.04 08:00	3340.76	3344.92	3336.33	3342.74	26828
2025.07.04 12:00	3342.73	3342.98	3331.33	3333.8	23771
2025.07.04 16:00	3333.84	3337.9	3330.64	3336.77	20936
2025.07.07 00:00	3334.37	3342.39	3321.58	3326.44	16824
2025.07.07 04:00	3326.44	3327.59	3305.18	3307.6	38094
2025.07.07 08:00	3307.65	3315.15	3300.51	3310.02	37353
2025.07.07 12:00	3310.0	3312.66	3296.27	3309.48	43640
2025.07.07 16:00	3309.46	3327.92	3306.01	3327.26	47417
2025.07.07 20:00	3327.23	3340.24	3327.17	3336.18	28616
2025.07.08 00:00	3338.79	3345.65	3330.98	3334.13	15502
2025.07.08 04:00	3334.15	3337.84	3327.28	3329.51	27308
2025.07.08 08:00	3329.5	3339.29	3323.16	3323.57	30513
2025.07.08 12:00	3323.58	3329.73	3319.79	3328.02	27765
2025.07.08 16:00	3328.04	3328.58	3286.98	3300.42	61545
2025.07.08 20:00	3300.41	3310.25	3299.2	3301.54	33144
2025.07.09 00:00	3301.56	3307.87	3297.13	3307.0	15107
2025.07.09 04:00	3307.01	3307.1	3284.87	3293.77	33457
2025.07.09 08:00	3293.8	3297.65	3282.56	3284.88	36199
2025.07.09 12:00	3284.82	3297.44	3283.11	3296.29	30740
2025.07.09 16:00	3296.32	3313.15	3291.77	3311.73	46210
2025.07.09 20:00	3311.71	3316.72	3307.97	3313.49	20985
2025.07.10 00:00	3313.43	3321.74	3312.49	3317.57	11929
2025.07.10 04:00	3317.49	3326.18	3314.75	3322.1	21813
2025.07.10 08:00	3322.11	3330.03	3319.71	3328.57	25115
2025.07.10 12:00	3328.57	3330.18	3317.7	3323.62	31670
2025.07.10 16:00	3323.67	3329.28	3309.92	3314.95	41569
2025.07.10 20:00	3314.96	3325.85	3314.54	3323.86	20303
2025.07.11 00:00	3324.14	3336.01	3321.67	3330.42	15943
2025.07.11 04:00	3330.38	3335.88	3325.04	3331.82	24112
2025.07.11 08:00	3331.79	3343.69	3331.02	3332.92	37971
2025.07.11 12:00	3332.94	3356.98	3332.69	3354.95	39138
2025.07.11 16:00	3354.96	3368.52	3349.97	3353.76	57454
2025.07.11 20:00	3353.57	3359.62	3349.16	3354.89	26363
2025.07.14 00:00	3363.88	3373.87	3358.97	3367.39	20990
2025.07.14 04:00	3367.43	3370.01	3353.73	3359.55	31176
2025.07.14 08:00	3359.52	3374.9	3353.69	3365.86	33751
2025.07.14 12:00	3365.96	3374.49	3349.23	3349.95	31917
2025.07.14 16:00	3349.96	3358.85	3340.89	3347.68	46205
2025.07.14 20:00	3347.67	3351.56	3341.12	3343.3	20787
2025.07.15 00:00	3343.96	3349.26	3341.27	3347.48	9019
2025.07.15 04:00	3347.5	3361.24	3345.69	3360.07	22429
2025.07.15 08:00	3360.05	3365.5	3356.48	3360.96	28438
2025.07.15 12:00	3360.95	3366.2	3346.31	3348.75	33979
2025.07.15 16:00	3348.8	3352.3	3320.11	3329.15	59646
2025.07.15 20:00	3329.16	3331.81	3324.75	3324.76	23213
2025.07.16 00:00	3324.03	3332.48	3323.64	3330.37	8714
2025.07.16 04:00	3330.37	3338.46	3324.95	3338.17	22660
2025.07.16 08:00	3338.11	3342.52	3335.58	3341.96	23376
2025.07.16 12:00	3341.91	3342.91	3330.79	3334.44	31084
2025.07.16 16:00	3334.48	3377.15	3319.56	3349.01	76359
2025.07.16 20:00	3349.0	3357.38	3345.92	3347.37	28468
2025.07.17 00:00	3347.88	3352.08	3339.6	3340.65	10340
2025.07.17 04:00	3340.69	3344.6	3336.21	3342.61	22457
2025.07.17 08:00	3342.57	3342.79	3325.05	3328.65	29108
2025.07.17 12:00	3328.65	3332.43	3309.73	3312.99	36181
2025.07.17 16:00	3312.97	3339.83	3311.09	3338.71	49066
2025.07.17 20:00	3338.68	3340.98	3335.56	3339.03	19246
2025.07.18 00:00	3341.77	3343.96	3337.87	3339.74	10371
2025.07.18 04:00	3339.75	3344.07	3333.71	3336.95	23469
2025.07.18 08:00	3336.96	3350.24	3331.72	3347.34	28285
2025.07.18 12:00	3347.46	3361.12	3347.34	3359.8	30560
2025.07.18 16:00	3359.82	3360.17	3351.06	3353.53	43544
2025.07.18 20:00	3353.54	3353.62	3347.52	3350.34	19458
2025.07.21 00:00	3349.69	3354.42	3344.85	3352.15	10795
2025.07.21 04:00	3352.13	3358.63	3350.54	3357.7	21144
2025.07.21 08:00	3357.67	3370.61	3357.53	3365.86	31376
2025.07.21 12:00	3365.9	3388.5	3362.62	3387.12	32506
2025.07.21 16:00	3387.2	3401.43	3383.48	3395.48	53978
2025.07.21 20:00	3395.49	3399.62	3391.35	3396.92	28731
2025.07.22 00:00	3396.7	3402.58	3390.4	3394.36	12534
2025.07.22 04:00	3394.37	3395.76	3385.0	3390.95	25889
2025.07.22 08:00	3391.1	3391.77	3383.18	3388.89	28588
2025.07.22 12:00	3388.82	3407.67	3384.46	3407.39	29078
2025.07.22 16:00	3407.4	3432.74	3404.85	3432.02	61297
2025.07.22 20:00	3432.04	3433.36	3426.4	3431.58	28526
2025.07.23 00:00	3431.75	3438.9	3426.1	3428.62	15732
2025.07.23 04:00	3428.67	3430.62	3419.02	3423.44	38084
2025.07.23 08:00	3423.43	3429.54	3416.25	3428.3	37208
2025.07.23 12:00	3428.36	3433.64	3419.84	3419.88	32793
2025.07.23 16:00	3419.86	3420.47	3381.36	3387.31	60260
2025.07.23 20:00	3387.3	3395.88	3385.65	3387.05	26819
2025.07.24 00:00	3387.85	3393.18	3386.41	3391.34	8294
2025.07.24 04:00	3391.35	3393.23	3374.63	3382.42	36933
2025.07.24 08:00	3382.42	3382.76	3365.75	3369.57	37242
2025.07.24 12:00	3369.46	3369.97	3352.5	3353.34	34731
2025.07.24 16:00	3353.3	3377.28	3351.24	3366.84	52546
2025.07.24 20:00	3366.81	3373.31	3366.19	3368.43	20781
2025.07.25 00:00	3367.78	3373.34	3364.94	3372.06	10733
2025.07.25 04:00	3372.08	3372.53	3357.81	3360.78	23888
2025.07.25 08:00	3360.87	3362.15	3344.44	3345.31	27526
2025.07.25 12:00	3345.33	3348.79	3336.3	3340.66	27577
2025.07.25 16:00	3340.68	3347.42	3324.95	3329.64	58275
2025.07.25 20:00	3329.73	3340.15	3329.46	3336.63	21671
2025.07.28 00:00	3319.2	3337.16	3319.2	3333.24	19002
2025.07.28 04:00	3333.25	3343.89	3329.8	3339.5	27066
2025.07.28 08:00	3339.48	3345.23	3332.24	3335.9	28681
2025.07.28 12:00	3335.91	3340.56	3325.43	3328.28	30606
2025.07.28 16:00	3328.26	3330.56	3301.62	3312.07	50957
2025.07.28 20:00	3312.04	3318.68	3308.68	3314.43	25011
2025.07.29 00:00	3315.18	3315.75	3307.94	3311.47	12604
2025.07.29 04:00	3311.45	3320.71	3308.39	3316.37	27264
2025.07.29 08:00	3316.36	3329.88	3311.12	3326.24	35937
2025.07.29 12:00	3326.11	3328.1	3314.85	3323.16	33228
2025.07.29 16:00	3323.18	3333.95	3311.91	3323.05	53162
2025.07.29 20:00	3323.02	3330.74	3322.53	3326.44	26107
2025.07.30 00:00	3326.54	3333.58	3325.87	3330.15	8048
2025.07.30 04:00	3330.13	3333.13	3321.67	3327.01	25309
2025.07.30 08:00	3327.05	3333.28	3322.96	3332.13	26510
2025.07.30 12:00	3331.91	3333.88	3310.52	3313.17	38324
2025.07.30 16:00	3313.2	3315.97	3288.54	3297.97	57557
2025.07.30 20:00	3298.02	3304.83	3267.91	3274.88	55281
2025.07.31 00:00	3277.17	3288.31	3273.27	3286.38	14310
2025.07.31 04:00	3286.34	3298.46	3284.94	3297.99	28946
2025.07.31 08:00	3298.02	3314.7	3294.6	3309.75	29743
2025.07.31 12:00	3309.74	3312.98	3293.63	3307.48	39120
2025.07.31 16:00	3307.49	3310.23	3289.58	3294.88	59938
2025.07.31 20:00	3294.9	3298.31	3289.73	3289.94	30109
2025.08.01 00:00	3290.26	3295.05	3286.32	3290.12	13042
2025.08.01 04:00	3290.11	3296.98	3281.51	3291.99	31521
2025.08.01 08:00	3291.97	3300.38	3285.11	3294.16	33493
2025.08.01 12:00	3294.18	3345.04	3292.64	3341.1	43319
2025.08.01 16:00	3341.11	3354.99	3338.71	3347.17	75739
2025.08.01 20:00	3347.12	3363.33	3345.47	3362.68	36405
2025.08.04 00:00	3366.46	3368.68	3350.07	3352.07	17518
2025.08.04 04:00	3351.96	3362.01	3344.93	3358.84	27592
2025.08.04 08:00	3358.92	3362.53	3351.57	3358.34	33723
2025.08.04 12:00	3358.36	3371.41	3352.84	3367.65	37416
2025.08.04 16:00	3367.69	3385.22	3366.93	3370.85	53665
2025.08.04 20:00	3370.84	3376.99	3370.58	3373.52	23915
2025.08.05 00:00	3374.05	3381.2	3373.64	3379.68	10308
2025.08.05 04:00	3379.69	3382.25	3370.88	3371.01	22070
2025.08.05 08:00	3371.0	3375.38	3365.6	3366.0	29950
2025.08.05 12:00	3365.99	3366.85	3349.66	3366.06	36415
2025.08.05 16:00	3366.1	3390.29	3365.76	3381.94	55159
2025.08.05 20:00	3381.96	3382.68	3378.03	3380.67	21489
2025.08.06 00:00	3381.16	3385.18	3378.02	3383.32	9828
2025.08.06 04:00	3383.3	3383.47	3372.08	3372.29	21587
2025.08.06 08:00	3372.29	3378.54	3364.66	3365.02	25777
2025.08.06 12:00	3365.03	3369.11	3358.03	3367.39	28724
2025.08.06 16:00	3367.37	3379.85	3365.08	3375.98	44901
2025.08.06 20:00	3376.01	3377.49	3367.05	3369.18	27099
2025.08.07 00:00	3368.47	3374.87	3365.08	3372.11	17622
2025.08.07 04:00	3372.09	3384.01	3370.0	3377.42	29778
2025.08.07 08:00	3377.54	3397.26	3371.52	3378.01	53017
2025.08.07 12:00	3377.97	3389.65	3371.65	3380.71	51287
2025.08.07 16:00	3380.65	3393.7	3375.11	3388.81	63291
2025.08.07 20:00	3388.78	3401.77	3384.23	3395.24	33806
2025.08.08 00:00	3403.3	3408.48	3387.04	3389.54	37983
2025.08.08 04:00	3389.59	3399.15	3381.11	3394.22	60637
2025.08.08 08:00	3394.26	3404.09	3388.62	3394.3	66940
2025.08.08 12:00	3394.28	3401.8	3380.38	3391.43	85487
2025.08.08 16:00	3391.33	3401.52	3381.06	3397.33	74618
2025.08.08 20:00	3397.32	3404.02	3376.59	3398.33	57500
2025.08.11 00:00	3397.6	3404.72	3381.33	3381.5	19078
2025.08.11 04:00	3381.51	3383.74	3367.57	3375.73	40753
2025.08.11 08:00	3375.69	3379.96	3356.8	3361.79	45348
2025.08.11 12:00	3361.48	3363.82	3344.31	3356.72	49945
2025.08.11 16:00	3356.68	3362.7	3341.38	3343.98	57368
2025.08.11 20:00	3344.0	3358.67	3341.14	3342.6	33462
2025.08.12 00:00	3342.83	3355.63	3342.24	3354.41	12028
2025.08.12 04:00	3354.43	3357.35	3346.04	3354.31	28099
2025.08.12 08:00	3354.34	3357.99	3342.16	3347.75	33725
2025.08.12 12:00	3347.8	3357.95	3335.99	3349.78	41305
2025.08.12 16:00	3349.66	3358.96	3330.98	3349.32	69335
2025.08.12 20:00	3349.34	3350.74	3345.42	3347.97	23499
2025.08.13 00:00	3348.29	3353.65	3342.49	3343.45	10287
2025.08.13 04:00	3343.45	3354.22	3342.57	3351.72	25637
2025.08.13 08:00	3351.7	3363.36	3345.53	3360.15	32388
2025.08.13 12:00	3360.11	3366.91	3355.32	3358.01	35162
2025.08.13 16:00	3357.92	3370.65	3353.98	3357.72	44482
2025.08.13 20:00	3357.75	3359.2	3349.8	3355.91	17567
2025.08.14 00:00	3356.76	3374.68	3356.4	3369.38	12008
2025.08.14 04:00	3369.36	3370.77	3355.37	3360.34	26137
2025.08.14 08:00	3360.19	3366.3	3341.36	3346.01	34528
2025.08.14 12:00	3346.07	3359.08	3341.84	3350.41	41532
2025.08.14 16:00	3350.34	3355.96	3329.7	3334.24	64815
2025.08.14 20:00	3334.24	3340.92	3331.76	3335.3	20264
2025.08.15 00:00	3336.44	3338.71	3332.08	3336.96	9252
2025.08.15 04:00	3336.97	3346.59	3333.15	3345.38	19746
2025.08.15 08:00	3345.32	3348.66	3338.23	3341.21	24257
2025.08.15 12:00	3341.19	3344.85	3333.42	3342.52	30038
2025.08.15 16:00	3342.55	3345.86	3332.77	3338.06	40210
2025.08.15 20:00	3338.07	3339.45	3334.26	3335.19	15983
2025.08.18 00:00	3336.17	3342.68	3323.38	3340.48	14226
2025.08.18 04:00	3340.45	3358.05	3339.47	3357.39	22802
2025.08.18 08:00	3357.38	3358.26	3344.4	3348.51	27437
2025.08.18 12:00	3348.49	3351.56	3342.98	3344.68	25215
2025.08.18 16:00	3344.67	3344.87	3331.63	3334.15	39060
2025.08.18 20:00	3334.17	3334.78	3330.1	3332.7	12403
2025.08.19 00:00	3332.17	3339.07	3325.99	3335.06	10692
2025.08.19 04:00	3335.03	3341.49	3329.38	3337.56	23090
2025.08.19 08:00	3337.46	3341.71	3334.3	3337.87	20430
2025.08.19 12:00	3337.88	3345.23	3334.07	3334.62	20980
2025.08.19 16:00	3334.61	3339.16	3316.93	3317.31	43351
2025.08.19 20:00	3317.32	3320.06	3314.82	3315.5	19006
2025.08.20 00:00	3315.91	3317.31	3312.7	3315.85	9192
2025.08.20 04:00	3315.86	3320.78	3311.35	3318.57	23252
2025.08.20 08:00	3318.56	3327.4	3318.03	3324.89	22430
2025.08.20 12:00	3324.71	3344.72	3323.43	3342.78	28372
2025.08.20 16:00	3342.75	3350.13	3338.76	3345.07	33917
2025.08.20 20:00	3345.08	3349.13	3343.87	3348.28	15757
2025.08.21 00:00	3349.87	3351.95	3341.35	3342.23	9538
2025.08.21 04:00	3342.24	3346.3	3337.8	3338.14	17768
2025.08.21 08:00	3338.15	3341.34	3334.13	3339.44	20318
2025.08.21 12:00	3339.43	3344.94	3325.03	3341.79	30760
2025.08.21 16:00	3341.84	3347.99	3335.89	3339.61	44991
2025.08.21 20:00	3339.62	3341.93	3336.48	3338.46	13367
2025.08.22 00:00	3338.77	3340.41	3334.96	3339.48	7343
2025.08.22 04:00	3339.5	3340.12	3327.91	3328.28	16970
2025.08.22 08:00	3328.26	3334.98	3325.25	3328.65	23423
2025.08.22 12:00	3328.66	3331.68	3321.33	3323.37	22252
2025.08.22 16:00	3323.33	3378.65	3323.07	3370.39	62363
2025.08.22 20:00	3370.41	3375.41	3368.71	3372.2	18051
2025.08.25 00:00	3370.63	3371.65	3363.15	3364.76	8759
2025.08.25 04:00	3364.79	3367.94	3359.66	3365.98	16500
2025.08.25 08:00	3365.93	3369.73	3362.96	3363.86	14166
2025.08.25 12:00	3363.78	3371.46	3361.85	3364.35	15999
2025.08.25 16:00	3364.36	3376.18	3362.05	3373.71	30041
2025.08.25 20:00	3373.75	3374.69	3364.14	3365.56	15175
2025.08.26 00:00	3365.53	3386.37	3351.19	3383.0	24280
2025.08.26 04:00	3383.01	3384.84	3369.73	3377.24	28050
2025.08.26 08:00	3377.23	3379.73	3367.08	3376.54	25666
2025.08.26 12:00	3376.58	3380.19	3367.05	3371.84	28511
2025.08.26 16:00	3371.89	3389.31	3370.2	3382.85	40716
2025.08.26 20:00	3382.88	3393.5	3380.12	3393.48	17089
2025.08.27 00:00	3393.41	3394.14	3388.6	3389.52	9618
2025.08.27 04:00	3389.49	3389.95	3373.81	3374.8	21162
2025.08.27 08:00	3374.81	3384.89	3373.69	3384.35	24493
2025.08.27 12:00	3384.35	3385.3	3373.59	3381.01	28880
2025.08.27 16:00	3381.03	3398.67	3375.43	3395.36	40942
2025.08.27 20:00	3395.3	3398.06	3392.15	3397.32	17941
2025.08.28 00:00	3398.82	3399.17	3391.18	3391.88	9866
2025.08.28 04:00	3391.9	3392.76	3384.47	3390.16	22974
2025.08.28 08:00	3390.14	3400.95	3387.54	3400.57	25285
2025.08.28 12:00	3400.58	3408.57	3393.67	3397.05	32037
2025.08.28 16:00	3397.08	3417.63	3394.01	3415.41	46614
2025.08.28 20:00	3415.4	3422.95	3414.45	3416.8	24100
2025.08.29 00:00	3417.12	3417.95	3412.89	3413.33	8686
2025.08.29 04:00	3413.31	3413.87	3407.34	3408.68	22248
2025.08.29 08:00	3408.7	3414.7	3406.35	3410.25	21606
2025.08.29 12:00	3410.27	3416.74	3404.22	3416.32	28076
2025.08.29 16:00	3416.29	3449.26	3413.49	3449.0	59622
2025.08.29 20:00	3448.95	3453.83	3440.87	3448.42	28652
2025.09.01 00:00	3448.01	3452.19	3441.95	3443.67	10873
2025.09.01 04:00	3443.93	3485.77	3436.7	3474.92	42348
2025.09.01 08:00	3474.9	3489.68	3467.61	3476.79	36797
2025.09.01 12:00	3476.8	3476.94	3466.24	3469.34	36845
2025.09.01 16:00	3469.36	3481.19	3468.62	3477.23	27509
2025.09.01 20:00	3477.22	3478.88	3476.02	3476.77	5313
2025.09.02 00:00	3476.25	3484.93	3474.12	3479.04	22585
2025.09.02 04:00	3479.05	3508.51	3476.76	3496.54	60192
2025.09.02 08:00	3496.56	3497.76	3470.09	3477.51	57564
2025.09.02 12:00	3477.52	3493.96	3474.24	3481.93	63830
2025.09.02 16:00	3481.98	3528.6	3478.16	3527.56	87869
2025.09.02 20:00	3527.57	3539.9	3521.8	3533.41	40331
2025.09.03 00:00	3532.73	3546.72	3525.8	3535.94	24478
2025.09.03 04:00	3535.93	3545.94	3529.19	3536.76	48300
2025.09.03 08:00	3536.75	3541.14	3526.62	3539.92	34830
2025.09.03 12:00	3539.92	3551.41	3532.13	3550.48	40208
2025.09.03 16:00	3550.44	3572.47	3549.18	3572.38	66570
2025.09.03 20:00	3572.39	3578.29	3558.81	3558.95	40167
2025.09.04 00:00	3561.34	3564.09	3551.68	3561.4	19396
2025.09.04 04:00	3561.41	3563.27	3510.52	3532.87	49546
2025.09.04 08:00	3532.89	3545.48	3523.98	3541.08	38558
2025.09.04 12:00	3541.07	3552.85	3536.5	3548.21	38970
2025.09.04 16:00	3548.2	3558.61	3534.97	3552.34	64723
2025.09.04 20:00	3552.33	3555.34	3542.49	3545.7	25109
2025.09.05 00:00	3546.12	3556.29	3539.94	3552.03	16802
2025.09.05 04:00	3552.04	3558.94	3545.85	3558.31	28307
2025.09.05 08:00	3558.32	3560.97	3544.68	3545.85	30957
2025.09.05 12:00	3545.86	3586.77	3545.78	3580.2	43401
2025.09.05 16:00	3580.26	3599.95	3573.15	3595.05	89736
2025.09.05 20:00	3595.08	3597.35	3586.12	3586.51	39088
2025.09.08 00:00	3580.46	3596.7	3577.45	3594.29	30153
2025.09.08 04:00	3594.31	3596.97	3579.48	3581.48	41979
2025.09.08 08:00	3581.47	3617.22	3581.01	3611.11	38574
2025.09.08 12:00	3611.09	3625.83	3608.56	3624.12	33668
2025.09.08 16:00	3624.4	3646.26	3620.1	3640.56	66899
2025.09.08 20:00	3640.52	3641.02	3631.74	3635.7	27484
2025.09.09 00:00	3635.98	3640.78	3628.01	3638.38	14125
2025.09.09 04:00	3638.4	3656.92	3635.88	3654.76	37173
2025.09.09 08:00	3654.71	3659.14	3636.57	3647.98	41648
2025.09.09 12:00	3648.05	3656.52	3643.59	3647.33	34004
2025.09.09 16:00	3647.34	3674.51	3626.77	3644.9	82287
2025.09.09 20:00	3644.9	3646.39	3626.0	3626.19	28432
2025.09.10 00:00	3621.59	3640.68	3621.26	3623.84	21132
2025.09.10 04:00	3623.85	3643.16	3620.11	3642.78	32505
2025.09.10 08:00	3642.77	3648.3	3639.78	3645.68	31579
2025.09.10 12:00	3645.55	3657.41	3640.27	3643.89	41963
2025.09.10 16:00	3643.9	3655.23	3638.49	3642.63	56793
2025.09.10 20:00	3642.6	3649.56	3635.11	3640.43	26584
2025.09.11 00:00	3642.07	3647.04	3637.77	3643.75	12640
2025.09.11 04:00	3643.71	3649.03	3629.69	3630.5	26004
2025.09.11 08:00	3630.49	3637.87	3622.66	3626.09	40959
2025.09.11 12:00	3626.01	3643.81	3612.64	3628.89	47931
2025.09.11 16:00	3629.21	3641.81	3618.21	3636.04	67491
2025.09.11 20:00	3636.14	3637.54	3630.33	3633.77	28077
2025.09.12 00:00	3633.8	3638.01	3630.31	3636.45	12736
2025.09.12 04:00	3636.5	3656.07	3636.44	3654.77	34582
2025.09.12 08:00	3654.79	3656.51	3639.5	3640.83	33845
2025.09.12 12:00	3640.81	3652.01	3637.46	3645.28	37121
2025.09.12 16:00	3645.35	3654.27	3641.67	3649.05	48936
2025.09.12 20:00	3649.05	3650.57	3641.18	3643.44	20898
2025.09.15 00:00	3644.27	3646.17	3632.01	3633.32	12961
2025.09.15 04:00	3633.32	3646.72	3626.52	3645.52	30085
2025.09.15 08:00	3645.53	3646.15	3633.59	3645.34	30511
2025.09.15 12:00	3645.34	3650.82	3635.58	3650.25	35774
2025.09.15 16:00	3650.26	3685.4	3646.78	3679.08	58294
2025.09.15 20:00	3679.09	3682.63	3675.73	3678.68	29160
2025.09.16 00:00	3679.99	3686.79	3675.94	3686.27	13235
2025.09.16 04:00	3686.3	3689.37	3674.61	3684.16	31590
2025.09.16 08:00	3684.15	3697.11	3680.11	3694.13	32364
2025.09.16 12:00	3694.16	3699.38	3686.29	3689.12	37266
2025.09.16 16:00	3689.09	3702.86	3678.71	3689.66	68233
2025.09.16 20:00	3689.64	3693.68	3686.15	3689.59	25964
2025.09.17 00:00	3689.52	3695.23	3688.99	3691.08	10017
2025.09.17 04:00	3691.06	3691.83	3674.16	3680.59	34179
2025.09.17 08:00	3680.63	3685.76	3662.39	3664.72	38103
2025.09.17 12:00	3664.71	3679.28	3659.91	3678.61	39486
2025.09.17 16:00	3678.63	3688.35	3672.66	3684.6	48765
2025.09.17 20:00	3684.62	3707.32	3645.98	3659.82	74077
2025.09.18 00:00	3659.5	3671.86	3654.69	3665.05	17688
2025.09.18 04:00	3665.11	3668.64	3651.72	3653.39	36561
2025.09.18 08:00	3653.43	3665.69	3633.79	3665.39	50513
2025.09.18 12:00	3665.34	3672.82	3662.86	3663.19	40557
2025.09.18 16:00	3663.19	3664.12	3627.79	3646.2	71504
2025.09.18 20:00	3646.21	3647.1	3640.51	3644.23	26850
2025.09.19 00:00	3643.31	3643.95	3636.13	3640.01	11582
2025.09.19 04:00	3639.9	3659.86	3632.23	3658.7	39287
2025.09.19 08:00	3658.71	3661.11	3643.19	3655.52	39939
2025.09.19 12:00	3655.52	3659.07	3644.43	3649.2	32070
2025.09.19 16:00	3649.16	3675.76	3643.61	3668.15	63127
2025.09.19 20:00	3668.08	3685.24	3667.96	3685.1	33092
2025.09.22 00:00	3687.01	3691.97	3683.53	3690.73	16112
2025.09.22 04:00	3690.72	3697.41	3685.35	3692.04	35589
2025.09.22 08:00	3692.02	3722.32	3691.69	3720.24	39736
2025.09.22 12:00	3720.22	3728.23	3712.06	3721.47	39798
2025.09.22 16:00	3721.54	3739.42	3713.66	3736.93	64627
2025.09.22 20:00	3736.96	3748.64	3736.96	3746.7	29686
2025.09.23 00:00	3745.78	3750.49	3738.05	3747.01	15050
2025.09.23 04:00	3746.99	3759.12	3736.64	3744.63	43262
2025.09.23 08:00	3744.59	3775.07	3743.17	3774.21	42265
2025.09.23 12:00	3774.25	3790.98	3774.08	3784.22	47745
2025.09.23 16:00	3784.18	3788.65	3764.92	3779.15	70360
2025.09.23 20:00	3779.24	3785.58	3751.91	3763.96	47348
2025.09.24 00:00	3765.18	3769.99	3758.81	3765.03	14592
2025.09.24 04:00	3765.05	3771.64	3750.49	3768.11	38315
2025.09.24 08:00	3768.12	3779.06	3766.94	3769.94	33390
2025.09.24 12:00	3769.93	3771.58	3759.54	3767.96	35973
2025.09.24 16:00	3767.94	3772.8	3732.17	3735.61	66230
2025.09.24 20:00	3735.63	3738.71	3717.39	3735.95	33143
2025.09.25 00:00	3736.35	3751.34	3736.31	3748.87	15476
2025.09.25 04:00	3748.66	3750.31	3729.43	3738.03	34909
2025.09.25 08:00	3738.03	3761.54	3733.95	3756.33	38682
2025.09.25 12:00	3756.37	3761.09	3730.5	3738.66	47208
2025.09.25 16:00	3738.63	3745.48	3722.03	3733.59	68444
2025.09.25 20:00	3733.59	3758.11	3732.23	3749.21	40843
2025.09.26 00:00	3750.39	3751.44	3737.91	3749.46	17275
2025.09.26 04:00	3749.51	3753.17	3734.3	3747.57	31445
2025.09.26 08:00	3747.57	3755.03	3739.09	3752.83	34622
2025.09.26 12:00	3752.77	3757.24	3742.81	3751.93	36124
2025.09.26 16:00	3751.94	3783.66	3751.09	3774.12	73833
2025.09.26 20:00	3774.14	3783.06	3759.95	3760.85	37384
2025.09.29 00:00	3759.31	3787.36	3756.12	3786.98	21520
2025.09.29 04:00	3787.0	3808.84	3767.71	3804.91	58523
2025.09.29 08:00	3804.9	3819.68	3801.04	3818.59	54536
2025.09.29 12:00	3818.61	3831.24	3806.32	3813.57	48959
2025.09.29 16:00	3813.69	3833.39	3809.2	3830.21	71639
2025.09.29 20:00	3830.26	3834.07	3822.44	3833.74	38634
2025.09.30 00:00	3834.36	3840.58	3825.53	3838.9	15981
2025.09.30 04:00	3838.87	3867.09	3837.87	3866.91	43054
2025.09.30 08:00	3866.9	3871.64	3807.58	3816.13	61305
2025.09.30 12:00	3816.07	3821.54	3793.0	3819.15	57918
2025.09.30 16:00	3819.19	3854.34	3811.54	3845.82	74821
2025.09.30 20:00	3845.87	3860.65	3839.58	3858.27	36367
2025.10.01 00:00	3859.4	3865.17	3854.57	3860.4	16697
2025.10.01 04:00	3860.14	3875.33	3855.48	3864.75	39224
2025.10.01 08:00	3864.79	3895.23	3853.25	3892.91	49917
2025.10.01 12:00	3892.92	3894.96	3864.47	3870.38	52022
2025.10.01 16:00	3870.35	3878.58	3856.28	3870.76	76816
2025.10.01 20:00	3870.78	3871.72	3854.93	3865.47	40269
2025.10.02 00:00	3866.61	3870.49	3855.86	3855.96	18549
2025.10.02 04:00	3855.9	3869.9	3852.73	3864.09	27033
2025.10.02 08:00	3864.07	3878.6	3861.58	3874.42	36115
2025.10.02 12:00	3874.4	3891.99	3873.26	3884.34	40870
2025.10.02 16:00	3884.32	3896.7	3819.2	3844.73	95450
2025.10.02 20:00	3844.74	3859.25	3840.44	3856.38	40121
2025.10.03 00:00	3856.23	3863.57	3851.9	3856.78	14979
2025.10.03 04:00	3856.68	3862.55	3837.93	3843.88	36805
2025.10.03 08:00	3844.08	3865.52	3843.81	3864.73	33098
2025.10.03 12:00	3864.58	3874.88	3854.62	3873.73	39649
2025.10.03 16:00	3874.04	3891.56	3866.28	3883.57	74221
2025.10.03 20:00	3883.6	3889.09	3876.81	3886.78	40876
2025.10.06 00:00	3888.6	3920.56	3883.96	3900.2	37439
2025.10.06 04:00	3900.22	3940.23	3899.6	3938.55	43964
2025.10.06 08:00	3938.52	3949.55	3922.19	3942.34	58946
2025.10.06 12:00	3942.45	3946.46	3926.43	3934.01	54503
2025.10.06 16:00	3934.16	3969.98	3927.16	3953.98	77516
2025.10.06 20:00	3954.07	3964.86	3951.04	3960.85	35628
2025.10.07 00:00	3960.08	3977.25	3958.23	3962.57	33446
2025.10.07 04:00	3962.6	3976.87	3955.76	3975.82	37648
2025.10.07 08:00	3975.68	3976.75	3940.76	3951.2	58596
2025.10.07 12:00	3951.19	3979.87	3950.98	3979.3	45855
2025.10.07 16:00	3979.19	3990.9	3961.67	3976.58	88852
2025.10.07 20:00	3976.66	3987.58	3974.07	3984.35	45907
2025.10.08 00:00	3984.66	3999.14	3982.93	3992.18	20972
2025.10.08 04:00	3992.17	4027.11	3984.31	4026.62	46822
2025.10.08 08:00	4026.48	4040.36	4021.11	4036.25	50966
2025.10.08 12:00	4036.26	4049.47	4030.63	4039.94	52337
2025.10.08 16:00	4039.93	4059.08	4026.15	4056.5	77987
2025.10.08 20:00	4056.48	4057.94	4031.95	4041.45	56782
2025.10.09 00:00	4042.62	4045.12	4001.15	4022.83	36830
2025.10.09 04:00	4022.78	4040.99	4002.47	4038.81	60849
2025.10.09 08:00	4038.79	4043.57	4022.53	4038.06	53161
2025.10.09 12:00	4038.07	4053.6	4033.43	4053.35	45371
2025.10.09 16:00	4053.41	4057.83	3963.89	3968.92	109208
2025.10.09 20:00	3969.02	3981.89	3944.45	3976.05	71550
2025.10.10 00:00	3975.21	3994.31	3958.53	3990.95	26601
2025.10.10 04:00	3990.88	3992.24	3946.88	3966.11	60075
2025.10.10 08:00	3966.09	3994.5	3952.52	3991.91	69985
2025.10.10 12:00	3991.92	4006.6	3980.0	3985.61	65515
2025.10.10 16:00	3985.57	4022.62	3970.6	3983.3	110626
2025.10.10 20:00	3983.51	4021.15	3975.07	4010.28	76722
2025.10.13 00:00	4008.1	4059.84	4000.36	4043.71	46085
2025.10.13 04:00	4043.83	4059.28	4035.7	4056.08	50950
2025.10.13 08:00	4056.06	4079.01	4055.38	4077.65	57032
2025.10.13 12:00	4077.64	4085.89	4070.16	4079.57	49590
2025.10.13 16:00	4079.74	4116.97	4078.1	4105.56	74917
2025.10.13 20:00	4105.58	4115.29	4090.65	4110.49	45304
2025.10.14 00:00	4111.05	4131.79	4106.43	4124.34	28659
2025.10.14 04:00	4124.32	4169.88	4123.26	4167.92	66586
2025.10.14 08:00	4167.9	4179.61	4090.22	4143.75	89306
2025.10.14 12:00	4143.72	4144.24	4103.27	4106.49	67291
2025.10.14 16:00	4106.46	4155.2	4097.66	4140.21	93431
2025.10.14 20:00	4140.22	4152.84	4134.4	4141.93	54496
2025.10.15 00:00	4142.6	4169.52	4140.39	4162.37	27162
2025.10.15 04:00	4162.32	4190.83	4161.97	4179.67	53063
2025.10.15 08:00	4179.62	4218.18	4176.6	4208.09	49033
2025.10.15 12:00	4208.21	4212.01	4164.2	4190.5	58297
2025.10.15 16:00	4190.45	4212.24	4179.7	4198.85	77965
2025.10.15 20:00	4198.87	4213.34	4182.5	4208.12	50760
2025.10.16 00:00	4209.61	4227.22	4199.47	4210.45	26833
2025.10.16 04:00	4210.45	4242.2	4210.45	4233.52	49080
2025.10.16 08:00	4233.34	4235.89	4203.43	4232.77	56966
2025.10.16 12:00	4232.85	4250.88	4221.91	4235.89	48633
2025.10.16 16:00	4235.85	4291.92	4234.79	4282.53	87205
2025.10.16 20:00	4282.51	4330.56	4273.2	4325.93	69310
2025.10.17 00:00	4332.74	4379.96	4326.94	4357.96	47170
2025.10.17 04:00	4357.68	4377.04	4278.6	4376.19	78916
2025.10.17 08:00	4376.18	4378.58	4312.8	4347.62	83170
2025.10.17 12:00	4347.45	4348.2	4283.43	4314.31	76960
2025.10.17 16:00	4314.43	4317.68	4200.4	4204.64	110010
2025.10.17 20:00	4204.69	4252.4	4186.19	4250.44	70653
2025.10.20 00:00	4252.44	4274.49	4218.93	4249.29	45668
2025.10.20 04:00	4249.37	4271.06	4229.24	4266.06	60330
2025.10.20 08:00	4265.6	4266.48	4221.2	4258.5	62905
2025.10.20 12:00	4258.54	4327.13	4245.6	4323.47	59059
2025.10.20 16:00	4323.79	4355.44	4292.68	4347.65	86054
2025.10.20 20:00	4347.59	4381.35	4337.16	4356.31	55373
2025.10.21 00:00	4355.51	4375.21	4352.96	4368.61	31440
2025.10.21 04:00	4368.62	4372.16	4332.76	4341.93	57263
2025.10.21 08:00	4341.89	4344.11	4244.82	4273.89	79624
2025.10.21 12:00	4274.04	4277.89	4205.64	4210.94	74705
2025.10.21 16:00	4211.08	4225.28	4081.95	4113.32	111773
2025.10.21 20:00	4113.28	4130.81	4093.8	4125.03	69208
2025.10.22 00:00	4124.73	4132.28	4004.09	4074.93	46089
2025.10.22 04:00	4074.92	4143.24	4064.27	4127.98	61857
2025.10.22 08:00	4127.99	4161.3	4056.25	4070.31	74787
2025.10.22 12:00	4070.35	4101.43	4014.89	4033.59	80993
2025.10.22 16:00	4033.65	4085.2	4010.84	4059.04	105883
2025.10.22 20:00	4058.78	4113.5	4043.96	4098.37	64089
2025.10.23 00:00	4095.35	4115.82	4066.06	4081.72	39839
2025.10.23 04:00	4081.87	4100.54	4071.68	4089.61	52557
2025.10.23 08:00	4089.6	4137.52	4083.92	4116.22	62881
2025.10.23 12:00	4116.32	4129.13	4100.0	4126.9	53654
2025.10.23 16:00	4127.07	4154.59	4125.29	4132.79	76784
2025.10.23 20:00	4132.5	4143.39	4107.4	4125.81	42315
2025.10.24 00:00	4126.89	4133.58	4105.95	4132.51	20310
2025.10.24 04:00	4132.59	4144.36	4102.64	4111.53	45074
2025.10.24 08:00	4111.78	4117.87	4047.29	4065.23	54234
2025.10.24 12:00	4065.09	4092.91	4044.23	4082.1	58182
2025.10.24 16:00	4082.07	4138.53	4078.94	4129.18	83244
2025.10.24 20:00	4129.42	4134.06	4096.52	4112.99	51403
2025.10.27 00:00	4102.38	4108.79	4058.22	4081.78	55878
2025.10.27 04:00	4081.68	4084.46	4053.52	4079.56	46291
2025.10.27 08:00	4079.5	4084.67	4024.76	4039.67	57646
2025.10.27 12:00	4039.6	4050.26	4013.17	4021.86	70153
2025.10.27 16:00	4021.93	4023.3	3971.19	4006.46	78828
2025.10.27 20:00	4006.45	4010.03	3979.13	3981.42	36518
2025.10.28 00:00	3986.65	4019.69	3972.91	4010.85	38582
2025.10.28 04:00	4010.87	4013.73	3959.04	3966.28	50811
2025.10.28 08:00	3966.26	3968.25	3886.29	3904.58	69987
2025.10.28 12:00	3904.55	3940.23	3899.88	3938.63	69128
2025.10.28 16:00	3938.62	3970.17	3934.71	3962.21	70829
2025.10.28 20:00	3962.16	3963.93	3945.07	3952.63	32552
2025.10.29 00:00	3953.22	3982.12	3916.45	3973.57	49911
2025.10.29 04:00	3973.46	3974.17	3943.87	3962.54	50561
2025.10.29 08:00	3962.53	4029.54	3959.83	4023.75	63321
2025.10.29 12:00	4023.78	4029.99	4002.3	4012.33	67912
2025.10.29 16:00	4012.36	4022.07	3985.59	3994.56	61524
2025.10.29 20:00	3994.53	4007.32	3927.65	3930.26	70598
2025.10.30 00:00	3931.13	3966.47	3915.96	3947.86	52851
2025.10.30 04:00	3947.88	3982.37	3915.33	3963.73	75916
2025.10.30 08:00	3963.77	4011.6	3955.8	3998.38	76044
2025.10.30 12:00	3998.42	4000.7	3960.31	3995.11	81546
2025.10.30 16:00	3995.12	4017.71	3986.66	4004.36	80507
2025.10.30 20:00	4004.33	4026.92	3999.95	4024.2	36122
2025.10.31 00:00	4023.31	4046.18	4012.52	4018.78	59566
2025.10.31 04:00	4018.53	4019.14	3988.87	4004.88	66336
2025.10.31 08:00	4004.91	4026.51	3998.68	4008.22	61101
2025.10.31 12:00	4008.25	4036.07	4001.59	4016.34	62750
2025.10.31 16:00	4016.54	4027.09	3972.35	3997.4	81648
2025.10.31 20:00	3997.41	4009.81	3990.98	4001.5	31802
2025.11.03 00:00	3983.44	4001.73	3962.51	3995.83	42136
2025.11.03 04:00	3995.81	4018.19	3990.16	4013.79	49349
2025.11.03 08:00	4013.77	4027.97	3993.02	4000.36	55034
2025.11.03 12:00	4000.52	4020.22	3994.29	4015.97	57876
2025.11.03 16:00	4015.98	4030.36	3995.21	4006.01	80958
2025.11.03 20:00	4006.0	4014.82	3995.17	4001.21	42513
2025.11.04 00:00	4003.29	4005.64	3978.39	3987.31	34362
2025.11.04 04:00	3987.3	3999.21	3972.56	3973.14	47072
2025.11.04 08:00	3973.16	4000.5	3966.45	3991.07	48144
2025.11.04 12:00	3991.02	3999.9	3971.68	3975.64	49482
2025.11.04 16:00	3975.62	3977.61	3928.64	3954.94	78501
2025.11.04 20:00	3954.95	3956.71	3930.29	3931.84	49213
2025.11.05 00:00	3932.61	3949.33	3929.58	3936.92	29261
2025.11.05 04:00	3936.85	3978.38	3935.49	3964.88	45637
2025.11.05 08:00	3964.91	3986.92	3961.72	3971.71	39731
2025.11.05 12:00	3971.69	3979.29	3956.07	3975.71	38334
2025.11.05 16:00	3975.69	3990.25	3964.03	3981.91	62063
2025.11.05 20:00	3981.89	3990.03	3977.82	3978.95	29687
2025.11.06 00:00	3972.26	3980.75	3964.41	3976.48	26930
2025.11.06 04:00	3976.5	3990.56	3974.1	3987.5	30503
2025.11.06 08:00	3987.56	4016.7	3982.19	4010.93	42895
2025.11.06 12:00	4010.96	4019.48	4002.6	4012.08	43030
2025.11.06 16:00	4012.25	4013.79	3965.54	3986.12	87753
2025.11.06 20:00	3986.08	3995.06	3976.65	3976.98	53963
2025.11.07 00:00	3977.43	4002.58	3974.53	4001.63	22151
2025.11.07 04:00	4001.61	4003.17	3985.48	3994.86	28940
2025.11.07 08:00	3994.88	4014.08	3992.1	4006.53	28710
2025.11.07 12:00	4006.56	4011.73	3991.61	3997.61	40250
2025.11.07 16:00	3997.6	4027.31	3984.05	4005.32	76003
2025.11.07 20:00	4005.43	4009.01	3994.4	4001.22	43891
2025.11.10 00:00	4000.93	4053.24	3997.83	4043.88	33341
2025.11.10 04:00	4043.86	4069.8	4037.56	4069.34	37957
2025.11.10 08:00	4069.37	4086.15	4066.89	4076.47	41478
2025.11.10 12:00	4076.46	4105.77	4075.66	4091.48	46211
2025.11.10 16:00	4091.5	4102.57	4074.22	4102.45	70264
2025.11.10 20:00	4102.39	4116.44	4101.44	4115.75	42119
2025.11.11 00:00	4116.12	4141.11	4114.06	4136.16	30112
2025.11.11 04:00	4136.14	4148.94	4124.62	4130.89	39583
2025.11.11 08:00	4130.88	4145.93	4124.85	4141.71	39125
2025.11.11 12:00	4141.7	4146.53	4133.06	4142.46	38041
2025.11.11 16:00	4142.49	4143.14	4096.95	4114.23	67972
2025.11.11 20:00	4114.25	4131.68	4106.45	4126.6	34805
2025.11.12 00:00	4126.79	4145.38	4126.21	4131.34	34122
2025.11.12 04:00	4131.29	4135.25	4098.72	4104.51	45222
2025.11.12 08:00	4104.5	4133.43	4103.08	4124.52	49175
2025.11.12 12:00	4124.54	4139.23	4117.78	4127.02	51238
2025.11.12 16:00	4127.03	4206.36	4124.91	4199.2	91704
2025.11.12 20:00	4199.21	4211.67	4190.37	4195.47	59193
2025.11.13 00:00	4196.19	4209.11	4179.74	4192.16	41952
2025.11.13 04:00	4192.11	4219.28	4183.3	4211.87	60206
2025.11.13 08:00	4211.78	4239.35	4203.1	4233.07	52826
2025.11.13 12:00	4233.06	4245.04	4218.97	4231.54	57498
2025.11.13 16:00	4231.57	4232.19	4184.25	4201.6	93940
2025.11.13 20:00	4201.7	4203.09	4145.18	4171.3	66987
2025.11.14 00:00	4171.49	4193.79	4169.97	4189.77	41907
2025.11.14 04:00	4189.76	4211.18	4183.77	4189.77	56824
2025.11.14 08:00	4189.81	4193.23	4158.64	4169.29	65321
2025.11.14 12:00	4169.28	4170.94	4041.12	4055.73	77063
2025.11.14 16:00	4055.56	4111.0	4031.93	4099.76	92103
2025.11.14 20:00	4099.76	4103.5	4075.38	4084.77	51222
2025.11.17 00:00	4086.77	4106.43	4072.85	4091.11	41333
2025.11.17 04:00	4090.99	4093.62	4049.56	4058.18	51136
2025.11.17 08:00	4058.21	4095.78	4054.6	4081.98	46842
2025.11.17 12:00	4082.01	4092.13	4060.23	4065.24	47662
2025.11.17 16:00	4065.05	4081.79	4052.11	4073.24	73580
2025.11.17 20:00	4073.25	4076.01	4006.78	4045.49	59905
2025.11.18 00:00	4044.66	4054.94	4022.23	4024.87	37444
2025.11.18 04:00	4024.86	4035.68	4004.6	4018.79	51144
2025.11.18 08:00	4018.88	4047.07	3997.76	4040.09	52073
2025.11.18 12:00	4040.07	4070.12	4029.06	4065.06	51736
2025.11.18 16:00	4065.16	4081.68	4040.32	4071.4	83173
2025.11.18 20:00	4071.3	4082.18	4062.99	4067.36	46319
2025.11.19 00:00	4068.23	4078.4	4056.19	4058.94	27003
2025.11.19 04:00	4059.0	4097.27	4055.35	4095.37	47290
2025.11.19 08:00	4095.38	4116.15	4078.15	4113.15	43813
2025.11.19 12:00	4113.22	4119.74	4100.67	4110.52	47830
2025.11.19 16:00	4110.58	4132.73	4055.44	4078.7	93177
2025.11.19 20:00	4078.66	4091.16	4065.46	4077.72	59426
2025.11.20 00:00	4078.96	4110.01	4078.8	4081.34	36229
2025.11.20 04:00	4081.17	4085.42	4041.22	4066.52	55023
2025.11.20 08:00	4066.43	4077.63	4038.66	4064.02	58938
2025.11.20 12:00	4064.03	4095.96	4050.91	4080.01	58085
2025.11.20 16:00	4080.0	4107.0	4043.62	4065.88	106351
2025.11.20 20:00	4065.79	4086.98	4056.18	4077.14	59439
2025.11.21 00:00	4074.34	4088.82	4060.31	4068.42	34187
2025.11.21 04:00	4068.39	4079.85	4039.56	4058.37	59046
2025.11.21 08:00	4058.4	4064.61	4022.17	4050.39	68457
2025.11.21 12:00	4050.3	4080.92	4030.91	4079.51	74898
2025.11.21 16:00	4079.6	4100.99	4055.01	4085.45	92589
2025.11.21 20:00	4085.35	4092.04	4054.48	4065.8	55371
2025.11.24 00:00	4071.72	4077.45	4042.56	4044.08	34363
2025.11.24 04:00	4044.07	4061.1	4039.89	4046.25	54049
2025.11.24 08:00	4046.26	4074.06	4045.33	4071.79	50725
2025.11.24 12:00	4071.8	4085.66	4063.07	4077.54	44442
2025.11.24 16:00	4077.53	4100.34	4068.07	4092.79	63256
2025.11.24 20:00	4092.81	4139.81	4087.82	4134.55	42827
2025.11.25 00:00	4133.53	4144.37	4122.41	4134.6	37843
2025.11.25 04:00	4134.56	4155.81	4132.58	4150.81	47100
2025.11.25 08:00	4150.83	4151.98	4109.44	4128.25	55636
2025.11.25 12:00	4128.26	4150.59	4115.88	4147.5	52197
2025.11.25 16:00	4147.47	4159.11	4110.76	4145.95	70875
2025.11.25 20:00	4145.99	4150.78	4127.54	4130.54	40013
2025.11.26 00:00	4132.14	4152.68	4129.7	4148.24	26853
2025.11.26 04:00	4148.25	4169.14	4147.15	4162.1	46290
2025.11.26 08:00	4162.0	4168.33	4146.53	4162.6	42478
2025.11.26 12:00	4162.68	4173.3	4148.64	4153.18	46922
2025.11.26 16:00	4153.21	4169.71	4136.98	4167.1	57378
2025.11.26 20:00	4167.1	4171.42	4157.91	4163.72	33294
2025.11.27 00:00	4164.96	4168.39	4148.4	4154.09	27213
2025.11.27 04:00	4154.17	4156.04	4142.59	4146.85	39514
2025.11.27 08:00	4146.86	4167.25	4146.7	4158.48	42790
2025.11.27 12:00	4158.49	4162.27	4149.03	4154.84	33089
2025.11.27 16:00	4154.88	4161.66	4151.28	4157.66	28217
2025.11.27 20:00	4157.65	4160.18	4155.6	4157.76	5252
2025.11.28 00:00	4157.64	4193.08	4157.41	4190.95	24980
2025.11.28 04:00	4190.93	4191.77	4174.1	4182.33	18647
2025.11.28 08:00	4182.26	4188.65	4152.02	4166.7	23041
2025.11.28 12:00	4166.69	4182.64	4160.45	4182.28	29277
2025.11.28 16:00	4182.45	4216.9	4182.45	4216.79	60362
2025.11.28 20:00	4216.83	4226.54	4210.9	4219.97	19187
2025.12.01 00:00	4222.03	4256.05	4205.63	4255.29	50616
2025.12.01 04:00	4255.3	4256.47	4215.38	4229.45	70612
2025.12.01 08:00	4229.44	4253.48	4226.2	4249.81	56375
2025.12.01 12:00	4249.8	4264.36	4244.09	4247.16	60986
2025.12.01 16:00	4247.14	4249.2	4219.51	4232.16	85931
2025.12.01 20:00	4232.41	4244.51	4229.06	4232.1	49203
2025.12.02 00:00	4231.92	4235.84	4199.48	4219.29	38158
2025.12.02 04:00	4219.3	4226.3	4213.77	4224.83	51187
2025.12.02 08:00	4224.8	4226.1	4180.99	4191.92	50117
2025.12.02 12:00	4191.88	4215.11	4182.24	4212.3	46305
2025.12.02 16:00	4212.26	4230.64	4163.81	4193.71	84917
2025.12.02 20:00	4193.67	4212.25	4183.16	4205.5	39406
2025.12.03 00:00	4208.31	4220.83	4202.39	4214.36	41886
2025.12.03 04:00	4214.34	4228.76	4203.22	4207.64	47574
2025.12.03 08:00	4207.65	4211.71	4196.9	4202.04	44061
2025.12.03 12:00	4202.01	4238.21	4194.53	4237.01	51453
2025.12.03 16:00	4236.95	4241.31	4195.75	4210.94	82967
2025.12.03 20:00	4210.99	4212.76	4194.96	4203.05	42445
2025.12.04 00:00	4203.73	4216.71	4202.63	4209.1	34734
2025.12.04 04:00	4209.11	4209.15	4174.76	4180.83	59033
2025.12.04 08:00	4180.88	4202.16	4178.55	4199.69	63289
2025.12.04 12:00	4199.68	4206.42	4185.29	4198.21	55591
2025.12.04 16:00	4198.21	4219.24	4191.29	4216.39	74123
2025.12.04 20:00	4216.31	4217.29	4199.43	4208.68	47202
2025.12.05 00:00	4208.12	4210.3	4194.57	4203.0	31571
2025.12.05 04:00	4202.97	4221.17	4196.54	4220.35	48430
2025.12.05 08:00	4220.34	4230.61	4215.69	4223.16	44489
2025.12.05 12:00	4223.17	4238.71	4219.89	4234.34	41731
2025.12.05 16:00	4234.33	4259.11	4198.47	4217.35	86245
2025.12.05 20:00	4217.29	4219.06	4191.86	4198.57	52927
2025.12.08 00:00	4199.55	4211.66	4195.47	4201.09	38608
2025.12.08 04:00	4201.11	4217.07	4198.4	4216.92	50308
2025.12.08 08:00	4216.91	4218.91	4202.97	4207.81	47095
2025.12.08 12:00	4207.8	4215.32	4197.82	4201.6	46674
2025.12.08 16:00	4201.68	4211.56	4176.03	4194.73	71539
2025.12.08 20:00	4194.79	4195.55	4184.12	4190.46	38741
2025.12.09 00:00	4191.28	4197.19	4188.66	4196.09	29579
2025.12.09 04:00	4196.08	4198.62	4177.92	4179.55	48427
2025.12.09 08:00	4179.57	4212.71	4169.86	4202.67	58959
2025.12.09 12:00	4202.92	4208.17	4195.58	4201.19	52720
2025.12.09 16:00	4201.39	4221.17	4189.37	4202.96	80169
2025.12.09 20:00	4202.9	4215.94	4201.17	4208.12	56260
2025.12.10 00:00	4208.37	4217.89	4206.74	4213.64	30738
2025.12.10 04:00	4213.51	4218.6	4201.63	4211.2	44660
2025.12.10 08:00	4211.15	4211.55	4192.48	4194.3	51904
2025.12.10 12:00	4194.29	4204.99	4187.73	4200.49	53098
2025.12.10 16:00	4200.54	4206.92	4188.81	4199.52	68676
2025.12.10 20:00	4199.56	4238.51	4181.87	4228.5	72767
2025.12.11 00:00	4228.36	4247.4	4223.94	4238.23	36894
2025.12.11 04:00	4238.19	4240.72	4205.96	4207.3	57119
2025.12.11 08:00	4207.31	4221.39	4204.14	4218.3	48464
2025.12.11 12:00	4218.31	4225.73	4205.19	4220.73	48911
2025.12.11 16:00	4220.75	4281.6	4217.75	4278.55	85183
2025.12.11 20:00	4278.54	4285.77	4262.92	4279.48	47198
2025.12.12 00:00	4279.96	4283.27	4264.41	4270.88	35002
2025.12.12 04:00	4270.8	4280.38	4265.82	4278.76	47973
2025.12.12 08:00	4278.93	4320.09	4276.48	4318.15	54636
2025.12.12 12:00	4318.13	4346.02	4314.53	4340.88	64297
2025.12.12 16:00	4340.87	4353.3	4257.0	4294.25	106311
2025.12.12 20:00	4294.25	4304.04	4288.41	4300.81	52589
2025.12.15 00:00	4300.59	4325.54	4294.51	4322.43	35668
2025.12.15 04:00	4322.37	4344.25	4319.18	4343.46	53218
2025.12.15 08:00	4343.45	4350.0	4333.26	4342.3	47838
2025.12.15 12:00	4342.39	4348.26	4330.58	4332.01	48692
2025.12.15 16:00	4332.02	4336.57	4285.18	4304.39	91467
2025.12.15 20:00	4304.44	4317.53	4299.41	4304.9	42357
2025.12.16 00:00	4306.19	4317.78	4299.04	4308.72	37548
2025.12.16 04:00	4308.7	4312.09	4271.14	4283.91	64081
2025.12.16 08:00	4283.92	4291.97	4275.26	4280.31	50327
2025.12.16 12:00	4280.35	4313.25	4273.68	4312.95	49913
2025.12.16 16:00	4313.0	4334.93	4291.2	4303.44	80686
2025.12.16 20:00	4303.36	4315.72	4296.74	4302.14	47058
2025.12.17 00:00	4303.08	4326.57	4301.08	4326.5	31219
2025.12.17 04:00	4326.49	4342.3	4311.02	4333.78	54376
2025.12.17 08:00	4333.79	4337.49	4308.61	4316.75	50612
2025.12.17 12:00	4316.67	4343.96	4306.58	4341.97	46488
2025.12.17 16:00	4341.95	4348.6	4319.98	4342.39	95248
2025.12.17 20:00	4342.43	4346.37	4328.7	4338.08	50395
2025.12.18 00:00	4340.28	4342.99	4324.3	4331.45	34886
2025.12.18 04:00	4331.42	4337.65	4328.38	4333.19	55537
2025.12.18 08:00	4333.21	4337.59	4320.69	4323.45	45592
2025.12.18 12:00	4323.4	4342.9	4314.57	4336.39	42786
2025.12.18 16:00	4336.4	4374.44	4308.64	4333.29	98530
2025.12.18 20:00	4333.33	4341.11	4322.52	4332.58	58393
2025.12.19 00:00	4333.31	4336.8	4308.98	4323.11	26486
2025.12.19 04:00	4323.19	4328.8	4312.54	4325.83	40458
2025.12.19 08:00	4325.86	4333.5	4320.93	4329.31	41083
2025.12.19 12:00	4329.28	4335.22	4320.58	4328.19	47485
2025.12.19 16:00	4328.2	4355.84	4319.62	4353.23	77487
2025.12.19 20:00	4353.17	4356.35	4336.42	4339.22	34373
2025.12.22 00:00	4339.7	4384.77	4337.87	4382.91	33127
2025.12.22 04:00	4382.86	4409.34	4378.4	4400.02	42197
2025.12.22 08:00	4399.99	4420.44	4398.72	4410.96	37792
2025.12.22 12:00	4411.02	4427.28	4405.94	4423.68	43272
2025.12.22 16:00	4423.68	4442.03	4411.86	4438.33	63152
2025.12.22 20:00	4438.59	4448.84	4428.64	4443.65	27855
2025.12.23 00:00	4447.58	4490.59	4445.21	4486.55	33749
2025.12.23 04:00	4486.52	4497.51	4474.67	4474.99	52651
2025.12.23 08:00	4474.91	4492.99	4469.19	4480.31	46321
2025.12.23 12:00	4480.34	4497.22	4473.18	4479.0	49566
2025.12.23 16:00	4479.09	4479.74	4430.32	4472.61	85748
2025.12.23 20:00	4472.85	4499.67	4472.51	4484.62	39353
2025.12.24 00:00	4487.01	4525.75	4484.16	4518.54	41776
2025.12.24 04:00	4518.57	4518.97	4469.37	4488.24	59083
2025.12.24 08:00	4488.25	4498.26	4478.17	4494.48	52017
2025.12.24 12:00	4494.44	4499.64	4474.47	4487.76	51497
2025.12.24 16:00	4487.82	4489.3	4448.18	4480.5	87577
2025.12.26 08:00	4509.87	4520.38	4507.02	4512.56	49869
2025.12.26 12:00	4512.52	4528.68	4502.77	4525.02	57022
2025.12.26 16:00	4525.0	4549.94	4509.77	4518.94	93820
2025.12.26 20:00	4518.91	4535.65	4514.46	4532.33	61278
2025.12.29 00:00	4539.6	4549.57	4472.06	4497.01	67217
2025.12.29 04:00	4496.99	4520.22	4496.2	4506.52	54775
2025.12.29 08:00	4506.32	4510.44	4444.79	4471.89	70762
2025.12.29 12:00	4471.88	4474.41	4407.03	4421.65	64532
2025.12.29 16:00	4420.99	4421.06	4302.89	4327.98	101910
2025.12.29 20:00	4327.99	4344.47	4322.83	4331.68	55054
2025.12.30 00:00	4333.32	4360.05	4323.07	4360.03	40990
2025.12.30 04:00	4360.09	4380.25	4348.59	4377.62	53211
2025.12.30 08:00	4377.62	4383.33	4350.13	4371.88	63483
2025.12.30 12:00	4371.82	4404.34	4367.48	4388.21	66646
2025.12.30 16:00	4388.23	4392.0	4354.64	4370.17	87010
2025.12.30 20:00	4370.19	4378.47	4334.51	4338.48	56724
2025.12.31 00:00	4340.65	4373.18	4328.68	4365.93	43545
2025.12.31 04:00	4365.95	4371.07	4276.26	4285.57	76997
2025.12.31 08:00	4285.59	4337.2	4274.15	4325.54	62129
2025.12.31 12:00	4325.52	4348.04	4302.9	4345.68	57619
2025.12.31 16:00	4345.68	4353.14	4316.93	4321.74	79690
2026.01.02 08:00	4380.64	4397.33	4371.99	4385.34	47258
2026.01.02 12:00	4385.32	4402.23	4361.88	4365.86	53282
2026.01.02 16:00	4365.96	4373.57	4314.98	4322.95	88434
2026.01.02 20:00	4322.92	4333.16	4309.86	4331.54	52383
2026.01.05 00:00	4350.7	4420.84	4344.99	4401.69	51910
2026.01.05 04:00	4401.73	4414.24	4388.55	4412.58	60754
2026.01.05 08:00	4412.5	4437.87	4411.32	4434.66	53460
2026.01.05 12:00	4434.64	4439.81	4396.08	4416.76	63670
2026.01.05 16:00	4416.76	4455.67	4416.76	4443.34	80844
2026.01.05 20:00	4443.38	4449.32	4434.71	4448.87	40838
2026.01.06 00:00	4449.59	4459.95	4427.79	4450.46	37715
2026.01.06 04:00	4450.51	4474.05	4448.59	4452.45	58148
2026.01.06 08:00	4452.52	4475.76	4444.7	4446.27	55013
2026.01.06 12:00	4446.29	4470.22	4442.39	4467.86	55089
2026.01.06 16:00	4467.85	4491.41	4463.03	4489.33	77808
2026.01.06 20:00	4489.03	4497.15	4477.13	4494.64	42814
2026.01.07 00:00	4495.34	4500.31	4460.98	4465.45	41156
2026.01.07 04:00	4465.45	4480.16	4443.2	4454.32	64538
2026.01.07 08:00	4454.31	4474.9	4441.3	4463.24	54454
2026.01.07 12:00	4463.23	4467.6	4427.64	4452.81	61436
2026.01.07 16:00	4452.71	4468.22	4423.39	4451.75	80835
2026.01.07 20:00	4451.56	4461.48	4445.23	4456.35	47133
2026.01.08 00:00	4459.42	4466.21	4441.65	4448.36	38341
2026.01.08 04:00	4448.33	4449.5	4415.54	4425.41	71377
2026.01.08 08:00	4425.39	4439.53	4415.77	4432.51	62227
2026.01.08 12:00	4432.51	4435.86	4407.52	4423.64	59884
2026.01.08 16:00	4423.63	4465.37	4418.81	4463.32	81147
2026.01.08 20:00	4463.11	4479.45	4444.53	4477.26	46443
2026.01.09 00:00	4480.28	4483.71	4452.76	4468.77	35118
2026.01.09 04:00	4468.68	4476.27	4458.12	4467.96	48552
2026.01.09 08:00	4467.98	4477.38	4463.93	4471.11	43861
2026.01.09 12:00	4471.07	4491.67	4459.0	4482.58	49596
2026.01.09 16:00	4482.66	4516.94	4478.89	4484.49	82128
2026.01.09 20:00	4483.8	4511.28	4482.88	4509.06	42533
2026.01.12 00:00	4511.39	4600.89	4511.39	4569.91	55275
2026.01.12 04:00	4569.9	4584.82	4561.47	4580.63	61609
2026.01.12 08:00	4580.62	4599.21	4569.69	4588.93	58118
2026.01.12 12:00	4588.99	4620.14	4578.31	4615.65	55411
2026.01.12 16:00	4615.68	4629.99	4584.95	4616.22	82321
2026.01.12 20:00	4616.27	4618.75	4589.19	4597.37	50094
2026.01.13 00:00	4600.88	4607.75	4575.35	4577.8	42141
2026.01.13 04:00	4577.49	4601.88	4576.58	4591.98	52655
2026.01.13 08:00	4591.97	4597.11	4573.6	4585.97	47530
2026.01.13 12:00	4586.01	4620.72	4577.67	4611.41	50862
2026.01.13 16:00	4611.25	4634.41	4586.62	4590.29	82384
2026.01.13 20:00	4590.2	4601.79	4569.68	4586.33	55313
2026.01.14 00:00	4588.31	4619.91	4588.14	4619.06	37364
2026.01.14 04:00	4619.15	4639.55	4613.25	4619.41	56672
2026.01.14 08:00	4619.46	4639.47	4618.18	4630.31	55880
2026.01.14 12:00	4630.33	4641.63	4624.27	4635.6	56871
2026.01.14 16:00	4635.71	4638.81	4599.35	4614.16	94071
2026.01.14 20:00	4613.7	4642.77	4612.68	4626.44	63779
2026.01.15 00:00	4630.28	4632.63	4583.49	4599.89	49761
2026.01.15 04:00	4599.86	4614.5	4580.96	4595.08	68609
2026.01.15 08:00	4595.15	4613.38	4593.51	4612.48	56266
2026.01.15 12:00	4612.43	4623.01	4582.21	4588.13	57180
2026.01.15 16:00	4588.14	4624.7	4583.13	4616.39	81251
2026.01.15 20:00	4616.36	4621.33	4600.58	4615.78	51127
2026.01.16 00:00	4616.58	4620.68	4593.68	4600.49	42301
2026.01.16 04:00	4600.49	4616.11	4591.06	4611.3	55399
2026.01.16 08:00	4611.28	4612.14	4594.02	4600.65	47158
2026.01.16 12:00	4600.57	4615.87	4582.25	4601.76	49440
2026.01.16 16:00	4601.79	4620.03	4536.41	4581.23	89750
2026.01.16 20:00	4580.94	4598.2	4579.86	4596.51	49591
2026.01.19 00:00	4628.59	4690.42	4620.04	4657.03	55640
2026.01.19 04:00	4657.01	4674.32	4653.06	4669.83	49741
2026.01.19 08:00	4669.84	4679.05	4661.5	4668.32	43590
2026.01.19 12:00	4668.28	4673.68	4659.6	4665.99	37516
2026.01.19 16:00	4665.98	4678.68	4661.41	4676.06	39379
2026.01.19 20:00	4676.05	4680.12	4667.97	4669.99	9675
2026.01.20 00:00	4672.16	4676.78	4659.37	4669.59	30720
2026.01.20 04:00	4669.58	4716.52	4665.35	4714.34	52827
2026.01.20 08:00	4714.38	4737.28	4705.38	4732.32	54673
2026.01.20 12:00	4732.34	4738.25	4714.79	4737.03	56734
2026.01.20 16:00	4737.05	4762.47	4722.25	4758.92	81912
2026.01.20 20:00	4758.9	4766.28	4747.25	4763.46	49674
2026.01.21 00:00	4762.9	4844.17	4757.63	4835.19	39764
2026.01.21 04:00	4835.32	4878.11	4817.08	4869.81	61980
2026.01.21 08:00	4869.87	4888.52	4832.42	4860.31	60918
2026.01.21 12:00	4860.23	4880.1	4855.09	4879.19	49244
2026.01.21 16:00	4879.21	4880.76	4802.4	4826.2	103904
2026.01.21 20:00	4825.98	4853.77	4755.58	4831.16	77849
2026.01.22 00:00	4835.34	4835.34	4772.37	4797.8	44604
2026.01.22 04:00	4797.63	4821.39	4774.67	4821.21	57029
2026.01.22 08:00	4821.19	4838.06	4813.85	4822.96	49581
2026.01.22 12:00	4822.99	4836.12	4810.6	4822.11	48964
2026.01.22 16:00	4821.82	4906.09	4820.31	4904.36	80900
2026.01.22 20:00	4904.33	4940.51	4901.04	4936.24	54158
2026.01.23 00:00	4937.01	4967.15	4930.64	4953.35	40437
2026.01.23 04:00	4953.29	4967.28	4938.08	4960.61	33769
2026.01.23 08:00	4960.58	4963.06	4899.57	4918.58	54559
2026.01.23 12:00	4918.65	4947.85	4911.87	4938.91	53188
2026.01.23 16:00	4938.87	4987.91	4932.65	4965.42	80772
2026.01.23 20:00	4965.43	4989.78	4958.22	4987.96	50694
2026.01.26 00:00	5009.67	5085.37	5001.57	5070.77	60927
2026.01.26 04:00	5070.77	5092.85	5052.17	5074.37	71280
2026.01.26 08:00	5074.26	5111.1	5065.18	5083.94	66630
2026.01.26 12:00	5084.49	5096.83	5054.46	5068.58	64510
2026.01.26 16:00	5068.62	5104.82	5058.35	5100.79	97518
2026.01.26 20:00	5100.91	5103.06	4989.78	5008.08	109307
2026.01.27 00:00	5013.25	5075.66	5012.8	5059.99	53912
2026.01.27 04:00	5059.93	5085.24	5049.33	5082.76	68104
2026.01.27 08:00	5082.82	5100.49	5073.28	5098.45	64501
2026.01.27 12:00	5098.1	5098.17	5066.92	5077.5	66776
2026.01.27 16:00	5077.46	5103.07	5046.71	5081.1	105472
2026.01.27 20:00	5081.14	5190.36	5076.27	5181.0	80201
2026.01.28 00:00	5180.58	5224.96	5157.24	5204.61	58884
2026.01.28 04:00	5204.71	5266.11	5201.64	5261.05	73510
2026.01.28 08:00	5261.11	5311.3	5251.86	5278.04	70235
2026.01.28 12:00	5278.06	5289.39	5238.72	5266.34	67652
2026.01.28 16:00	5266.72	5306.83	5235.69	5297.89	100495
2026.01.28 20:00	5297.85	5419.01	5268.64	5417.68	98108
2026.01.29 00:00	5420.4	5597.84	5419.3	5545.48	79762
2026.01.29 04:00	5545.46	5564.35	5504.05	5562.3	86127
2026.01.29 08:00	5562.43	5595.3	5473.94	5513.94	86907
2026.01.29 12:00	5513.96	5542.82	5470.75	5510.35	78764
2026.01.29 16:00	5510.41	5549.54	5104.45	5334.99	130853
2026.01.29 20:00	5335.04	5425.54	5283.13	5370.76	100188
2026.01.30 00:00	5385.13	5450.76	5290.34	5301.09	69056
2026.01.30 04:00	5301.0	5312.24	5112.07	5184.92	100580
2026.01.30 08:00	5185.2	5205.44	4942.33	5013.67	106239
2026.01.30 12:00	5012.69	5145.54	4992.04	5019.29	95736
2026.01.30 16:00	5019.31	5113.03	4800.78	4849.38	126965
2026.01.30 20:00	4849.41	4947.58	4684.92	4890.34	104177
2026.02.02 00:00	4805.03	4884.67	4583.67	4737.5	80961
2026.02.02 04:00	4737.25	4772.18	4499.06	4549.2	106347
2026.02.02 08:00	4548.94	4731.63	4402.99	4719.68	106817
2026.02.02 12:00	4719.61	4812.34	4657.2	4705.96	95776
2026.02.02 16:00	4706.06	4793.93	4596.61	4673.86	115397
2026.02.02 20:00	4673.92	4712.57	4618.41	4660.72	81456
2026.02.03 00:00	4668.26	4855.93	4665.67	4841.27	69737
2026.02.03 04:00	4840.91	4841.66	4745.49	4824.91	84567
2026.02.03 08:00	4824.95	4947.94	4816.39	4916.0	75284
2026.02.03 12:00	4916.08	4950.83	4883.7	4932.6	67992
2026.02.03 16:00	4932.63	4993.53	4893.7	4929.0	107335
2026.02.03 20:00	4928.98	4963.99	4880.35	4946.89	82725
2026.02.04 00:00	4947.11	5053.4	4909.83	5046.61	61185
2026.02.04 04:00	5046.58	5090.28	5035.28	5079.3	52390
2026.02.04 08:00	5079.34	5091.58	5042.98	5059.88	57182
2026.02.04 12:00	5060.03	5064.2	5013.28	5053.8	58367
2026.02.04 16:00	5054.09	5058.79	4855.07	4897.88	114818
2026.02.04 20:00	4897.76	4970.72	4873.09	4964.75	71789
2026.02.05 00:00	4977.44	5023.73	4935.79	4958.49	56432
2026.02.05 04:00	4958.52	4961.37	4788.72	4896.08	101563
2026.02.05 08:00	4896.06	4943.56	4849.62	4855.05	86823
2026.02.05 12:00	4855.02	4894.31	4801.91	4835.22	94427
2026.02.05 16:00	4835.26	4906.28	4800.45	4868.94	119220
2026.02.05 20:00	4868.7	4875.09	4760.05	4779.55	76238
2026.02.06 00:00	4790.02	4796.0	4654.54	4774.26	76563
2026.02.06 04:00	4774.06	4897.78	4761.12	4897.51	73998
2026.02.06 08:00	4897.48	4903.13	4825.27	4866.59	69006
2026.02.06 12:00	4866.69	4938.11	4851.61	4928.73	59620
2026.02.06 16:00	4929.22	4968.36	4894.22	4960.22	83516
2026.02.06 20:00	4960.23	4971.09	4936.45	4967.36	39661
2026.02.09 00:00	4980.52	5047.18	4964.46	4982.25	53866
2026.02.09 04:00	4982.26	5041.35	4969.05	5036.5	53256
2026.02.09 08:00	5035.98	5045.54	4997.01	5007.57	55960
2026.02.09 12:00	5007.68	5024.52	4982.16	5006.9	53201
2026.02.09 16:00	5006.86	5080.28	5002.15	5046.3	70582
2026.02.09 20:00	5046.17	5086.22	5044.21	5058.41	43655
2026.02.10 00:00	5059.97	5076.07	4987.69	5032.76	48731
2026.02.10 04:00	5032.74	5056.07	5011.3	5039.08	52979
2026.02.10 08:00	5039.0	5063.17	5018.55	5046.79	49543
2026.02.10 12:00	5046.81	5058.41	5019.68	5050.86	44416
2026.02.10 16:00	5050.9	5078.47	4998.83	5026.17	75796
2026.02.10 20:00	5026.19	5045.27	5004.64	5025.21	37965
2026.02.11 00:00	5026.24	5054.6	5025.34	5052.5	28574
2026.02.11 04:00	5052.49	5063.84	5032.5	5052.75	34889
2026.02.11 08:00	5052.76	5071.85	5045.7	5062.6	38160
2026.02.11 12:00	5062.68	5118.96	5018.56	5065.64	69154
2026.02.11 16:00	5065.71	5098.89	5035.66	5091.53	101728
2026.02.11 20:00	5091.38	5094.13	5066.62	5084.25	56912
2026.02.12 00:00	5085.08	5099.92	5045.01	5063.45	43694
2026.02.12 04:00	5063.6	5078.28	5050.91	5075.46	40243
2026.02.12 08:00	5075.48	5080.53	5046.97	5073.12	41197
2026.02.12 12:00	5073.11	5083.64	5048.63	5075.26	43949
2026.02.12 16:00	5075.25	5077.65	4878.5	4940.82	113009
2026.02.12 20:00	4940.72	4957.9	4906.33	4921.49	92102
2026.02.13 00:00	4923.54	4988.53	4887.33	4980.66	52503
2026.02.13 04:00	4980.63	4997.21	4944.78	4946.23	50695
2026.02.13 08:00	4946.32	4989.33	4945.85	4970.14	54528
2026.02.13 12:00	4970.13	4999.45	4933.7	4986.85	56533
2026.02.13 16:00	4986.89	5033.74	4964.09	5020.87	102695
2026.02.13 20:00	5020.88	5045.91	5015.44	5041.88	54919
2026.02.16 00:00	5028.25	5052.14	5000.03	5028.81	32137
2026.02.16 04:00	5028.84	5031.18	4965.17	4990.57	43328
2026.02.16 08:00	4990.62	5017.1	4984.89	5013.34	31885
2026.02.16 12:00	5013.28	5017.11	4989.54	4997.1	30320
2026.02.16 16:00	4997.11	4999.39	4968.91	4991.53	38323
2026.02.16 20:00	4991.57	4997.57	4988.59	4991.64	10478
2026.02.17 00:00	4995.58	5000.87	4922.82	4957.73	35882
2026.02.17 04:00	4957.68	4970.95	4858.98	4888.62	47578
2026.02.17 08:00	4888.64	4932.45	4886.39	4925.83	43767
2026.02.17 12:00	4925.82	4944.21	4870.0	4870.68	46837
2026.02.17 16:00	4870.54	4906.95	4841.63	4864.99	112160
2026.02.17 20:00	4865.05	4910.2	4862.34	4877.12	58676
2026.02.18 00:00	4865.96	4892.9	4854.1	4889.89	29912
2026.02.18 04:00	4889.8	4940.2	4886.41	4933.23	28088
2026.02.18 08:00	4933.22	4942.09	4912.87	4917.17	30534
2026.02.18 12:00	4917.18	4969.03	4906.27	4954.25	43772
2026.02.18 16:00	4954.32	5010.75	4952.21	4999.1	66808
2026.02.18 20:00	4999.09	5003.1	4972.83	4977.07	50125
2026.02.19 00:00	4975.34	4988.67	4958.62	4972.96	25550
2026.02.19 04:00	4972.94	4998.46	4965.62	4996.8	25352
2026.02.19 08:00	4996.75	5021.83	4993.03	4995.55	32732
2026.02.19 12:00	4995.54	4998.28	4973.62	4996.89	40152
2026.02.19 16:00	4996.76	5022.14	4963.3	4984.71	77619
2026.02.19 20:00	4984.93	5004.01	4975.19	4995.98	39070
2026.02.20 00:00	4996.51	5014.63	4985.25	4996.83	23177
2026.02.20 04:00	4996.97	5011.81	4981.61	5011.8	26298
2026.02.20 08:00	5012.04	5042.44	5004.91	5027.54	38220
2026.02.20 12:00	5027.59	5048.78	5006.92	5043.44	38403
2026.02.20 16:00	5043.45	5076.19	4989.08	5072.85	92093
2026.02.20 20:00	5072.86	5107.3	5054.04	5105.25	51179
2026.02.23 00:00	5106.34	5171.78	5098.42	5157.24	45635
2026.02.23 04:00	5157.11	5176.46	5151.81	5158.08	41440
2026.02.23 08:00	5158.09	5161.37	5122.07	5149.39	43663
2026.02.23 12:00	5149.44	5165.31	5143.55	5146.15	39937
2026.02.23 16:00	5146.14	5219.05	5141.41	5207.79	92804
2026.02.23 20:00	5207.85	5237.7	5200.9	5227.61	45152
2026.02.24 00:00	5226.82	5249.5	5145.02	5177.12	51152
2026.02.24 04:00	5177.32	5191.86	5161.07	5182.57	48161
2026.02.24 08:00	5182.61	5184.69	5156.37	5171.27	48259
2026.02.24 12:00	5171.26	5181.26	5110.96	5114.82	51778
2026.02.24 16:00	5114.79	5163.65	5093.37	5163.6	88196
2026.02.24 20:00	5163.6	5173.1	5140.12	5143.79	45391
2026.02.25 00:00	5143.11	5189.81	5121.9	5176.61	40471
2026.02.25 04:00	5176.63	5210.46	5166.35	5201.66	46891
2026.02.25 08:00	5201.68	5201.72	5176.42	5193.12	39660
2026.02.25 12:00	5193.23	5195.13	5155.04	5184.99	40005
2026.02.25 16:00	5184.75	5217.45	5158.75	5206.76	65991
2026.02.25 20:00	5206.75	5208.27	5146.02	5164.65	48456
2026.02.26 00:00	5159.45	5198.19	5155.34	5191.33	46325
2026.02.26 04:00	5191.34	5205.43	5174.06	5198.14	44546
2026.02.26 08:00	5198.2	5199.48	5167.73	5186.18	45005
2026.02.26 12:00	5186.2	5189.95	5157.64	5166.17	49146
2026.02.26 16:00	5165.92	5192.66	5130.15	5167.12	104903
2026.02.26 20:00	5167.19	5200.9	5160.26	5185.01	49288
2026.02.27 00:00	5183.93	5194.86	5166.75	5193.87	35890
2026.02.27 04:00	5193.86	5200.35	5173.38	5197.72	45407
2026.02.27 08:00	5197.73	5199.04	5172.09	5175.81	43046
2026.02.27 12:00	5175.86	5240.47	5168.61	5222.94	51535
2026.02.27 16:00	5222.67	5257.65	5213.75	5234.56	98560
2026.02.27 20:00	5234.5	5280.63	5222.46	5278.53	51626
2026.03.02 00:00	5300.13	5393.28	5300.13	5324.86	60288
2026.03.02 04:00	5324.8	5366.97	5316.85	5366.05	59428
2026.03.02 08:00	5366.01	5419.09	5363.56	5391.9	65060
2026.03.02 12:00	5392.0	5416.65	5375.1	5393.78	65031
2026.03.02 16:00	5393.77	5395.03	5260.28	5306.55	110843
2026.03.02 20:00	5306.63	5346.31	5289.49	5321.73	60939
2026.03.03 00:00	5322.98	5379.73	5322.49	5339.1	37451
2026.03.03 04:00	5339.32	5375.53	5305.08	5318.92	64720
2026.03.03 08:00	5319.02	5335.75	5226.16	5274.91	80862
2026.03.03 12:00	5274.81	5288.02	5074.44	5156.69	103675
2026.03.03 16:00	5156.61	5175.34	4995.97	5079.04	121295
2026.03.03 20:00	5079.03	5148.79	5078.92	5088.22	85023
2026.03.04 00:00	5101.53	5178.27	5083.76	5174.75	49498
2026.03.04 04:00	5174.77	5190.65	5141.14	5159.76	82576
2026.03.04 08:00	5159.75	5184.89	5121.26	5182.09	70153
2026.03.04 12:00	5182.14	5205.87	5156.21	5167.76	72578
2026.03.04 16:00	5167.77	5184.95	5120.09	5140.93	103000
2026.03.04 20:00	5140.82	5146.56	5108.94	5141.16	55547
2026.03.05 00:00	5146.15	5186.16	5144.51	5172.48	31247
2026.03.05 04:00	5172.49	5194.83	5148.21	5148.44	55133
2026.03.05 08:00	5148.47	5180.32	5120.7	5160.8	73301
2026.03.05 12:00	5160.79	5171.3	5083.72	5117.88	58834
2026.03.05 16:00	5117.9	5129.73	5054.08	5062.78	115101
2026.03.05 20:00	5062.62	5094.51	5050.74	5080.82	82039
2026.03.06 00:00	5082.76	5143.6	5066.16	5134.51	44722
2026.03.06 04:00	5134.34	5141.36	5113.91	5117.09	48210
2026.03.06 08:00	5117.25	5122.89	5083.3	5085.56	55047
2026.03.06 12:00	5085.57	5130.61	5062.66	5085.01	79103
2026.03.06 16:00	5084.99	5171.49	5080.85	5140.56	105255
2026.03.06 20:00	5140.58	5175.57	5138.52	5173.16	56547
2026.03.09 00:00	5178.1	5198.81	5014.65	5069.97	84097
2026.03.09 04:00	5070.07	5140.28	5055.43	5124.11	67583
2026.03.09 08:00	5123.96	5133.82	5086.82	5105.07	64034
2026.03.09 12:00	5105.05	5111.98	5067.18	5074.0	66942
2026.03.09 16:00	5073.72	5115.92	5061.0	5095.92	84975
2026.03.09 20:00	5095.91	5147.89	5092.34	5136.55	45678
2026.03.10 00:00	5140.37	5186.08	5117.52	5184.18	67507
2026.03.10 04:00	5184.17	5186.88	5154.25	5177.89	52223
2026.03.10 08:00	5177.98	5195.02	5158.39	5182.33	55164
2026.03.10 12:00	5182.3	5228.55	5156.35	5205.26	80685
2026.03.10 16:00	5205.25	5238.41	5185.28	5227.51	85070
2026.03.10 20:00	5227.53	5227.88	5160.33	5192.67	54365
2026.03.11 00:00	5186.89	5222.93	5183.08	5208.4	51034
2026.03.11 04:00	5208.39	5220.42	5190.4	5199.5	43931
2026.03.11 08:00	5199.51	5210.74	5175.44	5187.57	58321
2026.03.11 12:00	5187.56	5196.74	5149.09	5176.74	75822
2026.03.11 16:00	5176.71	5196.22	5154.69	5169.65	86911
2026.03.11 20:00	5169.63	5183.42	5169.06	5175.9	28809
2026.03.12 00:00	5178.84	5183.38	5125.6	5168.44	54957
2026.03.12 04:00	5168.36	5175.0	5137.07	5154.4	44974
2026.03.12 08:00	5154.41	5190.18	5147.12	5188.08	47058
2026.03.12 12:00	5188.07	5191.57	5145.95	5151.04	71100
2026.03.12 16:00	5151.01	5163.5	5102.39	5105.13	100239
2026.03.12 20:00	5105.08	5112.41	5054.93	5078.93	47683
2026.03.13 00:00	5080.2	5124.17	5072.34	5124.11	41502
2026.03.13 04:00	5124.06	5128.38	5098.24	5102.93	41889
2026.03.13 08:00	5103.0	5107.6	5061.3	5089.45	65767
2026.03.13 12:00	5089.48	5121.56	5079.84	5101.37	66326
2026.03.13 16:00	5101.38	5107.73	5018.86	5046.23	107230
2026.03.13 20:00	5046.27	5051.54	5009.49	5020.22	45654
2026.03.16 00:00	5004.45	5030.79	4967.14	5015.82	84015
2026.03.16 04:00	5015.81	5025.98	4997.66	5017.3	50895
2026.03.16 08:00	5017.25	5035.85	4972.64	4975.18	62225
2026.03.16 12:00	4975.17	5034.22	4969.94	5029.6	74883
2026.03.16 16:00	5029.61	5037.82	4973.89	4991.12	89567
2026.03.16 20:00	4991.11	5021.43	4989.86	5006.15	39501
2026.03.17 00:00	5007.63	5027.67	4994.64	5027.67	43442
2026.03.17 04:00	5027.61	5044.26	5019.76	5020.54	36721
2026.03.17 08:00	5020.59	5029.45	5005.04	5010.31	52736
2026.03.17 12:00	5010.22	5031.29	4991.71	5016.42	62746
2026.03.17 16:00	5016.4	5020.36	4973.39	5002.32	83456
2026.03.17 20:00	5002.33	5008.9	4996.28	5005.41	28889
2026.03.18 00:00	5005.77	5015.77	4991.18	4998.5	29910
2026.03.18 04:00	4998.53	5006.82	4981.56	4997.56	37665
2026.03.18 08:00	4997.53	5016.06	4977.13	4991.97	41584
2026.03.18 12:00	4992.0	4992.05	4834.05	4878.0	94609
2026.03.18 16:00	4877.97	4898.74	4856.43	4890.58	88432
2026.03.18 20:00	4890.07	4899.15	4806.63	4818.68	63155
2026.03.19 00:00	4824.26	4866.9	4804.1	4849.8	62718
2026.03.19 04:00	4849.78	4865.86	4826.83	4827.33	50080
2026.03.19 08:00	4827.32	4841.93	4686.63	4698.77	100197
2026.03.19 12:00	4698.78	4719.57	4502.46	4620.73	110308
2026.03.19 16:00	4620.75	4649.06	4566.16	4615.95	118191
2026.03.19 20:00	4615.96	4663.24	4596.14	4650.19	62925
2026.03.20 00:00	4650.89	4699.21	4633.97	4677.23	63951
2026.03.20 04:00	4677.15	4735.57	4670.17	4688.22	61334
2026.03.20 08:00	4688.24	4734.68	4659.8	4667.48	77690
2026.03.20 12:00	4667.49	4695.35	4612.64	4616.25	98636
2026.03.20 16:00	4616.23	4622.29	4540.43	4573.27	121368
2026.03.20 20:00	4573.34	4578.26	4477.13	4497.39	71218
2026.03.23 00:00	4448.11	4535.46	4319.51	4387.42	100180
2026.03.23 04:00	4388.01	4421.86	4302.34	4310.07	98862
2026.03.23 08:00	4309.91	4310.08	4098.6	4253.44	128067
2026.03.23 12:00	4253.78	4492.26	4240.85	4453.94	126350
2026.03.23 16:00	4453.88	4512.73	4351.04	4426.07	132052
2026.03.23 20:00	4426.04	4466.81	4382.74	4406.65	64567
2026.03.24 00:00	4413.78	4448.15	4308.04	4321.94	95745
2026.03.24 04:00	4321.95	4379.09	4305.8	4347.18	103494
2026.03.24 08:00	4347.09	4432.41	4342.71	4426.16	104437
2026.03.24 12:00	4426.2	4441.89	4351.26	4381.32	107791
2026.03.24 16:00	4381.3	4433.52	4372.11	4388.34	104202
2026.03.24 20:00	4388.41	4484.09	4383.86	4474.3	60704
2026.03.25 00:00	4471.88	4600.92	4455.77	4594.82	64098
2026.03.25 04:00	4594.87	4602.2	4549.37	4555.55	50659
2026.03.25 08:00	4555.51	4567.64	4527.67	4551.65	53250
2026.03.25 12:00	4551.64	4585.81	4521.61	4544.64	69166
2026.03.25 16:00	4544.74	4579.05	4524.88	4550.58	78624
2026.03.25 20:00	4550.51	4568.72	4486.99	4506.31	41700
2026.03.26 00:00	4510.74	4543.86	4488.88	4535.2	42999
2026.03.26 04:00	4535.29	4535.58	4438.5	4438.71	42024
2026.03.26 08:00	4438.76	4463.6	4412.32	4423.61	73845
2026.03.26 12:00	4423.6	4460.43	4416.42	4452.46	69470
2026.03.26 16:00	4452.5	4479.18	4366.67	4381.43	88428
2026.03.26 20:00	4381.35	4420.55	4350.91	4377.98	48098
2026.03.27 00:00	4378.21	4420.47	4375.15	4417.03	42561
2026.03.27 04:00	4417.08	4475.23	4416.77	4454.28	37996
2026.03.27 08:00	4454.22	4472.76	4420.67	4428.79	47492
2026.03.27 12:00	4428.78	4445.02	4404.23	4431.32	54782
2026.03.27 16:00	4430.95	4555.22	4430.33	4486.31	88541
2026.03.27 20:00	4486.5	4528.52	4486.39	4495.1	42705
2026.03.30 00:00	4492.98	4513.76	4419.53	4432.09	58152
2026.03.30 04:00	4432.05	4517.23	4431.6	4496.57	85855
2026.03.30 08:00	4496.6	4550.5	4496.6	4538.1	83754
2026.03.30 12:00	4538.16	4580.53	4523.47	4569.29	80034
2026.03.30 16:00	4569.31	4578.62	4512.35	4539.61	116263
2026.03.30 20:00	4539.48	4542.09	4492.84	4510.86	89280
2026.03.31 00:00	4513.91	4548.11	4482.57	4547.62	41721
2026.03.31 04:00	4547.22	4619.29	4531.78	4564.53	67955
2026.03.31 08:00	4564.27	4581.51	4543.56	4568.37	66718
2026.03.31 12:00	4568.39	4597.43	4529.31	4574.62	95503
2026.03.31 16:00	4574.64	4651.52	4567.61	4638.05	110329
2026.03.31 20:00	4638.04	4686.93	4636.23	4667.1	87702
2026.04.01 00:00	4671.3	4722.36	4661.52	4710.69	48119
2026.04.01 04:00	4710.69	4724.07	4666.93	4676.21	65871
2026.04.01 08:00	4676.22	4747.63	4674.7	4728.46	78176
2026.04.01 12:00	4728.48	4762.85	4712.98	4724.51	69436
2026.04.01 16:00	4724.6	4790.55	4716.12	4787.09	97787
2026.04.01 20:00	4786.9	4792.83	4741.88	4758.03	69391
2026.04.02 00:00	4758.02	4800.13	4752.68	4784.43	40827
2026.04.02 04:00	4784.44	4786.38	4650.94	4672.44	96707
2026.04.02 08:00	4672.45	4680.44	4553.59	4620.66	95845
2026.04.02 12:00	4620.64	4634.89	4592.56	4601.73	77805
2026.04.02 16:00	4601.79	4699.23	4580.69	4658.88	123748
2026.04.02 20:00	4658.93	4681.61	4645.65	4675.94	62244
2026.04.06 00:00	4648.57	4665.62	4600.72	4622.2	53895
2026.04.06 04:00	4622.42	4671.78	4620.37	4658.85	64442
2026.04.06 08:00	4658.86	4698.0	4643.6	4695.63	55331
2026.04.06 12:00	4695.83	4706.46	4659.64	4675.71	54012
2026.04.06 16:00	4675.71	4697.47	4651.94	4660.22	88504
2026.04.06 20:00	4660.24	4666.42	4645.39	4650.31	48346
2026.04.07 00:00	4651.18	4668.0	4648.88	4654.76	29142
2026.04.07 04:00	4654.74	4664.31	4616.34	4659.52	70225
2026.04.07 08:00	4660.27	4690.68	4622.96	4682.67	74249
2026.04.07 12:00	4682.66	4694.4	4628.67	4651.48	78629
2026.04.07 16:00	4651.52	4668.56	4607.31	4656.93	105860
2026.04.07 20:00	4656.91	4718.44	4653.74	4705.48	79639
2026.04.08 00:00	4719.9	4857.5	4712.92	4817.69	75691
2026.04.08 04:00	4817.68	4825.18	4787.88	4803.42	69193
2026.04.08 08:00	4803.4	4843.65	4790.14	4793.68	65978
2026.04.08 12:00	4793.64	4807.04	4769.05	4799.49	62177
2026.04.08 16:00	4799.5	4806.54	4732.12	4760.37	97807
2026.04.08 20:00	4760.31	4764.25	4699.53	4719.13	66542
2026.04.09 00:00	4719.67	4733.95	4698.58	4706.65	40220
2026.04.09 04:00	4706.36	4732.82	4699.42	4720.77	59041
2026.04.09 08:00	4720.83	4732.98	4703.44	4726.11	57839
2026.04.09 12:00	4726.06	4759.51	4722.8	4745.85	50042
2026.04.09 16:00	4745.88	4800.94	4738.57	4788.69	91167
2026.04.09 20:00	4788.74	4801.14	4760.82	4765.48	55701
2026.04.10 00:00	4766.5	4780.33	4750.62	4762.62	23879
2026.04.10 04:00	4762.64	4776.92	4737.89	4758.46	52193
2026.04.10 08:00	4758.5	4769.04	4730.49	4740.57	48684
2026.04.10 12:00	4740.62	4782.14	4740.52	4771.62	50494
2026.04.10 16:00	4771.65	4794.98	4747.47	4763.67	85135
2026.04.10 20:00	4763.75	4773.12	4741.03	4749.21	43314
2026.04.13 00:00	4690.26	4698.31	4643.71	4695.46	49926
2026.04.13 04:00	4694.66	4727.94	4693.62	4722.98	62759
2026.04.13 08:00	4723.04	4739.88	4716.27	4723.18	61441
2026.04.13 12:00	4723.17	4728.99	4703.51	4723.34	53522
2026.04.13 16:00	4723.26	4746.04	4700.19	4732.94	95720
2026.04.13 20:00	4732.95	4750.02	4723.15	4740.04	47958
2026.04.14 00:00	4744.11	4775.61	4744.11	4769.81	28316
2026.04.14 04:00	4769.79	4777.16	4761.64	4774.04	45720
2026.04.14 08:00	4774.05	4796.17	4757.85	4786.74	58291
2026.04.14 12:00	4786.86	4789.15	4752.23	4771.19	53172
2026.04.14 16:00	4771.21	4820.16	4770.94	4810.07	84351
2026.04.14 20:00	4810.04	4846.16	4809.36	4841.53	45161
2026.04.15 00:00	4840.29	4850.74	4827.15	4835.28	30864
2026.04.15 04:00	4835.27	4871.17	4816.83	4824.88	57345
2026.04.15 08:00	4824.95	4830.19	4803.94	4818.35	55990
2026.04.15 12:00	4818.32	4819.4	4786.08	4811.49	60705
2026.04.15 16:00	4811.4	4830.38	4786.88	4803.76	80279
2026.04.15 20:00	4803.74	4808.61	4787.62	4790.56	44214
2026.04.16 00:00	4792.78	4837.52	4790.76	4832.97	27974
2026.04.16 04:00	4832.89	4836.22	4811.17	4832.93	44476
2026.04.16 08:00	4833.02	4838.2	4806.54	4813.73	55011
2026.04.16 12:00	4813.71	4822.98	4804.98	4816.07	45476
2026.04.16 16:00	4816.09	4823.86	4773.02	4791.77	89459
2026.04.16 20:00	4791.9	4798.44	4781.16	4790.57	49049
2026.04.17 00:00	4792.27	4801.06	4785.76	4794.75	23512
2026.04.17 04:00	4794.74	4804.41	4767.56	4802.86	46964
2026.04.17 08:00	4802.78	4806.11	4778.51	4795.71	45532
2026.04.17 12:00	4795.7	4847.57	4782.12	4846.16	49543
2026.04.17 16:00	4846.15	4889.24	4834.75	4866.82	99944
2026.04.17 20:00	4866.84	4869.45	4829.82	4832.88	64734
2026.04.20 00:00	4792.25	4794.37	4736.73	4772.27	47242
2026.04.20 04:00	4772.18	4814.22	4771.14	4788.79	51198
2026.04.20 08:00	4788.73	4805.57	4779.55	4796.06	56478
2026.04.20 12:00	4796.09	4822.01	4783.29	4803.24	48040
2026.04.20 16:00	4803.25	4827.47	4792.54	4805.45	82667
2026.04.20 20:00	4805.59	4821.8	4803.72	4820.51	40355
2026.04.21 00:00	4822.22	4833.08	4816.75	4823.9	29037
2026.04.21 04:00	4823.84	4824.36	4788.61	4789.04	43327
2026.04.21 08:00	4789.16	4796.93	4772.6	4785.82	55288
2026.04.21 12:00	4785.81	4797.87	4766.28	4778.64	47936
2026.04.21 16:00	4778.59	4794.21	4708.12	4710.91	100001
2026.04.21 20:00	4710.98	4722.01	4668.29	4719.88	86491
2026.04.22 00:00	4720.87	4747.32	4715.48	4739.77	28379
2026.04.22 04:00	4739.76	4764.94	4735.88	4754.45	41757
2026.04.22 08:00	4754.44	4772.12	4751.66	4756.84	47968
2026.04.22 12:00	4756.86	4762.32	4742.77	4744.09	43372
2026.04.22 16:00	4744.13	4760.78	4723.72	4728.5	81617
2026.04.22 20:00	4728.51	4749.27	4728.38	4739.96	43494
2026.04.23 00:00	4741.69	4753.37	4693.89	4747.95	36467
2026.04.23 04:00	4747.62	4749.74	4698.04	4704.21	63134
2026.04.23 08:00	4704.15	4724.76	4692.46	4703.19	53037
2026.04.23 12:00	4703.16	4742.97	4684.13	4739.93	54265
2026.04.23 16:00	4740.06	4741.11	4715.42	4732.86	77418
2026.04.23 20:00	4732.92	4734.4	4664.08	4694.3	82491
2026.04.24 00:00	4700.85	4707.71	4686.73	4704.45	30833
2026.04.24 04:00	4704.46	4710.92	4657.5	4674.35	52809
2026.04.24 08:00	4674.39	4697.25	4666.68	4690.68	46509
2026.04.24 12:00	4690.74	4717.29	4674.41	4700.54	57350
2026.04.24 16:00	4700.88	4740.21	4689.62	4726.6	86875
2026.04.24 20:00	4726.6	4729.84	4704.79	4708.08	46505
2026.04.27 00:00	4697.46	4703.28	4671.94	4697.66	35219
2026.04.27 04:00	4697.72	4729.8	4690.7	4724.79	51460
2026.04.27 08:00	4724.85	4725.3	4705.24	4706.65	47405
2026.04.27 12:00	4706.67	4712.49	4696.67	4699.02	39497
2026.04.27 16:00	4699.0	4703.28	4667.05	4676.48	78286
2026.04.27 20:00	4676.54	4686.01	4668.11	4681.67	41224
2026.04.28 00:00	4683.58	4701.08	4682.23	4690.44	25074
2026.04.28 04:00	4690.36	4691.3	4666.13	4667.49	42179
2026.04.28 08:00	4667.53	4667.84	4614.72	4629.49	64307
2026.04.28 12:00	4629.46	4629.84	4554.75	4593.63	71438
2026.04.28 16:00	4593.59	4594.74	4557.18	4592.1	99625
2026.04.28 20:00	4592.06	4601.3	4587.13	4596.93	52698
2026.04.29 00:00	4597.78	4610.26	4587.83	4600.09	22889
2026.04.29 04:00	4600.1	4605.51	4575.55	4604.64	48153
2026.04.29 08:00	4604.61	4607.55	4557.1	4573.01	55133
2026.04.29 12:00	4573.05	4580.71	4542.05	4544.78	53963
2026.04.29 16:00	4544.94	4564.71	4510.0	4545.38	89796
2026.04.29 20:00	4545.42	4554.37	4518.06	4543.4	86639
2026.04.30 00:00	4545.38	4574.07	4539.22	4569.76	36273
2026.04.30 04:00	4569.72	4582.38	4540.86	4541.87	54729
2026.04.30 08:00	4541.85	4629.48	4541.71	4616.13	64549
2026.04.30 12:00	4616.25	4646.91	4614.26	4639.41	71665
2026.04.30 16:00	4639.43	4645.77	4605.24	4607.33	90553
2026.04.30 20:00	4607.5	4627.23	4607.46	4621.61	56297
2026.05.01 00:00	4625.5	4636.03	4618.28	4619.48	34172
2026.05.01 04:00	4619.53	4635.85	4608.98	4609.01	41651
2026.05.01 08:00	4608.99	4616.01	4564.98	4568.69	47839
2026.05.01 12:00	4568.89	4607.38	4560.02	4590.97	49778
2026.05.01 16:00	4590.95	4660.14	4586.41	4638.69	78640
2026.05.01 20:00	4638.72	4642.54	4606.84	4613.55	54207
2026.05.04 00:00	4631.5	4636.36	4601.44	4612.82	38560
2026.05.04 04:00	4612.76	4618.39	4591.0	4605.97	43355
2026.05.04 08:00	4605.99	4613.0	4573.66	4576.86	56177
2026.05.04 12:00	4576.77	4584.33	4525.86	4568.2	69470
2026.05.04 16:00	4568.18	4583.05	4500.55	4510.54	93771
2026.05.04 20:00	4510.51	4531.47	4509.67	4523.63	44162
2026.05.05 00:00	4523.62	4530.13	4513.43	4529.77	16951
2026.05.05 04:00	4529.54	4546.7	4525.37	4533.38	31039
2026.05.05 08:00	4533.3	4559.5	4531.13	4558.33	43121
2026.05.05 12:00	4558.57	4574.42	4539.83	4564.46	44694
2026.05.05 16:00	4564.19	4586.47	4553.66	4561.07	63695
2026.05.05 20:00	4561.08	4565.71	4551.47	4557.35	31689
2026.05.06 00:00	4560.08	4619.95	4546.13	4618.6	43670
2026.05.06 04:00	4618.59	4653.45	4609.26	4648.64	46002
2026.05.06 08:00	4648.75	4702.61	4644.47	4700.0	46830
2026.05.06 12:00	4700.34	4722.85	4660.17	4683.14	71674
2026.05.06 16:00	4683.11	4717.33	4668.49	4682.99	75676
2026.05.06 20:00	4682.98	4699.93	4678.7	4690.83	38029
2026.05.07 00:00	4692.97	4701.07	4685.37	4688.37	20490
2026.05.07 04:00	4688.38	4721.35	4684.98	4696.23	41933
2026.05.07 08:00	4696.19	4753.25	4694.55	4730.87	56102
2026.05.07 12:00	4730.91	4752.44	4721.55	4749.89	50681
2026.05.07 16:00	4749.92	4764.62	4704.46	4714.9	89928
2026.05.07 20:00	4714.94	4719.46	4686.17	4687.01	70820
2026.05.08 00:00	4680.23	4709.35	4676.87	4701.13	33824
2026.05.08 04:00	4701.03	4732.63	4700.32	4710.87	46476
2026.05.08 08:00	4710.85	4734.55	4697.01	4715.47	51032
2026.05.08 12:00	4715.48	4731.87	4702.76	4724.25	47952
2026.05.08 16:00	4723.92	4749.37	4701.73	4712.23	77830
2026.05.08 20:00	4712.26	4728.83	4712.0	4714.91	38786
2026.05.11 00:00	4681.25	4700.59	4670.12	4683.33	39315
2026.05.11 04:00	4683.42	4705.43	4668.33	4671.93	65286
2026.05.11 08:00	4671.92	4680.52	4647.99	4667.41	53218
2026.05.11 12:00	4667.42	4700.8	4650.35	4699.78	49136
2026.05.11 16:00	4700.1	4748.42	4698.56	4716.33	78349
2026.05.11 20:00	4716.32	4738.41	4715.79	4734.61	38904
2026.05.12 00:00	4737.49	4773.33	4737.08	4749.1	35374
2026.05.12 04:00	4749.14	4755.31	4711.02	4713.98	56793
2026.05.12 08:00	4713.88	4722.04	4687.25	4703.31	59345
2026.05.12 12:00	4703.29	4711.49	4685.03	4705.59	54378
2026.05.12 16:00	4705.51	4708.82	4638.14	4671.01	87196
2026.05.12 20:00	4671.26	4719.15	4671.15	4715.05	51144
2026.05.13 00:00	4715.49	4726.79	4711.66	4714.32	30598
2026.05.13 04:00	4714.63	4716.92	4687.43	4699.43	54219
2026.05.13 08:00	4699.44	4715.24	4693.43	4700.48	49413
2026.05.13 12:00	4700.51	4710.16	4675.95	4683.61	51478
2026.05.13 16:00	4683.42	4709.73	4669.25	4695.46	74288
2026.05.13 20:00	4695.51	4701.15	4677.4	4688.65	41010
2026.05.14 00:00	4692.19	4706.59	4688.76	4704.8	27236
2026.05.14 04:00	4704.82	4712.54	4668.48	4702.24	71766
2026.05.14 08:00	4702.27	4718.61	4686.08	4693.14	58802
2026.05.14 12:00	4693.22	4709.88	4688.32	4704.68	51348
2026.05.14 16:00	4704.64	4707.52	4666.49	4678.34	77829
2026.05.14 20:00	4678.33	4682.93	4644.25	4652.2	44876
2026.05.15 00:00	4652.57	4665.11	4613.39	4629.96	39525
2026.05.15 04:00	4630.13	4631.35	4604.18	4605.68	74630
2026.05.15 08:00	4605.99	4606.26	4549.99	4554.18	82003
2026.05.15 12:00	4554.1	4572.33	4531.8	4545.82	69398
2026.05.15 16:00	4545.77	4566.38	4511.57	4544.2	93312
2026.05.15 20:00	4544.23	4564.33	4533.0	4539.56	53968
2026.05.18 00:00	4529.44	4554.36	4480.17	4515.82	47119
2026.05.18 04:00	4514.66	4549.73	4489.33	4540.56	75661
2026.05.18 08:00	4540.55	4559.77	4529.59	4549.82	66509
2026.05.18 12:00	4549.68	4574.64	4529.81	4571.15	62696
2026.05.18 16:00	4571.17	4584.05	4531.57	4550.05	90104
2026.05.18 20:00	4549.76	4566.5	4534.09	4565.97	55906
2026.05.19 00:00	4568.23	4589.03	4561.12	4563.03	32342
2026.05.19 04:00	4562.76	4572.24	4537.83	4542.32	57853
2026.05.19 08:00	4542.35	4559.17	4530.77	4542.62	59561
2026.05.19 12:00	4542.55	4547.8	4525.36	4536.97	53613
2026.05.19 16:00	4537.03	4537.23	4464.39	4507.5	89895
2026.05.19 20:00	4507.42	4510.88	4480.76	4481.88	47028
2026.05.20 00:00	4481.99	4508.68	4477.16	4500.78	34343
2026.05.20 04:00	4500.85	4506.13	4453.46	4461.91	64614
2026.05.20 08:00	4461.83	4489.95	4461.34	4483.95	61208
2026.05.20 12:00	4483.94	4505.18	4472.6	4496.04	47923
2026.05.20 16:00	4496.03	4552.64	4466.91	4534.13	98129
2026.05.20 20:00	4534.29	4550.19	4529.33	4543.49	52233
2026.05.21 00:00	4544.77	4553.08	4534.44	4545.11	31255
2026.05.21 04:00	4545.09	4570.65	4527.1	4538.27	51966
2026.05.21 08:00	4538.28	4540.12	4511.84	4532.32	67723
2026.05.21 12:00	4532.28	4542.61	4502.34	4503.89	70582
2026.05.21 16:00	4503.94	4520.92	4488.42	4519.28	95453
2026.05.21 20:00	4519.43	4559.17	4513.98	4543.0	73564
2026.05.22 00:00	4544.77	4545.85	4525.46	4526.57	21774
2026.05.22 04:00	4526.53	4536.1	4518.31	4527.1	46440
2026.05.22 08:00	4527.06	4534.08	4507.15	4521.73	60134
2026.05.22 12:00	4521.68	4536.68	4510.04	4528.0	59708
2026.05.22 16:00	4528.32	4534.21	4491.73	4514.77	83966
2026.05.22 20:00	4514.88	4527.68	4503.75	4507.29	47598
2026.05.25 00:00	4534.6	4579.76	4533.39	4569.22	43704
2026.05.25 04:00	4569.21	4576.23	4556.51	4564.67	47781
2026.05.25 08:00	4564.65	4565.84	4550.33	4555.85	46521
2026.05.25 12:00	4555.91	4576.8	4552.68	4567.49	38210
2026.05.25 16:00	4567.5	4574.5	4559.87	4573.43	40763
2026.05.25 20:00	4573.3	4577.65	4563.14	4567.58	6100
2026.05.26 00:00	4569.68	4580.05	4539.44	4549.36	32393
2026.05.26 04:00	4549.4	4549.8	4523.26	4525.32	44982
2026.05.26 08:00	4525.3	4538.81	4519.94	4523.55	52707
2026.05.26 12:00	4523.68	4540.35	4500.38	4520.23	61434
2026.05.26 16:00	4520.21	4531.2	4499.72	4504.73	75415
2026.05.26 20:00	4504.76	4510.51	4482.42	4507.29	42381
2026.05.27 00:00	4510.12	4538.88	4495.94	4514.98	34269
2026.05.27 04:00	4514.97	4520.99	4495.63	4510.03	46282
2026.05.27 08:00	4510.01	4513.75	4475.61	4497.72	56093
2026.05.27 12:00	4497.63	4497.63	4424.8	4438.68	63290
2026.05.27 16:00	4438.66	4455.36	4401.14	4450.64	83390
2026.05.27 20:00	4450.68	4458.64	4441.31	4456.13	34234
2026.05.28 00:00	4456.65	4465.58	4443.72	4456.89	32649
2026.05.28 04:00	4456.9	4458.56	4366.27	4372.82	79050
2026.05.28 08:00	4372.84	4395.93	4367.07	4386.76	55215
2026.05.28 12:00	4386.63	4433.52	4375.13	4431.95	53264
2026.05.28 16:00	4432.45	4510.86	4417.95	4510.84	89370
2026.05.28 20:00	4510.93	4516.36	4494.72	4495.55	43110
2026.05.29 00:00	4495.81	4500.37	4488.9	4495.94	24540
2026.05.29 04:00	4495.97	4520.5	4492.29	4513.91	54353
2026.05.29 08:00	4513.92	4525.93	4502.51	4514.69	46550
2026.05.29 12:00	4514.74	4543.1	4512.58	4522.8	48433
2026.05.29 16:00	4522.95	4595.04	4516.9	4566.78	86508
2026.05.29 20:00	4566.81	4568.36	4539.12	4540.24	42663
2026.06.01 00:00	4524.12	4545.69	4516.54	4540.66	26096
2026.06.01 04:00	4540.61	4541.31	4508.52	4514.25	40757
2026.06.01 08:00	4514.28	4525.04	4490.54	4497.85	47096
2026.06.01 12:00	4497.91	4512.75	4489.0	4502.05	44561
2026.06.01 16:00	4502.63	4503.67	4447.5	4479.89	83319
2026.06.01 20:00	4479.84	4495.33	4471.29	4484.61	40316
2026.06.02 00:00	4486.25	4496.96	4476.53	4481.22	22357
2026.06.02 04:00	4481.1	4518.04	4462.83	4517.22	54469
2026.06.02 08:00	4517.2	4541.29	4515.03	4526.56	46566
2026.06.02 12:00	4526.57	4535.62	4513.3	4514.56	38367
2026.06.02 16:00	4514.83	4524.59	4486.2	4491.73	67067
2026.06.02 20:00	4491.74	4492.85	4478.57	4487.73	34247
2026.06.03 00:00	4490.16	4496.62	4462.04	4486.0	32192
2026.06.03 04:00	4485.78	4487.94	4463.15	4469.16	48648
2026.06.03 08:00	4469.21	4474.05	4440.05	4443.81	52137
2026.06.03 12:00	4443.62	4467.86	4438.81	4460.12	53203
2026.06.03 16:00	4460.1	4465.58	4425.93	4441.68	75995
2026.06.03 20:00	4441.91	4452.06	4430.15	4434.18	40499
2026.06.04 00:00	4438.44	4465.26	4423.83	4448.22	54699
2026.06.04 04:00	4448.25	4483.89	4442.91	4480.86	81540
2026.06.04 08:00	4480.87	4482.23	4458.36	4463.16	53765
2026.06.04 12:00	4463.18	4514.5	4460.8	4503.95	57368
2026.06.04 16:00	4503.88	4515.2	4457.14	4482.59	75644
2026.06.04 20:00	4482.54	4483.22	4472.63	4475.17	29977
2026.06.05 00:00	4475.46	4481.39	4450.47	4459.08	44580
2026.06.05 04:00	4459.13	4469.87	4435.07	4444.83	81400
2026.06.05 08:00	4444.79	4468.04	4428.5	4462.58	62338
2026.06.05 12:00	4462.48	4475.7	4404.64	4405.93	52600
2026.06.05 16:00	4406.32	4420.89	4323.34	4344.45	112113
2026.06.05 20:00	4344.51	4347.17	4311.58	4328.58	81978
2026.06.08 00:00	4325.16	4353.16	4308.96	4342.03	44938
2026.06.08 04:00	4342.18	4345.76	4299.91	4312.48	85683
2026.06.08 08:00	4312.45	4316.69	4268.45	4288.61	75874
2026.06.08 12:00	4288.61	4339.25	4272.82	4332.96	64852
2026.06.08 16:00	4332.79	4346.45	4314.67	4340.53	87453
2026.06.08 20:00	4340.54	4345.73	4323.13	4329.76	51748
2026.06.09 00:00	4332.66	4333.04	4312.63	4319.59	36842
2026.06.09 04:00	4319.59	4342.04	4318.45	4332.14	72912
2026.06.09 08:00	4332.16	4351.33	4321.06	4326.41	59935
2026.06.09 12:00	4326.47	4343.98	4324.05	4341.21	41622
2026.06.09 16:00	4341.39	4363.18	4236.51	4251.87	116145
2026.06.09 20:00	4252.15	4274.08	4249.76	4259.26	80001
2026.06.10 00:00	4254.02	4257.5	4198.85	4217.96	49841
2026.06.10 04:00	4217.97	4218.72	4172.31	4174.68	85319
2026.06.10 08:00	4174.73	4221.89	4161.25	4168.79	73166
2026.06.10 12:00	4168.8	4179.32	4130.5	4146.77	84393
2026.06.10 16:00	4146.85	4186.07	4106.72	4121.88	113791
2026.06.10 20:00	4121.87	4134.82	4067.02	4071.08	79747
2026.06.11 00:00	4071.49	4077.88	4023.73	4075.61	62705
2026.06.11 04:00	4075.63	4117.84	4052.32	4082.45	91845
2026.06.11 08:00	4082.53	4112.39	4072.44	4084.34	65551
2026.06.11 12:00	4084.37	4096.24	4057.41	4081.67	60217
2026.06.11 16:00	4081.87	4107.46	4052.7	4080.07	106856
2026.06.11 20:00	4080.03	4219.99	4071.81	4210.52	96171
2026.06.12 00:00	4214.47	4246.13	4200.53	4208.06	58016
2026.06.12 04:00	4208.11	4210.84	4171.18	4189.78	77220
2026.06.12 08:00	4189.77	4225.77	4170.02	4219.49	73887
2026.06.12 12:00	4219.52	4227.84	4188.36	4191.56	66051
2026.06.12 16:00	4191.55	4235.36	4176.96	4215.86	106292
2026.06.12 20:00	4215.85	4235.27	4201.64	4218.74	56646
2026.06.15 00:00	4273.27	4308.81	4261.75	4292.41	38519
2026.06.15 04:00	4292.42	4335.24	4285.33	4328.09	52451
2026.06.15 08:00	4328.08	4345.27	4300.71	4334.04	49138
2026.06.15 12:00	4334.06	4349.21	4324.37	4348.84	43309
2026.06.15 16:00	4348.87	4369.14	4334.42	4339.09	72047
2026.06.15 20:00	4339.03	4339.03	4306.25	4308.92	39080
2026.06.16 00:00	4308.88	4320.56	4305.82	4319.02	26229
2026.06.16 04:00	4319.05	4332.95	4307.42	4322.29	58017
2026.06.16 08:00	4322.28	4347.79	4313.33	4346.78	48169
2026.06.16 12:00	4346.81	4354.88	4334.95	4354.51	41059
2026.06.16 16:00	4354.48	4354.7	4313.11	4340.43	78053
2026.06.16 20:00	4340.39	4342.73	4325.09	4330.97	42871
2026.06.17 00:00	4332.54	4341.4	4328.37	4336.89	14298
2026.06.17 04:00	4336.9	4349.56	4317.26	4326.59	61323
2026.06.17 08:00	4326.69	4333.85	4316.76	4324.62	45926
2026.06.17 12:00	4324.54	4335.46	4319.59	4333.46	37613
2026.06.17 16:00	4333.43	4366.28	4323.92	4359.28	68599
2026.06.17 20:00	4359.31	4382.08	4218.82	4257.56	97456
2026.06.18 00:00	4256.6	4315.17	4254.19	4308.25	41640
2026.06.18 04:00	4308.27	4329.62	4306.74	4315.73	73828
2026.06.18 08:00	4315.57	4324.4	4265.43	4266.57	62279
2026.06.18 12:00	4266.76	4273.1	4239.68	4246.46	65311
2026.06.18 16:00	4246.43	4276.5	4213.8	4219.24	91627
2026.06.18 20:00	4219.32	4232.99	4201.28	4208.84	52330
2026.06.19 00:00	4210.95	4213.05	4184.01	4190.16	32334
2026.06.19 04:00	4190.23	4194.37	4124.98	4125.62	61579
2026.06.19 08:00	4125.51	4178.41	4121.48	4168.92	59976
2026.06.19 12:00	4168.91	4179.7	4141.71	4178.87	55889
2026.06.19 16:00	4178.9	4182.72	4142.44	4151.32	50944
